-- Adminer 4.7.5 MySQL dump

SET NAMES utf8;
SET time_zone = '+00:00';
SET foreign_key_checks = 0;
SET sql_mode = 'NO_AUTO_VALUE_ON_ZERO';

DELIMITER ;;

DROP FUNCTION IF EXISTS `get_url_path_of_category`;;
CREATE FUNCTION `get_url_path_of_category`(
                categoryId INT,
                localeCode VARCHAR(255)
            ) RETURNS varchar(255) CHARSET latin1
    DETERMINISTIC
BEGIN

                DECLARE urlPath VARCHAR(255);

                IF NOT EXISTS (
                    SELECT id
                    FROM categories
                    WHERE
                        id = categoryId
                        AND parent_id IS NULL
                )
                THEN
                    SELECT
                        GROUP_CONCAT(parent_translations.slug SEPARATOR '/') INTO urlPath
                    FROM
                        categories AS node,
                        categories AS parent
                        JOIN category_translations AS parent_translations ON parent.id = parent_translations.category_id
                    WHERE
                        node._lft >= parent._lft
                        AND node._rgt <= parent._rgt
                        AND node.id = categoryId
                        AND node.parent_id IS NOT NULL
                        AND parent.parent_id IS NOT NULL
                        AND parent_translations.locale = localeCode
                    GROUP BY
                        node.id;

                    IF urlPath IS NULL
                    THEN
                        SET urlPath = (SELECT slug FROM category_translations WHERE category_translations.category_id = categoryId);
                    END IF;
                 ELSE
                    SET urlPath = '';
                 END IF;

                 RETURN urlPath;
            END;;

DELIMITER ;

SET NAMES utf8mb4;

DROP TABLE IF EXISTS `admins`;
CREATE TABLE `admins` (
  `id` int(10) unsigned NOT NULL AUTO_INCREMENT,
  `name` varchar(191) COLLATE utf8mb4_unicode_ci NOT NULL,
  `email` varchar(191) COLLATE utf8mb4_unicode_ci NOT NULL,
  `password` varchar(191) COLLATE utf8mb4_unicode_ci DEFAULT NULL,
  `api_token` varchar(80) COLLATE utf8mb4_unicode_ci DEFAULT NULL,
  `status` tinyint(1) NOT NULL DEFAULT '0',
  `role_id` int(10) unsigned NOT NULL,
  `remember_token` varchar(100) COLLATE utf8mb4_unicode_ci DEFAULT NULL,
  `created_at` timestamp NULL DEFAULT NULL,
  `updated_at` timestamp NULL DEFAULT NULL,
  PRIMARY KEY (`id`),
  UNIQUE KEY `admins_email_unique` (`email`),
  UNIQUE KEY `admins_api_token_unique` (`api_token`)
) ENGINE=InnoDB DEFAULT CHARSET=utf8mb4 COLLATE=utf8mb4_unicode_ci ROW_FORMAT=DYNAMIC;

INSERT INTO `admins` (`id`, `name`, `email`, `password`, `api_token`, `status`, `role_id`, `remember_token`, `created_at`, `updated_at`) VALUES
(1,	'Example',	'admin@example.com',	'$2y$10$ER./bSQMtLgJtBuxQ7.KjeW7yJR8jIl3X2VlhXAhq7XxrnBUSMaO.',	'7MksSu2fHNcke4eBhJhlwmHzmLEEs7osnb0gNnU40WVAANG1iqpPzp3s06RAOw4eXH2IupAsdPNUOZKP',	1,	1,	NULL,	'2020-03-18 11:28:08',	'2020-03-18 11:28:08');

DROP TABLE IF EXISTS `admin_password_resets`;
CREATE TABLE `admin_password_resets` (
  `email` varchar(191) COLLATE utf8mb4_unicode_ci NOT NULL,
  `token` varchar(191) COLLATE utf8mb4_unicode_ci NOT NULL,
  `created_at` timestamp NULL DEFAULT NULL,
  KEY `admin_password_resets_email_index` (`email`)
) ENGINE=InnoDB DEFAULT CHARSET=utf8mb4 COLLATE=utf8mb4_unicode_ci ROW_FORMAT=DYNAMIC;


DROP TABLE IF EXISTS `attributes`;
CREATE TABLE `attributes` (
  `id` int(10) unsigned NOT NULL AUTO_INCREMENT,
  `code` varchar(191) COLLATE utf8mb4_unicode_ci NOT NULL,
  `admin_name` varchar(191) COLLATE utf8mb4_unicode_ci NOT NULL,
  `type` varchar(191) COLLATE utf8mb4_unicode_ci NOT NULL,
  `validation` varchar(191) COLLATE utf8mb4_unicode_ci DEFAULT NULL,
  `position` int(11) DEFAULT NULL,
  `is_required` tinyint(1) NOT NULL DEFAULT '0',
  `is_unique` tinyint(1) NOT NULL DEFAULT '0',
  `value_per_locale` tinyint(1) NOT NULL DEFAULT '0',
  `value_per_channel` tinyint(1) NOT NULL DEFAULT '0',
  `is_filterable` tinyint(1) NOT NULL DEFAULT '0',
  `is_configurable` tinyint(1) NOT NULL DEFAULT '0',
  `is_user_defined` tinyint(1) NOT NULL DEFAULT '1',
  `is_visible_on_front` tinyint(1) NOT NULL DEFAULT '0',
  `created_at` timestamp NULL DEFAULT NULL,
  `updated_at` timestamp NULL DEFAULT NULL,
  `swatch_type` varchar(191) COLLATE utf8mb4_unicode_ci DEFAULT NULL,
  `use_in_flat` tinyint(1) NOT NULL DEFAULT '1',
  PRIMARY KEY (`id`),
  UNIQUE KEY `attributes_code_unique` (`code`)
) ENGINE=InnoDB DEFAULT CHARSET=utf8mb4 COLLATE=utf8mb4_unicode_ci ROW_FORMAT=DYNAMIC;

INSERT INTO `attributes` (`id`, `code`, `admin_name`, `type`, `validation`, `position`, `is_required`, `is_unique`, `value_per_locale`, `value_per_channel`, `is_filterable`, `is_configurable`, `is_user_defined`, `is_visible_on_front`, `created_at`, `updated_at`, `swatch_type`, `use_in_flat`) VALUES
(1,	'sku',	'SKU',	'text',	NULL,	1,	1,	1,	0,	0,	0,	0,	0,	0,	'2020-03-18 11:28:08',	'2020-03-18 11:28:08',	NULL,	1),
(2,	'name',	'Name',	'text',	NULL,	2,	1,	0,	1,	1,	0,	0,	0,	0,	'2020-03-18 11:28:08',	'2020-03-18 11:28:08',	NULL,	1),
(3,	'url_key',	'URL Key',	'text',	NULL,	3,	1,	1,	0,	0,	0,	0,	0,	0,	'2020-03-18 11:28:08',	'2020-03-18 11:28:08',	NULL,	1),
(4,	'tax_category_id',	'Tax Category',	'select',	NULL,	4,	0,	0,	0,	1,	0,	0,	0,	0,	'2020-03-18 11:28:08',	'2020-03-18 11:28:08',	NULL,	1),
(5,	'new',	'New',	'boolean',	NULL,	5,	0,	0,	0,	0,	0,	0,	0,	0,	'2020-03-18 11:28:08',	'2020-03-18 11:28:08',	NULL,	1),
(6,	'featured',	'Featured',	'boolean',	NULL,	6,	0,	0,	0,	0,	0,	0,	0,	0,	'2020-03-18 11:28:08',	'2020-03-18 11:28:08',	NULL,	1),
(7,	'visible_individually',	'Visible Individually',	'boolean',	NULL,	7,	1,	0,	0,	0,	0,	0,	0,	0,	'2020-03-18 11:28:08',	'2020-03-18 11:28:08',	NULL,	1),
(8,	'status',	'Status',	'boolean',	NULL,	8,	1,	0,	0,	0,	0,	0,	0,	0,	'2020-03-18 11:28:08',	'2020-03-18 11:28:08',	NULL,	1),
(9,	'short_description',	'Short Description',	'textarea',	NULL,	9,	1,	0,	1,	1,	0,	0,	0,	0,	'2020-03-18 11:28:08',	'2020-03-18 11:28:08',	NULL,	1),
(10,	'description',	'Description',	'textarea',	NULL,	10,	1,	0,	1,	1,	0,	0,	0,	0,	'2020-03-18 11:28:08',	'2020-03-18 11:28:08',	NULL,	1),
(11,	'price',	'Price',	'price',	'decimal',	11,	1,	0,	0,	0,	1,	0,	0,	0,	'2020-03-18 11:28:08',	'2020-03-18 11:28:08',	NULL,	1),
(12,	'cost',	'Cost',	'price',	'decimal',	12,	0,	0,	0,	1,	0,	0,	1,	0,	'2020-03-18 11:28:08',	'2020-03-18 11:28:08',	NULL,	1),
(13,	'special_price',	'Special Price',	'price',	'decimal',	13,	0,	0,	0,	0,	0,	0,	0,	0,	'2020-03-18 11:28:08',	'2020-03-18 11:28:08',	NULL,	1),
(14,	'special_price_from',	'Special Price From',	'date',	NULL,	14,	0,	0,	0,	1,	0,	0,	0,	0,	'2020-03-18 11:28:08',	'2020-03-18 11:28:08',	NULL,	1),
(15,	'special_price_to',	'Special Price To',	'date',	NULL,	15,	0,	0,	0,	1,	0,	0,	0,	0,	'2020-03-18 11:28:08',	'2020-03-18 11:28:08',	NULL,	1),
(16,	'meta_title',	'Meta Title',	'textarea',	NULL,	16,	0,	0,	1,	1,	0,	0,	0,	0,	'2020-03-18 11:28:08',	'2020-03-18 11:28:08',	NULL,	1),
(17,	'meta_keywords',	'Meta Keywords',	'textarea',	NULL,	17,	0,	0,	1,	1,	0,	0,	0,	0,	'2020-03-18 11:28:08',	'2020-03-18 11:28:08',	NULL,	1),
(18,	'meta_description',	'Meta Description',	'textarea',	NULL,	18,	0,	0,	1,	1,	0,	0,	1,	0,	'2020-03-18 11:28:08',	'2020-03-18 11:28:08',	NULL,	1),
(19,	'width',	'Width',	'text',	'decimal',	19,	0,	0,	0,	0,	0,	0,	1,	0,	'2020-03-18 11:28:08',	'2020-03-18 11:28:08',	NULL,	1),
(20,	'height',	'Height',	'text',	'decimal',	20,	0,	0,	0,	0,	0,	0,	1,	0,	'2020-03-18 11:28:08',	'2020-03-18 11:28:08',	NULL,	1),
(21,	'depth',	'Depth',	'text',	'decimal',	21,	0,	0,	0,	0,	0,	0,	1,	0,	'2020-03-18 11:28:08',	'2020-03-18 11:28:08',	NULL,	1),
(22,	'weight',	'Weight',	'text',	'decimal',	22,	1,	0,	0,	0,	0,	0,	0,	0,	'2020-03-18 11:28:08',	'2020-03-18 11:28:08',	NULL,	1),
(23,	'color',	'Color',	'select',	'',	23,	0,	0,	0,	0,	1,	1,	1,	0,	'2020-03-18 11:28:08',	'2020-05-01 16:01:26',	NULL,	1),
(24,	'size',	'Size',	'select',	NULL,	24,	0,	0,	0,	0,	1,	1,	1,	0,	'2020-03-18 11:28:08',	'2020-03-18 11:28:08',	NULL,	1),
(25,	'brand',	'Brand',	'select',	NULL,	25,	0,	0,	0,	0,	1,	0,	0,	1,	'2020-03-18 11:28:08',	'2020-03-18 11:28:08',	NULL,	1),
(26,	'guest_checkout',	'Guest Checkout',	'boolean',	NULL,	8,	1,	0,	0,	0,	0,	0,	0,	0,	'2020-03-18 11:28:08',	'2020-03-18 11:28:08',	NULL,	1),
(27,	'ShoesType',	'Shoe Type',	'text',	'',	NULL,	0,	0,	0,	0,	0,	0,	1,	0,	'2020-05-12 13:57:16',	'2020-05-12 13:57:16',	NULL,	0);

DROP TABLE IF EXISTS `attribute_families`;
CREATE TABLE `attribute_families` (
  `id` int(10) unsigned NOT NULL AUTO_INCREMENT,
  `code` varchar(191) COLLATE utf8mb4_unicode_ci NOT NULL,
  `name` varchar(191) COLLATE utf8mb4_unicode_ci NOT NULL,
  `status` tinyint(1) NOT NULL DEFAULT '0',
  `is_user_defined` tinyint(1) NOT NULL DEFAULT '1',
  PRIMARY KEY (`id`)
) ENGINE=InnoDB DEFAULT CHARSET=utf8mb4 COLLATE=utf8mb4_unicode_ci ROW_FORMAT=DYNAMIC;

INSERT INTO `attribute_families` (`id`, `code`, `name`, `status`, `is_user_defined`) VALUES
(1,	'default',	'Default',	0,	1),
(2,	'Fish',	'Fish',	0,	1);

DROP TABLE IF EXISTS `attribute_groups`;
CREATE TABLE `attribute_groups` (
  `id` int(10) unsigned NOT NULL AUTO_INCREMENT,
  `name` varchar(191) COLLATE utf8mb4_unicode_ci NOT NULL,
  `position` int(11) NOT NULL,
  `is_user_defined` tinyint(1) NOT NULL DEFAULT '1',
  `attribute_family_id` int(10) unsigned NOT NULL,
  PRIMARY KEY (`id`),
  UNIQUE KEY `attribute_groups_attribute_family_id_name_unique` (`attribute_family_id`,`name`),
  CONSTRAINT `attribute_groups_attribute_family_id_foreign` FOREIGN KEY (`attribute_family_id`) REFERENCES `attribute_families` (`id`) ON DELETE CASCADE
) ENGINE=InnoDB DEFAULT CHARSET=utf8mb4 COLLATE=utf8mb4_unicode_ci ROW_FORMAT=DYNAMIC;

INSERT INTO `attribute_groups` (`id`, `name`, `position`, `is_user_defined`, `attribute_family_id`) VALUES
(1,	'General',	1,	0,	1),
(2,	'Description',	2,	0,	1),
(3,	'Meta Description',	3,	0,	1),
(4,	'Price',	4,	0,	1),
(5,	'Shipping',	5,	0,	1),
(6,	'General',	1,	0,	2),
(7,	'Description',	2,	0,	2),
(8,	'Meta Description',	3,	0,	2),
(9,	'Price',	4,	0,	2),
(10,	'Shipping',	5,	0,	2);

DROP TABLE IF EXISTS `attribute_group_mappings`;
CREATE TABLE `attribute_group_mappings` (
  `attribute_id` int(10) unsigned NOT NULL,
  `attribute_group_id` int(10) unsigned NOT NULL,
  `position` int(11) DEFAULT NULL,
  PRIMARY KEY (`attribute_id`,`attribute_group_id`),
  KEY `attribute_group_mappings_attribute_group_id_foreign` (`attribute_group_id`),
  CONSTRAINT `attribute_group_mappings_attribute_group_id_foreign` FOREIGN KEY (`attribute_group_id`) REFERENCES `attribute_groups` (`id`) ON DELETE CASCADE,
  CONSTRAINT `attribute_group_mappings_attribute_id_foreign` FOREIGN KEY (`attribute_id`) REFERENCES `attributes` (`id`) ON DELETE CASCADE
) ENGINE=InnoDB DEFAULT CHARSET=utf8mb4 COLLATE=utf8mb4_unicode_ci ROW_FORMAT=DYNAMIC;

INSERT INTO `attribute_group_mappings` (`attribute_id`, `attribute_group_id`, `position`) VALUES
(1,	1,	1),
(1,	6,	1),
(2,	1,	2),
(2,	6,	2),
(3,	1,	3),
(3,	6,	3),
(4,	1,	4),
(4,	6,	4),
(5,	1,	5),
(5,	6,	5),
(6,	1,	6),
(6,	6,	6),
(7,	1,	7),
(7,	6,	7),
(8,	1,	8),
(8,	6,	8),
(9,	2,	1),
(9,	7,	1),
(10,	2,	2),
(10,	7,	2),
(11,	4,	1),
(11,	9,	1),
(12,	4,	2),
(13,	4,	3),
(13,	9,	3),
(14,	4,	4),
(14,	9,	4),
(15,	4,	5),
(15,	9,	5),
(16,	3,	1),
(16,	8,	1),
(17,	3,	2),
(17,	8,	2),
(18,	3,	3),
(18,	8,	3),
(19,	5,	1),
(19,	10,	2),
(20,	5,	2),
(20,	10,	3),
(21,	5,	3),
(22,	5,	4),
(22,	10,	1),
(23,	1,	10),
(24,	1,	11),
(25,	1,	12),
(25,	6,	10),
(26,	1,	9),
(26,	6,	9);

DROP TABLE IF EXISTS `attribute_options`;
CREATE TABLE `attribute_options` (
  `id` int(10) unsigned NOT NULL AUTO_INCREMENT,
  `admin_name` varchar(191) COLLATE utf8mb4_unicode_ci DEFAULT NULL,
  `sort_order` int(11) DEFAULT NULL,
  `attribute_id` int(10) unsigned NOT NULL,
  `swatch_value` varchar(191) COLLATE utf8mb4_unicode_ci DEFAULT NULL,
  PRIMARY KEY (`id`),
  KEY `attribute_options_attribute_id_foreign` (`attribute_id`),
  CONSTRAINT `attribute_options_attribute_id_foreign` FOREIGN KEY (`attribute_id`) REFERENCES `attributes` (`id`) ON DELETE CASCADE
) ENGINE=InnoDB DEFAULT CHARSET=utf8mb4 COLLATE=utf8mb4_unicode_ci ROW_FORMAT=DYNAMIC;

INSERT INTO `attribute_options` (`id`, `admin_name`, `sort_order`, `attribute_id`, `swatch_value`) VALUES
(1,	'Red',	1,	23,	NULL),
(2,	'Green',	2,	23,	NULL),
(3,	'Yellow',	3,	23,	NULL),
(4,	'Black',	4,	23,	NULL),
(5,	'White',	5,	23,	NULL),
(6,	'S',	1,	24,	NULL),
(7,	'M',	2,	24,	NULL),
(8,	'L',	3,	24,	NULL),
(9,	'XL',	4,	24,	NULL),
(10,	'Sky Blue',	6,	23,	NULL);

DROP TABLE IF EXISTS `attribute_option_translations`;
CREATE TABLE `attribute_option_translations` (
  `id` int(10) unsigned NOT NULL AUTO_INCREMENT,
  `locale` varchar(191) COLLATE utf8mb4_unicode_ci NOT NULL,
  `label` text COLLATE utf8mb4_unicode_ci,
  `attribute_option_id` int(10) unsigned NOT NULL,
  PRIMARY KEY (`id`),
  UNIQUE KEY `attribute_option_translations_attribute_option_id_locale_unique` (`attribute_option_id`,`locale`),
  CONSTRAINT `attribute_option_translations_attribute_option_id_foreign` FOREIGN KEY (`attribute_option_id`) REFERENCES `attribute_options` (`id`) ON DELETE CASCADE
) ENGINE=InnoDB DEFAULT CHARSET=utf8mb4 COLLATE=utf8mb4_unicode_ci ROW_FORMAT=DYNAMIC;

INSERT INTO `attribute_option_translations` (`id`, `locale`, `label`, `attribute_option_id`) VALUES
(1,	'en',	'Red',	1),
(2,	'en',	'Green',	2),
(3,	'en',	'Yellow',	3),
(4,	'en',	'Black',	4),
(5,	'en',	'White',	5),
(6,	'en',	'S',	6),
(7,	'en',	'M',	7),
(8,	'en',	'L',	8),
(9,	'en',	'XL',	9),
(10,	'en',	'Sky Blue',	10);

DROP TABLE IF EXISTS `attribute_translations`;
CREATE TABLE `attribute_translations` (
  `id` int(10) unsigned NOT NULL AUTO_INCREMENT,
  `locale` varchar(191) COLLATE utf8mb4_unicode_ci NOT NULL,
  `name` text COLLATE utf8mb4_unicode_ci,
  `attribute_id` int(10) unsigned NOT NULL,
  PRIMARY KEY (`id`),
  UNIQUE KEY `attribute_translations_attribute_id_locale_unique` (`attribute_id`,`locale`),
  CONSTRAINT `attribute_translations_attribute_id_foreign` FOREIGN KEY (`attribute_id`) REFERENCES `attributes` (`id`) ON DELETE CASCADE
) ENGINE=InnoDB DEFAULT CHARSET=utf8mb4 COLLATE=utf8mb4_unicode_ci ROW_FORMAT=DYNAMIC;

INSERT INTO `attribute_translations` (`id`, `locale`, `name`, `attribute_id`) VALUES
(1,	'en',	'SKU',	1),
(2,	'en',	'Name',	2),
(3,	'en',	'URL Key',	3),
(4,	'en',	'Tax Category',	4),
(5,	'en',	'New',	5),
(6,	'en',	'Featured',	6),
(7,	'en',	'Visible Individually',	7),
(8,	'en',	'Status',	8),
(9,	'en',	'Short Description',	9),
(10,	'en',	'Description',	10),
(11,	'en',	'Price',	11),
(12,	'en',	'Cost',	12),
(13,	'en',	'Special Price',	13),
(14,	'en',	'Special Price From',	14),
(15,	'en',	'Special Price To',	15),
(16,	'en',	'Meta Description',	16),
(17,	'en',	'Meta Keywords',	17),
(18,	'en',	'Meta Description',	18),
(19,	'en',	'Width',	19),
(20,	'en',	'Height',	20),
(21,	'en',	'Depth',	21),
(22,	'en',	'Weight',	22),
(23,	'en',	'Color',	23),
(24,	'en',	'Size',	24),
(25,	'en',	'Brand',	25),
(26,	'en',	'Allow Guest Checkout',	26),
(27,	'en',	'Shoe Type',	27);

DROP TABLE IF EXISTS `cart`;
CREATE TABLE `cart` (
  `id` int(10) unsigned NOT NULL AUTO_INCREMENT,
  `customer_email` varchar(191) COLLATE utf8mb4_unicode_ci DEFAULT NULL,
  `customer_first_name` varchar(191) COLLATE utf8mb4_unicode_ci DEFAULT NULL,
  `customer_last_name` varchar(191) COLLATE utf8mb4_unicode_ci DEFAULT NULL,
  `shipping_method` varchar(191) COLLATE utf8mb4_unicode_ci DEFAULT NULL,
  `coupon_code` varchar(191) COLLATE utf8mb4_unicode_ci DEFAULT NULL,
  `is_gift` tinyint(1) NOT NULL DEFAULT '0',
  `items_count` int(11) DEFAULT NULL,
  `items_qty` decimal(12,4) DEFAULT NULL,
  `exchange_rate` decimal(12,4) DEFAULT NULL,
  `global_currency_code` varchar(191) COLLATE utf8mb4_unicode_ci DEFAULT NULL,
  `base_currency_code` varchar(191) COLLATE utf8mb4_unicode_ci DEFAULT NULL,
  `channel_currency_code` varchar(191) COLLATE utf8mb4_unicode_ci DEFAULT NULL,
  `cart_currency_code` varchar(191) COLLATE utf8mb4_unicode_ci DEFAULT NULL,
  `grand_total` decimal(12,4) DEFAULT '0.0000',
  `base_grand_total` decimal(12,4) DEFAULT '0.0000',
  `sub_total` decimal(12,4) DEFAULT '0.0000',
  `base_sub_total` decimal(12,4) DEFAULT '0.0000',
  `tax_total` decimal(12,4) DEFAULT '0.0000',
  `base_tax_total` decimal(12,4) DEFAULT '0.0000',
  `discount_amount` decimal(12,4) DEFAULT '0.0000',
  `base_discount_amount` decimal(12,4) DEFAULT '0.0000',
  `checkout_method` varchar(191) COLLATE utf8mb4_unicode_ci DEFAULT NULL,
  `is_guest` tinyint(1) DEFAULT NULL,
  `is_active` tinyint(1) DEFAULT '1',
  `conversion_time` datetime DEFAULT NULL,
  `customer_id` int(10) unsigned DEFAULT NULL,
  `channel_id` int(10) unsigned NOT NULL,
  `created_at` timestamp NULL DEFAULT NULL,
  `updated_at` timestamp NULL DEFAULT NULL,
  `applied_cart_rule_ids` varchar(191) COLLATE utf8mb4_unicode_ci DEFAULT NULL,
  `custom_price` decimal(12,4) DEFAULT NULL,
  PRIMARY KEY (`id`),
  KEY `cart_customer_id_foreign` (`customer_id`),
  KEY `cart_channel_id_foreign` (`channel_id`),
  CONSTRAINT `cart_channel_id_foreign` FOREIGN KEY (`channel_id`) REFERENCES `channels` (`id`) ON DELETE CASCADE,
  CONSTRAINT `cart_customer_id_foreign` FOREIGN KEY (`customer_id`) REFERENCES `customers` (`id`) ON DELETE CASCADE
) ENGINE=InnoDB DEFAULT CHARSET=utf8mb4 COLLATE=utf8mb4_unicode_ci ROW_FORMAT=DYNAMIC;

INSERT INTO `cart` (`id`, `customer_email`, `customer_first_name`, `customer_last_name`, `shipping_method`, `coupon_code`, `is_gift`, `items_count`, `items_qty`, `exchange_rate`, `global_currency_code`, `base_currency_code`, `channel_currency_code`, `cart_currency_code`, `grand_total`, `base_grand_total`, `sub_total`, `base_sub_total`, `tax_total`, `base_tax_total`, `discount_amount`, `base_discount_amount`, `checkout_method`, `is_guest`, `is_active`, `conversion_time`, `customer_id`, `channel_id`, `created_at`, `updated_at`, `applied_cart_rule_ids`, `custom_price`) VALUES
(1,	'sahil1931@gmail.com',	'sahil',	'kaushal',	'free_free',	NULL,	0,	1,	1.0000,	NULL,	'USD',	'USD',	'USD',	'USD',	9.0000,	9.0000,	9.0000,	9.0000,	0.0000,	0.0000,	0.0000,	0.0000,	NULL,	0,	0,	NULL,	1,	1,	'2020-03-23 15:41:50',	'2020-03-23 15:45:39',	'',	NULL),
(3,	NULL,	NULL,	NULL,	NULL,	NULL,	0,	1,	1.0000,	NULL,	'USD',	'USD',	'USD',	'USD',	9.0000,	9.0000,	9.0000,	9.0000,	0.0000,	0.0000,	0.0000,	0.0000,	NULL,	1,	1,	NULL,	NULL,	1,	'2020-03-27 14:23:27',	'2020-03-27 14:23:27',	'',	NULL),
(4,	NULL,	NULL,	NULL,	NULL,	NULL,	0,	3,	4.0000,	NULL,	'USD',	'USD',	'USD',	'USD',	71.0000,	71.0000,	71.0000,	71.0000,	0.0000,	0.0000,	0.0000,	0.0000,	NULL,	1,	1,	NULL,	NULL,	1,	'2020-03-27 14:24:21',	'2020-03-27 16:44:58',	'',	NULL),
(5,	NULL,	NULL,	NULL,	NULL,	NULL,	0,	1,	3.0000,	NULL,	'USD',	'USD',	'USD',	'USD',	33.0000,	33.0000,	33.0000,	33.0000,	0.0000,	0.0000,	0.0000,	0.0000,	NULL,	1,	1,	NULL,	NULL,	1,	'2020-03-27 20:11:35',	'2020-03-27 20:27:09',	'',	NULL),
(6,	NULL,	NULL,	NULL,	NULL,	NULL,	0,	1,	1.0000,	NULL,	'USD',	'USD',	'USD',	'USD',	11.0000,	11.0000,	11.0000,	11.0000,	0.0000,	0.0000,	0.0000,	0.0000,	NULL,	1,	1,	NULL,	NULL,	1,	'2020-03-28 02:07:10',	'2020-03-28 02:07:10',	'',	NULL),
(7,	NULL,	NULL,	NULL,	NULL,	NULL,	0,	1,	1.0000,	NULL,	'USD',	'USD',	'USD',	'USD',	20.0000,	20.0000,	20.0000,	20.0000,	0.0000,	0.0000,	0.0000,	0.0000,	NULL,	1,	1,	NULL,	NULL,	1,	'2020-03-28 11:15:03',	'2020-03-28 11:16:48',	'',	NULL),
(9,	NULL,	NULL,	NULL,	NULL,	NULL,	0,	3,	3.0000,	NULL,	'USD',	'USD',	'USD',	'USD',	40.0000,	40.0000,	40.0000,	40.0000,	0.0000,	0.0000,	0.0000,	0.0000,	NULL,	1,	1,	NULL,	NULL,	1,	'2020-03-28 22:43:44',	'2020-03-29 00:24:53',	'',	NULL),
(10,	NULL,	NULL,	NULL,	NULL,	NULL,	0,	4,	4.0000,	NULL,	'USD',	'USD',	'USD',	'USD',	51.0000,	51.0000,	51.0000,	51.0000,	0.0000,	0.0000,	0.0000,	0.0000,	NULL,	1,	1,	NULL,	NULL,	1,	'2020-03-29 00:25:13',	'2020-03-29 02:23:40',	'',	NULL),
(11,	'sahil1931@gmail.com',	'sahil',	'kaushal',	NULL,	NULL,	0,	4,	4.0000,	NULL,	'USD',	'USD',	'USD',	'USD',	60.0000,	60.0000,	60.0000,	60.0000,	0.0000,	0.0000,	0.0000,	0.0000,	NULL,	0,	1,	NULL,	1,	1,	'2020-03-29 07:29:22',	'2020-03-29 09:33:25',	'',	NULL),
(14,	NULL,	NULL,	NULL,	NULL,	NULL,	0,	1,	1.0000,	NULL,	'USD',	'USD',	'USD',	'USD',	11.0000,	11.0000,	11.0000,	11.0000,	0.0000,	0.0000,	0.0000,	0.0000,	NULL,	1,	1,	NULL,	NULL,	1,	'2020-03-29 19:26:51',	'2020-03-29 19:27:02',	'',	NULL),
(15,	NULL,	NULL,	NULL,	NULL,	NULL,	0,	1,	1.0000,	NULL,	'USD',	'USD',	'USD',	'USD',	9.0000,	9.0000,	9.0000,	9.0000,	0.0000,	0.0000,	0.0000,	0.0000,	NULL,	1,	1,	NULL,	NULL,	1,	'2020-03-30 16:39:25',	'2020-03-30 16:41:07',	'',	NULL),
(16,	NULL,	NULL,	NULL,	NULL,	NULL,	0,	1,	1.0000,	NULL,	'USD',	'USD',	'USD',	'USD',	9.0000,	9.0000,	9.0000,	9.0000,	0.0000,	0.0000,	0.0000,	0.0000,	NULL,	1,	1,	NULL,	NULL,	1,	'2020-03-30 16:40:50',	'2020-03-30 16:41:45',	'',	NULL),
(19,	'samcustomer@gmail.com',	'sam',	'kaushal',	'free_free',	NULL,	0,	1,	1.0000,	NULL,	'USD',	'USD',	'USD',	'USD',	21.0000,	21.0000,	21.0000,	21.0000,	0.0000,	0.0000,	0.0000,	0.0000,	NULL,	0,	0,	NULL,	13,	1,	'2020-03-31 06:16:16',	'2020-03-31 06:25:45',	'',	NULL),
(20,	NULL,	NULL,	NULL,	NULL,	NULL,	0,	1,	1.0000,	NULL,	'USD',	'USD',	'USD',	'USD',	11.0000,	11.0000,	11.0000,	11.0000,	0.0000,	0.0000,	0.0000,	0.0000,	NULL,	1,	1,	NULL,	NULL,	1,	'2020-03-31 17:27:19',	'2020-03-31 17:27:19',	'',	NULL),
(21,	'sahil1931@gmail.com',	'SAHIL',	'KAUSHAL',	'flatrate_flatrate',	NULL,	0,	2,	2.0000,	NULL,	'USD',	'USD',	'USD',	'USD',	61.0000,	61.0000,	41.0000,	41.0000,	0.0000,	0.0000,	0.0000,	0.0000,	NULL,	0,	0,	NULL,	12,	1,	'2020-04-01 07:53:58',	'2020-04-01 08:03:31',	'',	NULL),
(22,	'sahil1931@gmail.com',	'SAHIL',	'KAUSHAL',	'flatrate_flatrate',	NULL,	0,	2,	2.0000,	NULL,	'USD',	'USD',	'USD',	'USD',	49.0000,	49.0000,	29.0000,	29.0000,	0.0000,	0.0000,	0.0000,	0.0000,	NULL,	0,	0,	NULL,	12,	1,	'2020-04-01 08:10:05',	'2020-04-01 08:10:44',	'',	NULL),
(23,	'abc@gmail.com',	'kjkj',	'kjhkjh',	'flatrate_flatrate',	NULL,	0,	1,	1.0000,	NULL,	'USD',	'USD',	'USD',	'USD',	19.0000,	19.0000,	9.0000,	9.0000,	0.0000,	0.0000,	0.0000,	0.0000,	NULL,	1,	0,	NULL,	NULL,	1,	'2020-04-01 08:13:08',	'2020-04-01 08:13:54',	'',	NULL),
(24,	'test@gmail.com',	'test',	'sad',	'free_free',	NULL,	0,	1,	1.0000,	NULL,	'USD',	'USD',	'USD',	'USD',	9.0000,	9.0000,	9.0000,	9.0000,	0.0000,	0.0000,	0.0000,	0.0000,	NULL,	1,	0,	NULL,	NULL,	1,	'2020-04-01 15:57:25',	'2020-04-01 15:58:40',	'',	NULL),
(25,	'S*******1@GMAIL.COM',	'SAHIL',	'KAUSHAL',	'free_free',	NULL,	0,	1,	1.0000,	NULL,	'USD',	'USD',	'USD',	'USD',	9.0000,	9.0000,	9.0000,	9.0000,	0.0000,	0.0000,	0.0000,	0.0000,	NULL,	1,	0,	NULL,	NULL,	1,	'2020-04-01 16:00:50',	'2020-04-01 16:06:30',	'',	NULL),
(26,	'test@gmail.com',	'test',	'kjhkh',	'flatrate_flatrate',	NULL,	0,	1,	1.0000,	NULL,	'USD',	'USD',	'USD',	'USD',	19.0000,	19.0000,	9.0000,	9.0000,	0.0000,	0.0000,	0.0000,	0.0000,	NULL,	1,	0,	NULL,	NULL,	1,	'2020-04-01 16:07:45',	'2020-04-01 16:08:39',	'',	NULL),
(27,	'test@gmail.com',	'test',	'ghf',	'free_free',	NULL,	0,	1,	2.0000,	NULL,	'USD',	'USD',	'USD',	'USD',	18.0000,	18.0000,	18.0000,	18.0000,	0.0000,	0.0000,	0.0000,	0.0000,	NULL,	1,	0,	NULL,	NULL,	1,	'2020-04-01 16:26:02',	'2020-04-01 16:26:53',	'',	NULL),
(28,	'sahil1931@gmail.com',	'SAHIL',	'KAUSHAL',	'flatrate_flatrate',	NULL,	0,	3,	3.0000,	NULL,	'USD',	'USD',	'USD',	'USD',	79.0000,	79.0000,	49.0000,	49.0000,	0.0000,	0.0000,	0.0000,	0.0000,	NULL,	0,	0,	NULL,	12,	1,	'2020-04-01 21:35:35',	'2020-04-01 21:37:03',	'',	NULL),
(29,	'sahil1931@gmail.com',	'SAHIL',	'KAUSHAL',	'flatrate_flatrate',	NULL,	0,	3,	3.0000,	NULL,	'USD',	'USD',	'USD',	'USD',	70.0000,	70.0000,	40.0000,	40.0000,	0.0000,	0.0000,	0.0000,	0.0000,	NULL,	0,	0,	NULL,	12,	1,	'2020-04-01 21:39:15',	'2020-04-01 21:40:15',	'',	NULL),
(30,	'sahil1931@gmail.com',	'SAHIL',	'KAUSHAL',	'flatrate_flatrate',	NULL,	0,	2,	2.0000,	NULL,	'USD',	'USD',	'USD',	'USD',	51.0000,	51.0000,	31.0000,	31.0000,	0.0000,	0.0000,	0.0000,	0.0000,	NULL,	0,	0,	NULL,	12,	1,	'2020-04-01 21:45:28',	'2020-04-01 21:46:10',	'',	NULL),
(31,	'sahil1931@gmail.com',	'SAHIL',	'KAUSHAL',	'flatrate_flatrate',	NULL,	0,	2,	6.0000,	NULL,	'USD',	'USD',	'USD',	'USD',	135.0000,	135.0000,	75.0000,	75.0000,	0.0000,	0.0000,	0.0000,	0.0000,	NULL,	0,	0,	NULL,	12,	1,	'2020-04-02 06:20:02',	'2020-04-02 06:20:49',	'',	NULL),
(32,	NULL,	NULL,	NULL,	NULL,	NULL,	0,	1,	1.0000,	NULL,	'USD',	'USD',	'USD',	'USD',	9.0000,	9.0000,	9.0000,	9.0000,	0.0000,	0.0000,	0.0000,	0.0000,	NULL,	1,	1,	NULL,	NULL,	1,	'2020-04-03 12:15:34',	'2020-04-03 12:15:35',	'',	NULL),
(33,	'amanbht07@gmail.com',	'Ninja',	'Amigos',	NULL,	NULL,	0,	1,	1.0000,	NULL,	'USD',	'USD',	'USD',	'USD',	11.0000,	11.0000,	11.0000,	11.0000,	0.0000,	0.0000,	0.0000,	0.0000,	NULL,	0,	1,	NULL,	15,	1,	'2020-04-03 15:18:07',	'2020-04-03 17:13:19',	'',	NULL),
(34,	'piyush_sharma91@yahoo.com',	'piyush',	'sharma',	'free_free',	NULL,	0,	1,	1.0000,	NULL,	'USD',	'USD',	'USD',	'USD',	11.0000,	11.0000,	11.0000,	11.0000,	0.0000,	0.0000,	0.0000,	0.0000,	NULL,	0,	0,	NULL,	14,	1,	'2020-04-03 15:38:51',	'2020-04-03 15:39:48',	'',	NULL),
(35,	NULL,	NULL,	NULL,	NULL,	NULL,	0,	1,	1.0000,	NULL,	'USD',	'USD',	'USD',	'USD',	11.0000,	11.0000,	11.0000,	11.0000,	0.0000,	0.0000,	0.0000,	0.0000,	NULL,	1,	1,	NULL,	NULL,	1,	'2020-04-03 16:24:41',	'2020-04-03 16:24:41',	'',	NULL),
(36,	'piyush_sharma91@yahoo.com',	'piyush',	'sharma',	'free_free',	NULL,	0,	1,	2.0000,	NULL,	'USD',	'USD',	'USD',	'USD',	22.0000,	22.0000,	22.0000,	22.0000,	0.0000,	0.0000,	0.0000,	0.0000,	NULL,	0,	0,	NULL,	14,	1,	'2020-04-03 16:26:46',	'2020-04-03 16:31:34',	'',	NULL),
(37,	NULL,	NULL,	NULL,	NULL,	NULL,	0,	1,	1.0000,	NULL,	'USD',	'USD',	'USD',	'USD',	8.0000,	8.0000,	8.0000,	8.0000,	0.0000,	0.0000,	0.0000,	0.0000,	NULL,	1,	1,	NULL,	NULL,	1,	'2020-04-05 12:05:54',	'2020-04-05 12:05:54',	'',	NULL),
(38,	'edward.long10@gmail.com',	'Edward',	'Long',	'free_free',	NULL,	0,	1,	2.0000,	NULL,	'USD',	'USD',	'USD',	'USD',	16.0000,	16.0000,	16.0000,	16.0000,	0.0000,	0.0000,	0.0000,	0.0000,	NULL,	0,	0,	NULL,	19,	1,	'2020-04-05 16:21:14',	'2020-04-05 16:23:12',	'',	NULL),
(39,	'edward.long@gmail.com',	'John',	'Alexander',	NULL,	NULL,	0,	1,	1.0000,	NULL,	'USD',	'USD',	'USD',	'USD',	8.0000,	8.0000,	8.0000,	8.0000,	0.0000,	0.0000,	0.0000,	0.0000,	NULL,	0,	1,	NULL,	20,	1,	'2020-04-05 16:32:10',	'2020-04-05 16:32:10',	'',	NULL),
(40,	NULL,	NULL,	NULL,	NULL,	NULL,	0,	1,	1.0000,	NULL,	'USD',	'USD',	'USD',	'USD',	20.0000,	20.0000,	20.0000,	20.0000,	0.0000,	0.0000,	0.0000,	0.0000,	NULL,	1,	1,	NULL,	NULL,	1,	'2020-04-06 20:39:28',	'2020-04-06 20:39:28',	'',	NULL),
(41,	'test@testtest123.com',	'Piyush ',	'Sharma',	'free_free',	NULL,	0,	1,	1.0000,	NULL,	'USD',	'USD',	'USD',	'USD',	90.0000,	90.0000,	90.0000,	90.0000,	0.0000,	0.0000,	0.0000,	0.0000,	NULL,	0,	0,	NULL,	24,	1,	'2020-04-10 16:15:53',	'2020-04-10 16:19:16',	'',	NULL),
(42,	NULL,	NULL,	NULL,	NULL,	NULL,	0,	1,	2.0000,	NULL,	'USD',	'USD',	'USD',	'USD',	180.0000,	180.0000,	180.0000,	180.0000,	0.0000,	0.0000,	0.0000,	0.0000,	NULL,	1,	1,	NULL,	NULL,	1,	'2020-04-10 21:48:07',	'2020-04-10 21:48:07',	'',	NULL),
(43,	NULL,	NULL,	NULL,	NULL,	NULL,	0,	1,	2.0000,	NULL,	'USD',	'USD',	'USD',	'USD',	22.0000,	22.0000,	22.0000,	22.0000,	0.0000,	0.0000,	0.0000,	0.0000,	NULL,	1,	1,	NULL,	NULL,	1,	'2020-04-12 17:44:08',	'2020-04-12 17:44:14',	'',	NULL),
(44,	'test@sandysupplier.com',	'Edward',	'Long',	'free_free',	NULL,	0,	2,	2.0000,	NULL,	'USD',	'USD',	'USD',	'USD',	20.0000,	20.0000,	20.0000,	20.0000,	0.0000,	0.0000,	0.0000,	0.0000,	NULL,	0,	0,	NULL,	25,	1,	'2020-04-12 19:45:24',	'2020-04-13 02:35:50',	'',	NULL),
(45,	'testing123@test.com',	'Edward',	'Long',	NULL,	NULL,	0,	1,	1.0000,	NULL,	'USD',	'USD',	'USD',	'USD',	6.0000,	6.0000,	6.0000,	6.0000,	0.0000,	0.0000,	0.0000,	0.0000,	NULL,	0,	1,	NULL,	33,	1,	'2020-04-13 18:05:43',	'2020-04-13 18:05:43',	'',	NULL),
(46,	NULL,	NULL,	NULL,	NULL,	NULL,	0,	1,	1.0000,	NULL,	'USD',	'USD',	'USD',	'USD',	12.0000,	12.0000,	12.0000,	12.0000,	0.0000,	0.0000,	0.0000,	0.0000,	NULL,	1,	1,	NULL,	NULL,	1,	'2020-04-14 02:54:01',	'2020-04-14 02:54:01',	'',	NULL),
(47,	'secondshop@gmail.com',	'second',	'shop',	'free_free',	NULL,	0,	1,	1.0000,	NULL,	'USD',	'USD',	'USD',	'USD',	3.0000,	3.0000,	3.0000,	3.0000,	0.0000,	0.0000,	0.0000,	0.0000,	NULL,	0,	1,	NULL,	21,	1,	'2020-04-25 16:45:07',	'2020-04-25 16:46:23',	'',	NULL),
(48,	'sahil1931@gmail.com',	'SAHIL',	'KAUSHAL',	'flatrate_flatrate',	NULL,	0,	2,	2.0000,	NULL,	'USD',	'USD',	'USD',	'USD',	41.0000,	41.0000,	21.0000,	21.0000,	0.0000,	0.0000,	0.0000,	0.0000,	NULL,	0,	1,	NULL,	12,	1,	'2020-04-28 17:34:41',	'2020-05-09 18:39:58',	'',	NULL),
(49,	'edward.long10@gmail.com',	'Edward',	'Long',	NULL,	NULL,	0,	2,	2.0000,	NULL,	'USD',	'USD',	'USD',	'USD',	353.0000,	353.0000,	353.0000,	353.0000,	0.0000,	0.0000,	0.0000,	0.0000,	NULL,	0,	1,	NULL,	19,	1,	'2020-04-28 17:34:42',	'2020-04-28 17:35:37',	'',	NULL),
(50,	'shop@gmail.com',	'shop',	'name',	'flatrate_flatrate',	NULL,	0,	3,	4.0000,	NULL,	'USD',	'USD',	'USD',	'USD',	67.0000,	67.0000,	47.0000,	47.0000,	0.0000,	0.0000,	0.0000,	0.0000,	NULL,	0,	1,	NULL,	36,	1,	'2020-05-03 13:22:02',	'2020-05-11 00:17:58',	'',	NULL),
(51,	NULL,	NULL,	NULL,	NULL,	NULL,	0,	2,	6.0000,	NULL,	'GBP',	'GBP',	'GBP',	'GBP',	69.0000,	69.0000,	69.0000,	69.0000,	0.0000,	0.0000,	0.0000,	0.0000,	NULL,	1,	1,	NULL,	NULL,	1,	'2020-05-04 02:17:30',	'2020-05-04 02:27:23',	'',	NULL),
(52,	'piyush_sharma91@yahoo.com',	'piyush',	'sharma',	NULL,	NULL,	0,	1,	2.0000,	NULL,	'GBP',	'GBP',	'GBP',	'GBP',	10.0000,	10.0000,	10.0000,	10.0000,	0.0000,	0.0000,	0.0000,	0.0000,	NULL,	0,	1,	NULL,	14,	1,	'2020-05-04 13:44:20',	'2020-05-05 15:23:36',	'',	NULL),
(53,	NULL,	NULL,	NULL,	NULL,	NULL,	0,	1,	2.0000,	NULL,	'GBP',	'GBP',	'GBP',	'GBP',	10.0000,	10.0000,	10.0000,	10.0000,	0.0000,	0.0000,	0.0000,	0.0000,	NULL,	1,	1,	NULL,	NULL,	1,	'2020-05-09 14:44:30',	'2020-05-09 14:45:47',	'',	NULL),
(54,	NULL,	NULL,	NULL,	NULL,	NULL,	0,	1,	1.0000,	NULL,	'GBP',	'GBP',	'GBP',	'GBP',	12.0000,	12.0000,	12.0000,	12.0000,	0.0000,	0.0000,	0.0000,	0.0000,	NULL,	1,	1,	NULL,	NULL,	1,	'2020-05-09 15:04:44',	'2020-05-09 15:14:45',	'',	NULL),
(56,	NULL,	NULL,	NULL,	NULL,	NULL,	0,	1,	2.0000,	NULL,	'GBP',	'GBP',	'GBP',	'GBP',	18.0000,	18.0000,	18.0000,	18.0000,	0.0000,	0.0000,	0.0000,	0.0000,	NULL,	1,	1,	NULL,	NULL,	1,	'2020-05-09 18:59:34',	'2020-05-09 19:02:34',	'',	NULL),
(57,	NULL,	NULL,	NULL,	NULL,	NULL,	0,	1,	2.0000,	NULL,	'GBP',	'GBP',	'GBP',	'GBP',	10.0000,	10.0000,	10.0000,	10.0000,	0.0000,	0.0000,	0.0000,	0.0000,	NULL,	1,	1,	NULL,	NULL,	1,	'2020-05-09 20:19:30',	'2020-05-09 21:56:05',	'',	NULL),
(58,	NULL,	NULL,	NULL,	NULL,	NULL,	0,	1,	1.0000,	NULL,	'GBP',	'GBP',	'GBP',	'GBP',	5.0000,	5.0000,	5.0000,	5.0000,	0.0000,	0.0000,	0.0000,	0.0000,	NULL,	1,	1,	NULL,	NULL,	1,	'2020-05-09 21:51:10',	'2020-05-09 21:51:11',	'',	NULL),
(59,	NULL,	NULL,	NULL,	NULL,	NULL,	0,	1,	2.0000,	NULL,	'GBP',	'GBP',	'GBP',	'GBP',	10.0000,	10.0000,	10.0000,	10.0000,	0.0000,	0.0000,	0.0000,	0.0000,	NULL,	1,	1,	NULL,	NULL,	1,	'2020-05-09 21:52:03',	'2020-05-09 21:57:29',	'',	NULL),
(60,	NULL,	NULL,	NULL,	NULL,	NULL,	0,	1,	2.0000,	NULL,	'GBP',	'GBP',	'GBP',	'GBP',	10.0000,	10.0000,	10.0000,	10.0000,	0.0000,	0.0000,	0.0000,	0.0000,	NULL,	1,	1,	NULL,	NULL,	1,	'2020-05-09 21:53:24',	'2020-05-09 21:53:58',	'',	NULL),
(61,	NULL,	NULL,	NULL,	NULL,	NULL,	0,	1,	2.0000,	NULL,	'GBP',	'GBP',	'GBP',	'GBP',	10.0000,	10.0000,	10.0000,	10.0000,	0.0000,	0.0000,	0.0000,	0.0000,	NULL,	1,	1,	NULL,	NULL,	1,	'2020-05-09 21:53:48',	'2020-05-09 21:54:08',	'',	NULL),
(65,	NULL,	NULL,	NULL,	NULL,	NULL,	0,	1,	1.0000,	NULL,	'GBP',	'GBP',	'GBP',	'GBP',	20.0000,	20.0000,	20.0000,	20.0000,	0.0000,	0.0000,	0.0000,	0.0000,	NULL,	1,	1,	NULL,	NULL,	1,	'2020-05-10 14:53:52',	'2020-05-10 14:53:52',	'',	NULL),
(66,	NULL,	NULL,	NULL,	NULL,	NULL,	0,	1,	2.0000,	NULL,	'GBP',	'GBP',	'GBP',	'GBP',	24.0000,	24.0000,	24.0000,	24.0000,	0.0000,	0.0000,	0.0000,	0.0000,	NULL,	1,	1,	NULL,	NULL,	1,	'2020-05-10 20:22:31',	'2020-05-10 20:22:38',	'',	NULL),
(68,	'user@gmail.com',	'User',	'user',	'free_free',	NULL,	0,	1,	2.0000,	NULL,	'GBP',	'GBP',	'GBP',	'GBP',	18.0000,	18.0000,	18.0000,	18.0000,	0.0000,	0.0000,	0.0000,	0.0000,	NULL,	0,	0,	NULL,	37,	1,	'2020-05-11 11:25:36',	'2020-05-11 17:22:45',	'',	NULL),
(69,	NULL,	NULL,	NULL,	NULL,	NULL,	0,	1,	1.0000,	NULL,	'GBP',	'GBP',	'GBP',	'GBP',	20.0000,	20.0000,	20.0000,	20.0000,	0.0000,	0.0000,	0.0000,	0.0000,	NULL,	1,	1,	NULL,	NULL,	1,	'2020-05-12 13:06:49',	'2020-05-12 13:06:58',	'',	NULL),
(70,	'kdnfvkjdfv@dfngkdfj.com',	'fsdf',	'dfsdfsdfs',	'flatrate_flatrate',	NULL,	0,	1,	1.0000,	NULL,	'GBP',	'GBP',	'GBP',	'GBP',	19.0000,	19.0000,	9.0000,	9.0000,	0.0000,	0.0000,	0.0000,	0.0000,	NULL,	1,	0,	NULL,	NULL,	1,	'2020-05-12 14:39:59',	'2020-05-12 14:40:50',	'',	NULL);

DROP TABLE IF EXISTS `cart_address`;
CREATE TABLE `cart_address` (
  `id` int(10) unsigned NOT NULL AUTO_INCREMENT,
  `first_name` varchar(191) COLLATE utf8mb4_unicode_ci NOT NULL,
  `last_name` varchar(191) COLLATE utf8mb4_unicode_ci NOT NULL,
  `email` varchar(191) COLLATE utf8mb4_unicode_ci NOT NULL,
  `address1` varchar(191) COLLATE utf8mb4_unicode_ci NOT NULL,
  `address2` varchar(191) COLLATE utf8mb4_unicode_ci DEFAULT NULL,
  `country` varchar(191) COLLATE utf8mb4_unicode_ci NOT NULL,
  `state` varchar(191) COLLATE utf8mb4_unicode_ci NOT NULL,
  `city` varchar(191) COLLATE utf8mb4_unicode_ci NOT NULL,
  `postcode` varchar(191) COLLATE utf8mb4_unicode_ci NOT NULL,
  `phone` varchar(191) COLLATE utf8mb4_unicode_ci NOT NULL,
  `address_type` varchar(191) COLLATE utf8mb4_unicode_ci NOT NULL,
  `cart_id` int(10) unsigned DEFAULT NULL,
  `customer_id` int(10) unsigned DEFAULT NULL,
  `created_at` timestamp NULL DEFAULT NULL,
  `updated_at` timestamp NULL DEFAULT NULL,
  PRIMARY KEY (`id`),
  KEY `cart_address_cart_id_foreign` (`cart_id`),
  KEY `cart_address_customer_id_foreign` (`customer_id`),
  CONSTRAINT `cart_address_cart_id_foreign` FOREIGN KEY (`cart_id`) REFERENCES `cart` (`id`) ON DELETE CASCADE,
  CONSTRAINT `cart_address_customer_id_foreign` FOREIGN KEY (`customer_id`) REFERENCES `customers` (`id`) ON DELETE CASCADE
) ENGINE=InnoDB DEFAULT CHARSET=utf8mb4 COLLATE=utf8mb4_unicode_ci ROW_FORMAT=DYNAMIC;

INSERT INTO `cart_address` (`id`, `first_name`, `last_name`, `email`, `address1`, `address2`, `country`, `state`, `city`, `postcode`, `phone`, `address_type`, `cart_id`, `customer_id`, `created_at`, `updated_at`) VALUES
(1,	'sahil',	'kaushal',	'sahil1931@gmail.com',	'amazon',	NULL,	'IN',	'PB',	'kharar',	'140401',	'9988831443',	'billing',	1,	NULL,	'2020-03-23 15:45:09',	'2020-03-23 15:45:09'),
(2,	'sahil',	'kaushal',	'sahil1931@gmail.com',	'amazon',	NULL,	'IN',	'PB',	'kharar',	'140401',	'9988831443',	'shipping',	1,	NULL,	'2020-03-23 15:45:09',	'2020-03-23 15:45:09'),
(3,	'sam',	'kaushal',	'samcustomer@gmail.com',	'test',	NULL,	'IN',	'punjab',	'mohali',	'140401',	'99883144',	'billing',	19,	NULL,	'2020-03-31 06:25:30',	'2020-03-31 06:25:30'),
(4,	'sam',	'kaushal',	'samcustomer@gmail.com',	'test',	NULL,	'IN',	'punjab',	'mohali',	'140401',	'99883144',	'shipping',	19,	NULL,	'2020-03-31 06:25:30',	'2020-03-31 06:25:30'),
(5,	'SAHIL',	'KAUSHAL',	'sahil1931@gmail.com',	'ewrwer',	NULL,	'AU',	'ew',	'wer',	'2434',	'12345678',	'billing',	21,	NULL,	'2020-04-01 08:03:17',	'2020-04-01 08:03:17'),
(6,	'SAHIL',	'KAUSHAL',	'sahil1931@gmail.com',	'ewrwer',	NULL,	'AU',	'ew',	'wer',	'2434',	'12345678',	'shipping',	21,	NULL,	'2020-04-01 08:03:17',	'2020-04-01 08:03:17'),
(7,	'SAHIL',	'KAUSHAL',	'sahil1931@gmail.com',	'fdgd',	NULL,	'AM',	'fdg',	'dfg',	'463536',	'123456',	'billing',	22,	NULL,	'2020-04-01 08:10:34',	'2020-04-01 08:10:34'),
(8,	'SAHIL',	'KAUSHAL',	'sahil1931@gmail.com',	'fdgd',	NULL,	'AM',	'fdg',	'dfg',	'463536',	'123456',	'shipping',	22,	NULL,	'2020-04-01 08:10:34',	'2020-04-01 08:10:34'),
(9,	'kjkj',	'kjhkjh',	'abc@gmail.com',	'jkkjh',	NULL,	'AC',	'kjhkj',	'kjhk',	'765765',	'123456789',	'billing',	23,	NULL,	'2020-04-01 08:13:44',	'2020-04-01 08:13:44'),
(10,	'kjkj',	'kjhkjh',	'abc@gmail.com',	'jkkjh',	NULL,	'AC',	'kjhkj',	'kjhk',	'765765',	'123456789',	'shipping',	23,	NULL,	'2020-04-01 08:13:44',	'2020-04-01 08:13:44'),
(11,	'test',	'sad',	'test@gmail.com',	'test',	NULL,	'IN',	'punjab',	'kharar',	'140401',	'09875121216',	'billing',	24,	NULL,	'2020-04-01 15:57:54',	'2020-04-01 15:57:54'),
(12,	'test',	'sad',	'test@gmail.com',	'test',	NULL,	'IN',	'punjab',	'kharar',	'140401',	'09875121216',	'shipping',	24,	NULL,	'2020-04-01 15:57:54',	'2020-04-01 15:57:54'),
(13,	'SAHIL',	'KAUSHAL',	'S*******1@GMAIL.COM',	'HOUSE NO 307 WARD NO 15',	NULL,	'IN',	'PB',	'SIRHIND',	'147301',	'1443',	'billing',	25,	NULL,	'2020-04-01 16:01:15',	'2020-04-01 16:01:15'),
(14,	'SAHIL',	'KAUSHAL',	'S*******1@GMAIL.COM',	'HOUSE NO 307 WARD NO 15',	NULL,	'IN',	'PB',	'SIRHIND',	'147301',	'1443',	'shipping',	25,	NULL,	'2020-04-01 16:01:15',	'2020-04-01 16:01:15'),
(15,	'test',	'kjhkh',	'test@gmail.com',	'test',	NULL,	'IN',	'PB',	'kharar',	'140401',	'09875121216',	'billing',	26,	NULL,	'2020-04-01 16:08:20',	'2020-04-01 16:08:20'),
(16,	'test',	'kjhkh',	'test@gmail.com',	'test',	NULL,	'IN',	'PB',	'kharar',	'140401',	'09875121216',	'shipping',	26,	NULL,	'2020-04-01 16:08:20',	'2020-04-01 16:08:20'),
(17,	'test',	'ghf',	'test@gmail.com',	'test',	NULL,	'IN',	'PB',	'kharar',	'140401',	'09875121216',	'billing',	27,	NULL,	'2020-04-01 16:26:40',	'2020-04-01 16:26:40'),
(18,	'test',	'ghf',	'test@gmail.com',	'test',	NULL,	'IN',	'PB',	'kharar',	'140401',	'09875121216',	'shipping',	27,	NULL,	'2020-04-01 16:26:40',	'2020-04-01 16:26:40'),
(19,	'SAHIL',	'KAUSHAL',	'sahil1931@gmail.com',	'sdasd',	NULL,	'AU',	'asd',	'asdas',	'1213245',	'`1234546475',	'billing',	28,	NULL,	'2020-04-01 21:36:46',	'2020-04-01 21:36:46'),
(20,	'SAHIL',	'KAUSHAL',	'sahil1931@gmail.com',	'sdasd',	NULL,	'AU',	'asd',	'asdas',	'1213245',	'`1234546475',	'shipping',	28,	NULL,	'2020-04-01 21:36:46',	'2020-04-01 21:36:46'),
(21,	'SAHIL',	'KAUSHAL',	'sahil1931@gmail.com',	'egsdfg',	NULL,	'AU',	'dsgf',	'sdfgsd',	'3452',	'325235235',	'billing',	29,	NULL,	'2020-04-01 21:39:56',	'2020-04-01 21:39:56'),
(22,	'SAHIL',	'KAUSHAL',	'sahil1931@gmail.com',	'egsdfg',	NULL,	'AU',	'dsgf',	'sdfgsd',	'3452',	'325235235',	'shipping',	29,	NULL,	'2020-04-01 21:39:56',	'2020-04-01 21:39:56'),
(23,	'SAHIL',	'KAUSHAL',	'sahil1931@gmail.com',	'sasdas',	NULL,	'AC',	'asdasd',	'asdas',	'123123',	'234234234',	'billing',	30,	NULL,	'2020-04-01 21:45:58',	'2020-04-01 21:45:58'),
(24,	'SAHIL',	'KAUSHAL',	'sahil1931@gmail.com',	'sasdas',	NULL,	'AC',	'asdasd',	'asdas',	'123123',	'234234234',	'shipping',	30,	NULL,	'2020-04-01 21:45:58',	'2020-04-01 21:45:58'),
(25,	'SAHIL',	'KAUSHAL',	'sahil1931@gmail.com',	'zxvzV',	NULL,	'AC',	'ZXVZ',	'ZVZ',	'12345',	'12346547676879',	'billing',	31,	NULL,	'2020-04-02 06:20:39',	'2020-04-02 06:20:39'),
(26,	'SAHIL',	'KAUSHAL',	'sahil1931@gmail.com',	'zxvzV',	NULL,	'AC',	'ZXVZ',	'ZVZ',	'12345',	'12346547676879',	'shipping',	31,	NULL,	'2020-04-02 06:20:39',	'2020-04-02 06:20:39'),
(27,	'piyush',	'sharma',	'piyush_sharma91@yahoo.com',	'41',	NULL,	'IN',	'punjab',	'chandi',	'160104',	'999999999',	'billing',	34,	NULL,	'2020-04-03 15:39:30',	'2020-04-03 15:39:30'),
(28,	'piyush',	'sharma',	'piyush_sharma91@yahoo.com',	'41',	NULL,	'IN',	'punjab',	'chandi',	'160104',	'999999999',	'shipping',	34,	NULL,	'2020-04-03 15:39:30',	'2020-04-03 15:39:30'),
(29,	'piyush',	'sharma',	'piyush_sharma91@yahoo.com',	'41',	NULL,	'IN',	'punjab',	'chandi',	'160104',	'999999999',	'billing',	36,	NULL,	'2020-04-03 16:27:43',	'2020-04-03 16:27:43'),
(30,	'piyush',	'sharma',	'piyush_sharma91@yahoo.com',	'41',	NULL,	'IN',	'punjab',	'chandi',	'160104',	'999999999',	'shipping',	36,	NULL,	'2020-04-03 16:27:43',	'2020-04-03 16:27:43'),
(31,	'Edward',	'Long',	'edward.long10@gmail.com',	'Flat 11',	NULL,	'GB',	'UK',	'London',	'Sw208aw',	'07511005891',	'billing',	38,	NULL,	'2020-04-05 16:21:56',	'2020-04-05 16:22:58'),
(32,	'Edward',	'Long',	'edward.long10@gmail.com',	'Flat 11',	NULL,	'GB',	'UK',	'London',	'Sw208aw',	'07511005891',	'shipping',	38,	NULL,	'2020-04-05 16:21:56',	'2020-04-05 16:22:58'),
(33,	'Piyush ',	'Sharma',	'test@testtest123.com',	'w345536et',	NULL,	'AS',	'chandigarh',	'test',	'123123',	'456546767',	'billing',	41,	NULL,	'2020-04-10 16:18:39',	'2020-04-10 16:18:39'),
(34,	'Piyush ',	'Sharma',	'test@testtest123.com',	'w345536et',	NULL,	'AS',	'chandigarh',	'test',	'123123',	'456546767',	'shipping',	41,	NULL,	'2020-04-10 16:18:39',	'2020-04-10 16:18:39'),
(35,	'Edward',	'Long',	'test@sandysupplier.com',	'adkfja',	NULL,	'GB',	'UK',	'London',	'sw20',	'01010101011',	'billing',	44,	NULL,	'2020-04-13 02:33:47',	'2020-04-13 02:33:47'),
(36,	'Edward',	'Long',	'test@sandysupplier.com',	'adkfja',	NULL,	'GB',	'UK',	'London',	'sw20',	'01010101011',	'shipping',	44,	NULL,	'2020-04-13 02:33:47',	'2020-04-13 02:33:47'),
(37,	'second',	'shop',	'secondshop@gmail.com',	'test',	NULL,	'IN',	'PB',	'mohali',	'140401',	'9988831443',	'billing',	47,	NULL,	'2020-04-25 16:46:07',	'2020-04-25 16:46:07'),
(38,	'second',	'shop',	'secondshop@gmail.com',	'test',	NULL,	'IN',	'PB',	'mohali',	'140401',	'9988831443',	'shipping',	47,	NULL,	'2020-04-25 16:46:07',	'2020-04-25 16:46:07'),
(39,	'sahil',	'name',	'sahil1931@gmail.com',	'HOUSE NO 307 WARD NO 15, DESHMESH COLONY SIRHIND, Address3',	NULL,	'IN',	'AS',	'SIRHIND',	'147301',	'09988831443',	'billing',	50,	NULL,	'2020-05-03 14:53:31',	'2020-05-03 14:53:31'),
(40,	'sahil',	'name',	'sahil1931@gmail.com',	'HOUSE NO 307 WARD NO 15, DESHMESH COLONY SIRHIND, Address3',	NULL,	'IN',	'AS',	'SIRHIND',	'147301',	'09988831443',	'shipping',	50,	NULL,	'2020-05-03 14:53:31',	'2020-05-03 14:53:31'),
(41,	'SAHIL',	'KAUSHAL',	'sahil1931@gmail.com',	'qwearg',	NULL,	'AR',	'we',	'wer',	'123456',	'1234567',	'billing',	48,	NULL,	'2020-05-09 18:38:36',	'2020-05-09 18:39:54'),
(42,	'SAHIL',	'KAUSHAL',	'sahil1931@gmail.com',	'qwearg',	NULL,	'AR',	'we',	'wer',	'123456',	'1234567',	'shipping',	48,	NULL,	'2020-05-09 18:38:36',	'2020-05-09 18:39:54'),
(43,	'sahil',	'user',	'sahil1931@gmail.com',	'HOUSE NO 307 WARD NO 15, DESHMESH COLONY SIRHIND, Address3',	NULL,	'IN',	'PB',	'SIRHIND',	'147301',	'09988831443',	'billing',	68,	NULL,	'2020-05-11 17:21:27',	'2020-05-11 17:21:27'),
(44,	'sahil',	'user',	'sahil1931@gmail.com',	'HOUSE NO 307 WARD NO 15, DESHMESH COLONY SIRHIND, Address3',	NULL,	'IN',	'PB',	'SIRHIND',	'147301',	'09988831443',	'shipping',	68,	NULL,	'2020-05-11 17:21:27',	'2020-05-11 17:21:27'),
(45,	'fsdf',	'dfsdfsdfs',	'kdnfvkjdfv@dfngkdfj.com',	'vpo sonkra tehsil nilokheri',	NULL,	'AQ',	'Georgia',	'Daman and Diu',	'132116',	'0423423423',	'billing',	70,	NULL,	'2020-05-12 14:40:30',	'2020-05-12 14:40:30'),
(46,	'fsdf',	'dfsdfsdfs',	'kdnfvkjdfv@dfngkdfj.com',	'vpo sonkra tehsil nilokheri',	NULL,	'AQ',	'Georgia',	'Daman and Diu',	'132116',	'0423423423',	'shipping',	70,	NULL,	'2020-05-12 14:40:30',	'2020-05-12 14:40:30');

DROP TABLE IF EXISTS `cart_items`;
CREATE TABLE `cart_items` (
  `id` int(10) unsigned NOT NULL AUTO_INCREMENT,
  `quantity` int(10) unsigned NOT NULL DEFAULT '0',
  `sku` varchar(191) COLLATE utf8mb4_unicode_ci DEFAULT NULL,
  `type` varchar(191) COLLATE utf8mb4_unicode_ci DEFAULT NULL,
  `name` varchar(191) COLLATE utf8mb4_unicode_ci DEFAULT NULL,
  `coupon_code` varchar(191) COLLATE utf8mb4_unicode_ci DEFAULT NULL,
  `weight` decimal(12,4) NOT NULL DEFAULT '0.0000',
  `total_weight` decimal(12,4) NOT NULL DEFAULT '0.0000',
  `base_total_weight` decimal(12,4) NOT NULL DEFAULT '0.0000',
  `price` decimal(12,4) NOT NULL DEFAULT '1.0000',
  `base_price` decimal(12,4) NOT NULL DEFAULT '0.0000',
  `total` decimal(12,4) NOT NULL DEFAULT '0.0000',
  `base_total` decimal(12,4) NOT NULL DEFAULT '0.0000',
  `tax_percent` decimal(12,4) DEFAULT '0.0000',
  `tax_amount` decimal(12,4) DEFAULT '0.0000',
  `base_tax_amount` decimal(12,4) DEFAULT '0.0000',
  `discount_percent` decimal(12,4) NOT NULL DEFAULT '0.0000',
  `discount_amount` decimal(12,4) NOT NULL DEFAULT '0.0000',
  `base_discount_amount` decimal(12,4) NOT NULL DEFAULT '0.0000',
  `additional` json DEFAULT NULL,
  `parent_id` int(10) unsigned DEFAULT NULL,
  `product_id` int(10) unsigned NOT NULL,
  `cart_id` int(10) unsigned NOT NULL,
  `tax_category_id` int(10) unsigned DEFAULT NULL,
  `created_at` timestamp NULL DEFAULT NULL,
  `updated_at` timestamp NULL DEFAULT NULL,
  `custom_price` decimal(12,4) DEFAULT NULL,
  `applied_cart_rule_ids` varchar(191) COLLATE utf8mb4_unicode_ci DEFAULT NULL,
  PRIMARY KEY (`id`),
  KEY `cart_items_product_id_foreign` (`product_id`),
  KEY `cart_items_cart_id_foreign` (`cart_id`),
  KEY `cart_items_tax_category_id_foreign` (`tax_category_id`),
  KEY `cart_items_parent_id_foreign` (`parent_id`),
  CONSTRAINT `cart_items_cart_id_foreign` FOREIGN KEY (`cart_id`) REFERENCES `cart` (`id`) ON DELETE CASCADE,
  CONSTRAINT `cart_items_parent_id_foreign` FOREIGN KEY (`parent_id`) REFERENCES `cart_items` (`id`) ON DELETE CASCADE,
  CONSTRAINT `cart_items_product_id_foreign` FOREIGN KEY (`product_id`) REFERENCES `products` (`id`) ON DELETE CASCADE,
  CONSTRAINT `cart_items_tax_category_id_foreign` FOREIGN KEY (`tax_category_id`) REFERENCES `tax_categories` (`id`)
) ENGINE=InnoDB DEFAULT CHARSET=utf8mb4 COLLATE=utf8mb4_unicode_ci ROW_FORMAT=DYNAMIC;

INSERT INTO `cart_items` (`id`, `quantity`, `sku`, `type`, `name`, `coupon_code`, `weight`, `total_weight`, `base_total_weight`, `price`, `base_price`, `total`, `base_total`, `tax_percent`, `tax_amount`, `base_tax_amount`, `discount_percent`, `discount_amount`, `base_discount_amount`, `additional`, `parent_id`, `product_id`, `cart_id`, `tax_category_id`, `created_at`, `updated_at`, `custom_price`, `applied_cart_rule_ids`) VALUES
(1,	1,	'123',	'simple',	'Fish',	NULL,	10.0000,	10.0000,	10.0000,	9.0000,	9.0000,	9.0000,	9.0000,	0.0000,	0.0000,	0.0000,	0.0000,	0.0000,	0.0000,	'{\"_token\": \"GXKZN5Ou6qMQLLJa3iWoqxFHxWGdG3XHaMUkFQtt\", \"quantity\": \"1\", \"product_id\": \"1\"}',	NULL,	1,	1,	NULL,	'2020-03-23 15:41:50',	'2020-03-23 15:45:37',	NULL,	''),
(3,	1,	'123',	'simple',	'Just Shrimps',	NULL,	10.0000,	10.0000,	10.0000,	9.0000,	9.0000,	9.0000,	9.0000,	0.0000,	0.0000,	0.0000,	0.0000,	0.0000,	0.0000,	'{\"_token\": \"rn9ukE8hzD74XPZRF96T3vtsHQaOIE81SJjwg8ov\", \"quantity\": \"1\", \"product_id\": \"1\"}',	NULL,	1,	3,	NULL,	'2020-03-27 14:23:27',	'2020-03-27 14:23:27',	NULL,	''),
(4,	1,	'wildsamon1',	'simple',	'Wildsamon',	NULL,	12.0000,	12.0000,	12.0000,	20.0000,	20.0000,	20.0000,	20.0000,	0.0000,	0.0000,	0.0000,	0.0000,	0.0000,	0.0000,	'{\"_token\": \"jxYHvWntkKROtQ7xor6yqP8QxLDF4k11wu33dvJ9\", \"quantity\": \"1\", \"is_buy_now\": \"0\", \"product_id\": \"7\"}',	NULL,	7,	4,	NULL,	'2020-03-27 14:24:22',	'2020-03-27 16:44:58',	NULL,	''),
(5,	2,	'rowprok12',	'simple',	'Raw Pork Ribs',	NULL,	21.0000,	42.0000,	42.0000,	20.0000,	20.0000,	40.0000,	40.0000,	0.0000,	0.0000,	0.0000,	0.0000,	0.0000,	0.0000,	'{\"_token\": \"jxYHvWntkKROtQ7xor6yqP8QxLDF4k11wu33dvJ9\", \"quantity\": 2, \"is_buy_now\": \"0\", \"product_id\": \"6\"}',	NULL,	6,	4,	NULL,	'2020-03-27 14:25:08',	'2020-03-27 16:44:58',	NULL,	''),
(6,	1,	'wildsamon6',	'simple',	'Wild Salmon',	NULL,	21.0000,	21.0000,	21.0000,	11.0000,	11.0000,	11.0000,	11.0000,	0.0000,	0.0000,	0.0000,	0.0000,	0.0000,	0.0000,	'{\"_token\": \"jxYHvWntkKROtQ7xor6yqP8QxLDF4k11wu33dvJ9\", \"quantity\": \"1\", \"is_buy_now\": \"0\", \"product_id\": \"11\"}',	NULL,	11,	4,	NULL,	'2020-03-27 16:43:34',	'2020-03-27 16:44:58',	NULL,	''),
(7,	3,	'wildsamon6',	'simple',	'Wild Salmon',	NULL,	21.0000,	63.0000,	63.0000,	11.0000,	11.0000,	33.0000,	33.0000,	0.0000,	0.0000,	0.0000,	0.0000,	0.0000,	0.0000,	'{\"_token\": \"UCaiPbnvAhHPo7ci0JMjYO8AhLiiMBaU1Q16BFQw\", \"quantity\": 3, \"is_buy_now\": \"1\", \"product_id\": \"11\"}',	NULL,	11,	5,	NULL,	'2020-03-27 20:11:35',	'2020-03-27 20:27:09',	NULL,	''),
(8,	1,	'wildsamon6',	'simple',	'Wild Salmon',	NULL,	21.0000,	21.0000,	21.0000,	11.0000,	11.0000,	11.0000,	11.0000,	0.0000,	0.0000,	0.0000,	0.0000,	0.0000,	0.0000,	'{\"_token\": \"6rnx4f7a8SXuh2xElcMFuMU53rIqaYLl1j9XcmT8\", \"quantity\": \"1\", \"is_buy_now\": \"0\", \"product_id\": \"11\"}',	NULL,	11,	6,	NULL,	'2020-03-28 02:07:10',	'2020-03-28 02:07:10',	NULL,	''),
(9,	1,	'wildsamon1',	'simple',	'Wildsamon',	NULL,	12.0000,	12.0000,	12.0000,	20.0000,	20.0000,	20.0000,	20.0000,	0.0000,	0.0000,	0.0000,	0.0000,	0.0000,	0.0000,	'{\"_token\": \"RiNYphU99LY6mCWQSSxqKNlkx9RGOsotCCnhjtLh\", \"quantity\": \"1\", \"product_id\": \"7\"}',	NULL,	7,	7,	NULL,	'2020-03-28 11:15:03',	'2020-03-28 11:16:48',	NULL,	''),
(14,	1,	'rowprok12',	'simple',	'Raw Pork Ribs',	NULL,	21.0000,	21.0000,	21.0000,	20.0000,	20.0000,	20.0000,	20.0000,	0.0000,	0.0000,	0.0000,	0.0000,	0.0000,	0.0000,	'{\"_token\": \"FdPh7PCwUhe0wDbvFsldMuMXuPAveaBOnupiT3HD\", \"quantity\": \"1\", \"product_id\": \"6\"}',	NULL,	6,	9,	NULL,	'2020-03-28 22:43:44',	'2020-03-29 00:24:53',	NULL,	''),
(15,	1,	'rowpok',	'simple',	'Raw ',	NULL,	1.0000,	1.0000,	1.0000,	9.0000,	9.0000,	9.0000,	9.0000,	0.0000,	0.0000,	0.0000,	0.0000,	0.0000,	0.0000,	'{\"_token\": \"FdPh7PCwUhe0wDbvFsldMuMXuPAveaBOnupiT3HD\", \"quantity\": \"1\", \"product_id\": \"8\"}',	NULL,	8,	9,	NULL,	'2020-03-28 22:43:48',	'2020-03-29 00:24:53',	NULL,	''),
(16,	1,	'rawpork-33',	'simple',	'Raw Pork Ribs',	NULL,	2.0000,	2.0000,	2.0000,	11.0000,	11.0000,	11.0000,	11.0000,	0.0000,	0.0000,	0.0000,	0.0000,	0.0000,	0.0000,	'{\"_token\": \"FdPh7PCwUhe0wDbvFsldMuMXuPAveaBOnupiT3HD\", \"quantity\": \"1\", \"product_id\": \"10\"}',	NULL,	10,	9,	NULL,	'2020-03-28 22:43:51',	'2020-03-29 00:24:53',	NULL,	''),
(17,	1,	'rowprok12',	'simple',	'Raw Pork Ribs',	NULL,	21.0000,	21.0000,	21.0000,	20.0000,	20.0000,	20.0000,	20.0000,	0.0000,	0.0000,	0.0000,	0.0000,	0.0000,	0.0000,	'{\"_token\": \"jvqXXXoIbj1Am6rVCFIjIr1s7C8WWl77xAD7j1ra\", \"quantity\": \"1\", \"product_id\": \"6\"}',	NULL,	6,	10,	NULL,	'2020-03-29 00:25:13',	'2020-03-29 02:23:40',	NULL,	''),
(18,	1,	'rowpok',	'simple',	'Raw ',	NULL,	1.0000,	1.0000,	1.0000,	9.0000,	9.0000,	9.0000,	9.0000,	0.0000,	0.0000,	0.0000,	0.0000,	0.0000,	0.0000,	'{\"_token\": \"jvqXXXoIbj1Am6rVCFIjIr1s7C8WWl77xAD7j1ra\", \"quantity\": \"1\", \"product_id\": \"8\"}',	NULL,	8,	10,	NULL,	'2020-03-29 00:25:18',	'2020-03-29 02:23:40',	NULL,	''),
(19,	1,	'rawpork-33',	'simple',	'Raw Pork Ribs',	NULL,	2.0000,	2.0000,	2.0000,	11.0000,	11.0000,	11.0000,	11.0000,	0.0000,	0.0000,	0.0000,	0.0000,	0.0000,	0.0000,	'{\"_token\": \"jvqXXXoIbj1Am6rVCFIjIr1s7C8WWl77xAD7j1ra\", \"quantity\": \"1\", \"product_id\": \"10\"}',	NULL,	10,	10,	NULL,	'2020-03-29 00:25:22',	'2020-03-29 02:23:40',	NULL,	''),
(20,	1,	'wildsamon6',	'simple',	'Wild Salmon',	NULL,	21.0000,	21.0000,	21.0000,	11.0000,	11.0000,	11.0000,	11.0000,	0.0000,	0.0000,	0.0000,	0.0000,	0.0000,	0.0000,	'{\"_token\": \"jvqXXXoIbj1Am6rVCFIjIr1s7C8WWl77xAD7j1ra\", \"quantity\": \"1\", \"product_id\": \"11\"}',	NULL,	11,	10,	NULL,	'2020-03-29 00:25:28',	'2020-03-29 02:23:40',	NULL,	''),
(21,	1,	'rowprok12',	'simple',	'Raw Pork Ribs',	NULL,	21.0000,	21.0000,	21.0000,	20.0000,	20.0000,	20.0000,	20.0000,	0.0000,	0.0000,	0.0000,	0.0000,	0.0000,	0.0000,	'{\"_token\": \"Htb2flpWk7owk7u3C27p3DR0AEcoRfcIihsIKT5C\", \"quantity\": \"1\", \"product_id\": \"6\"}',	NULL,	6,	11,	NULL,	'2020-03-29 07:29:22',	'2020-03-29 08:13:45',	NULL,	''),
(22,	1,	'wildsamon1',	'simple',	'Wildsamon',	NULL,	12.0000,	12.0000,	12.0000,	20.0000,	20.0000,	20.0000,	20.0000,	0.0000,	0.0000,	0.0000,	0.0000,	0.0000,	0.0000,	'{\"_token\": \"Htb2flpWk7owk7u3C27p3DR0AEcoRfcIihsIKT5C\", \"quantity\": \"1\", \"is_buy_now\": \"0\", \"product_id\": \"7\"}',	NULL,	7,	11,	NULL,	'2020-03-29 07:29:29',	'2020-03-29 08:13:45',	NULL,	''),
(23,	1,	'rowpok',	'simple',	'Raw ',	NULL,	1.0000,	1.0000,	1.0000,	9.0000,	9.0000,	9.0000,	9.0000,	0.0000,	0.0000,	0.0000,	0.0000,	0.0000,	0.0000,	'{\"_token\": \"Htb2flpWk7owk7u3C27p3DR0AEcoRfcIihsIKT5C\", \"quantity\": \"1\", \"product_id\": \"8\"}',	NULL,	8,	11,	NULL,	'2020-03-29 07:29:35',	'2020-03-29 08:13:45',	NULL,	''),
(24,	1,	'wildsamon6',	'simple',	'Wild Salmon',	NULL,	21.0000,	21.0000,	21.0000,	11.0000,	11.0000,	11.0000,	11.0000,	0.0000,	0.0000,	0.0000,	0.0000,	0.0000,	0.0000,	'{\"_token\": \"Htb2flpWk7owk7u3C27p3DR0AEcoRfcIihsIKT5C\", \"quantity\": \"1\", \"product_id\": \"11\"}',	NULL,	11,	11,	NULL,	'2020-03-29 07:29:41',	'2020-03-29 08:13:45',	NULL,	''),
(27,	1,	'wildsamon6',	'simple',	'Wild Salmon',	NULL,	21.0000,	21.0000,	21.0000,	11.0000,	11.0000,	11.0000,	11.0000,	0.0000,	0.0000,	0.0000,	0.0000,	0.0000,	0.0000,	'{\"_token\": \"Yn9kHs0s0up8peMkNYOchCuyvz3jgec5oK6jxeXg\", \"quantity\": \"1\", \"product_id\": \"11\"}',	NULL,	11,	14,	NULL,	'2020-03-29 19:26:51',	'2020-03-29 19:27:02',	NULL,	''),
(28,	1,	'123',	'simple',	'Just Shrimps',	NULL,	10.0000,	10.0000,	10.0000,	9.0000,	9.0000,	9.0000,	9.0000,	0.0000,	0.0000,	0.0000,	0.0000,	0.0000,	0.0000,	'{\"_token\": \"xfKyOiXNgrsCPXKv56bjtISkDMQLKkibqHRBNecW\", \"quantity\": \"1\", \"product_id\": \"1\"}',	NULL,	1,	15,	NULL,	'2020-03-30 16:39:25',	'2020-03-30 16:41:07',	NULL,	''),
(29,	1,	'123',	'simple',	'Just Shrimps',	NULL,	10.0000,	10.0000,	10.0000,	9.0000,	9.0000,	9.0000,	9.0000,	0.0000,	0.0000,	0.0000,	0.0000,	0.0000,	0.0000,	'{\"_token\": \"gGNXgNxMQmDhZfP5PqW2C0S4KImOYplQ0LiONH71\", \"quantity\": \"1\", \"product_id\": \"1\"}',	NULL,	1,	16,	NULL,	'2020-03-30 16:40:50',	'2020-03-30 16:41:45',	NULL,	''),
(33,	1,	'simple123',	'simple',	'vegetables',	NULL,	21.0000,	21.0000,	21.0000,	21.0000,	21.0000,	21.0000,	21.0000,	0.0000,	0.0000,	0.0000,	0.0000,	0.0000,	0.0000,	'{\"_token\": \"zGd4Afzl9OaXUQfgjpJ2P6f7BD3udMkMwKUbUl3B\", \"quantity\": \"1\", \"is_buy_now\": \"0\", \"product_id\": \"18\"}',	NULL,	18,	19,	NULL,	'2020-03-31 06:24:06',	'2020-03-31 06:25:42',	NULL,	''),
(34,	1,	'wildsamon6',	'simple',	'Wild Salmon',	NULL,	21.0000,	21.0000,	21.0000,	11.0000,	11.0000,	11.0000,	11.0000,	0.0000,	0.0000,	0.0000,	0.0000,	0.0000,	0.0000,	'{\"_token\": \"Q6W0nNuFSlqE4Yh1onoI8bO9eGFMjXiCks4mrX6e\", \"product\": \"11\", \"quantity\": \"1\", \"is_configurable\": \"false\"}',	NULL,	11,	20,	NULL,	'2020-03-31 17:27:19',	'2020-03-31 17:27:19',	NULL,	''),
(35,	1,	'simple123',	'simple',	'vegetables',	NULL,	21.0000,	21.0000,	21.0000,	21.0000,	21.0000,	21.0000,	21.0000,	0.0000,	0.0000,	0.0000,	0.0000,	0.0000,	0.0000,	'{\"_token\": \"1I89x5K4eLHtBP1sJUIMi8VX04eNnr5vX1KnPBmX\", \"product\": \"18\", \"quantity\": \"1\", \"is_configurable\": \"false\"}',	NULL,	18,	21,	NULL,	'2020-04-01 07:53:58',	'2020-04-01 08:03:29',	NULL,	''),
(37,	1,	'wildsamon1',	'simple',	'Wildsamon',	NULL,	12.0000,	12.0000,	12.0000,	20.0000,	20.0000,	20.0000,	20.0000,	0.0000,	0.0000,	0.0000,	0.0000,	0.0000,	0.0000,	'{\"_token\": \"1I89x5K4eLHtBP1sJUIMi8VX04eNnr5vX1KnPBmX\", \"product\": \"7\", \"quantity\": \"1\", \"is_configurable\": \"false\"}',	NULL,	7,	22,	NULL,	'2020-04-01 08:10:05',	'2020-04-01 08:10:41',	NULL,	''),
(38,	1,	'rowpok',	'simple',	'Raw ',	NULL,	1.0000,	1.0000,	1.0000,	9.0000,	9.0000,	9.0000,	9.0000,	0.0000,	0.0000,	0.0000,	0.0000,	0.0000,	0.0000,	'{\"_token\": \"1I89x5K4eLHtBP1sJUIMi8VX04eNnr5vX1KnPBmX\", \"quantity\": \"1\", \"is_buy_now\": \"0\", \"product_id\": \"8\"}',	NULL,	8,	22,	NULL,	'2020-04-01 08:10:11',	'2020-04-01 08:10:41',	NULL,	''),
(39,	1,	'123',	'simple',	'Just Shrimps',	NULL,	10.0000,	10.0000,	10.0000,	9.0000,	9.0000,	9.0000,	9.0000,	0.0000,	0.0000,	0.0000,	0.0000,	0.0000,	0.0000,	'{\"_token\": \"emvBej812hsTiGkTt0NyVs4vWe7vpIohBgRsWG6p\", \"product\": \"1\", \"quantity\": \"1\", \"is_configurable\": \"false\"}',	NULL,	1,	23,	NULL,	'2020-04-01 08:13:08',	'2020-04-01 08:13:52',	NULL,	''),
(40,	1,	'123',	'simple',	'Just Shrimps',	NULL,	10.0000,	10.0000,	10.0000,	9.0000,	9.0000,	9.0000,	9.0000,	0.0000,	0.0000,	0.0000,	0.0000,	0.0000,	0.0000,	'{\"_token\": \"dsDfEwNcjbFVlwzRkK9l7tqo1FmZ8GYaEfmIG60Z\", \"product\": \"1\", \"quantity\": \"1\", \"is_configurable\": \"false\"}',	NULL,	1,	24,	NULL,	'2020-04-01 15:57:25',	'2020-04-01 15:58:38',	NULL,	''),
(41,	1,	'123',	'simple',	'Just Shrimps',	NULL,	10.0000,	10.0000,	10.0000,	9.0000,	9.0000,	9.0000,	9.0000,	0.0000,	0.0000,	0.0000,	0.0000,	0.0000,	0.0000,	'{\"_token\": \"dsDfEwNcjbFVlwzRkK9l7tqo1FmZ8GYaEfmIG60Z\", \"product\": \"1\", \"quantity\": \"1\", \"is_configurable\": \"false\"}',	NULL,	1,	25,	NULL,	'2020-04-01 16:00:50',	'2020-04-01 16:06:28',	NULL,	''),
(42,	1,	'123',	'simple',	'Just Shrimps',	NULL,	10.0000,	10.0000,	10.0000,	9.0000,	9.0000,	9.0000,	9.0000,	0.0000,	0.0000,	0.0000,	0.0000,	0.0000,	0.0000,	'{\"_token\": \"dsDfEwNcjbFVlwzRkK9l7tqo1FmZ8GYaEfmIG60Z\", \"product\": \"1\", \"quantity\": \"1\", \"is_configurable\": \"false\"}',	NULL,	1,	26,	NULL,	'2020-04-01 16:07:45',	'2020-04-01 16:08:37',	NULL,	''),
(43,	2,	'123',	'simple',	'Just Shrimps',	NULL,	10.0000,	20.0000,	20.0000,	9.0000,	9.0000,	18.0000,	18.0000,	0.0000,	0.0000,	0.0000,	0.0000,	0.0000,	0.0000,	'{\"_token\": \"dsDfEwNcjbFVlwzRkK9l7tqo1FmZ8GYaEfmIG60Z\", \"quantity\": 2, \"is_buy_now\": \"0\", \"product_id\": \"1\"}',	NULL,	1,	27,	NULL,	'2020-04-01 16:26:02',	'2020-04-01 16:26:51',	NULL,	''),
(44,	1,	'rowprok12',	'simple',	'Raw Pork Ribs',	NULL,	21.0000,	21.0000,	21.0000,	20.0000,	20.0000,	20.0000,	20.0000,	0.0000,	0.0000,	0.0000,	0.0000,	0.0000,	0.0000,	'{\"_token\": \"6KETp2s7LtEssH04VYNKfymZmJxXCf4LYKtcxs2M\", \"product\": \"6\", \"quantity\": \"1\", \"is_configurable\": \"false\"}',	NULL,	6,	28,	NULL,	'2020-04-01 21:35:35',	'2020-04-01 21:37:01',	NULL,	''),
(45,	1,	'wildsamon1',	'simple',	'Wildsamon',	NULL,	12.0000,	12.0000,	12.0000,	20.0000,	20.0000,	20.0000,	20.0000,	0.0000,	0.0000,	0.0000,	0.0000,	0.0000,	0.0000,	'{\"_token\": \"6KETp2s7LtEssH04VYNKfymZmJxXCf4LYKtcxs2M\", \"quantity\": \"1\", \"is_buy_now\": \"0\", \"product_id\": \"7\"}',	NULL,	7,	28,	NULL,	'2020-04-01 21:35:41',	'2020-04-01 21:37:01',	NULL,	''),
(46,	1,	'rowpok',	'simple',	'Raw ',	NULL,	1.0000,	1.0000,	1.0000,	9.0000,	9.0000,	9.0000,	9.0000,	0.0000,	0.0000,	0.0000,	0.0000,	0.0000,	0.0000,	'{\"_token\": \"6KETp2s7LtEssH04VYNKfymZmJxXCf4LYKtcxs2M\", \"quantity\": \"1\", \"is_buy_now\": \"0\", \"product_id\": \"8\"}',	NULL,	8,	28,	NULL,	'2020-04-01 21:35:50',	'2020-04-01 21:37:01',	NULL,	''),
(47,	1,	'rowprok12',	'simple',	'Raw Pork Ribs',	NULL,	21.0000,	21.0000,	21.0000,	20.0000,	20.0000,	20.0000,	20.0000,	0.0000,	0.0000,	0.0000,	0.0000,	0.0000,	0.0000,	'{\"_token\": \"6KETp2s7LtEssH04VYNKfymZmJxXCf4LYKtcxs2M\", \"product\": \"6\", \"quantity\": \"1\", \"is_configurable\": \"false\"}',	NULL,	6,	29,	NULL,	'2020-04-01 21:39:15',	'2020-04-01 21:40:13',	NULL,	''),
(48,	1,	'rowpok',	'simple',	'Raw ',	NULL,	1.0000,	1.0000,	1.0000,	9.0000,	9.0000,	9.0000,	9.0000,	0.0000,	0.0000,	0.0000,	0.0000,	0.0000,	0.0000,	'{\"_token\": \"6KETp2s7LtEssH04VYNKfymZmJxXCf4LYKtcxs2M\", \"quantity\": \"1\", \"is_buy_now\": \"0\", \"product_id\": \"8\"}',	NULL,	8,	29,	NULL,	'2020-04-01 21:39:24',	'2020-04-01 21:40:13',	NULL,	''),
(49,	1,	'rawpork-33',	'simple',	'Raw Pork Ribs',	NULL,	2.0000,	2.0000,	2.0000,	11.0000,	11.0000,	11.0000,	11.0000,	0.0000,	0.0000,	0.0000,	0.0000,	0.0000,	0.0000,	'{\"_token\": \"6KETp2s7LtEssH04VYNKfymZmJxXCf4LYKtcxs2M\", \"quantity\": \"1\", \"is_buy_now\": \"0\", \"product_id\": \"10\"}',	NULL,	10,	29,	NULL,	'2020-04-01 21:39:33',	'2020-04-01 21:40:13',	NULL,	''),
(50,	1,	'rowprok12',	'simple',	'Raw Pork Ribs',	NULL,	21.0000,	21.0000,	21.0000,	20.0000,	20.0000,	20.0000,	20.0000,	0.0000,	0.0000,	0.0000,	0.0000,	0.0000,	0.0000,	'{\"_token\": \"6KETp2s7LtEssH04VYNKfymZmJxXCf4LYKtcxs2M\", \"product\": \"6\", \"quantity\": \"1\", \"is_configurable\": \"false\"}',	NULL,	6,	30,	NULL,	'2020-04-01 21:45:28',	'2020-04-01 21:46:08',	NULL,	''),
(51,	1,	'wildsamon6',	'simple',	'Wild Salmon',	NULL,	21.0000,	21.0000,	21.0000,	11.0000,	11.0000,	11.0000,	11.0000,	0.0000,	0.0000,	0.0000,	0.0000,	0.0000,	0.0000,	'{\"_token\": \"6KETp2s7LtEssH04VYNKfymZmJxXCf4LYKtcxs2M\", \"quantity\": \"1\", \"is_buy_now\": \"0\", \"product_id\": \"11\"}',	NULL,	11,	30,	NULL,	'2020-04-01 21:45:36',	'2020-04-01 21:46:08',	NULL,	''),
(52,	5,	'wildsamon6',	'simple',	'Wild Salmon',	NULL,	21.0000,	105.0000,	105.0000,	11.0000,	11.0000,	55.0000,	55.0000,	0.0000,	0.0000,	0.0000,	0.0000,	0.0000,	0.0000,	'{\"_token\": \"ZmEC0Gcki99vWq3HNfmi2ed9pGdjIKghs6uPS7p8\", \"quantity\": 5, \"is_buy_now\": \"0\", \"product_id\": \"11\"}',	NULL,	11,	31,	NULL,	'2020-04-02 06:20:02',	'2020-04-02 06:20:47',	NULL,	''),
(53,	1,	'rowprok12',	'simple',	'Raw Pork Ribs',	NULL,	21.0000,	21.0000,	21.0000,	20.0000,	20.0000,	20.0000,	20.0000,	0.0000,	0.0000,	0.0000,	0.0000,	0.0000,	0.0000,	'{\"_token\": \"ZmEC0Gcki99vWq3HNfmi2ed9pGdjIKghs6uPS7p8\", \"quantity\": \"1\", \"is_buy_now\": \"0\", \"product_id\": \"6\"}',	NULL,	6,	31,	NULL,	'2020-04-02 06:20:13',	'2020-04-02 06:20:47',	NULL,	''),
(54,	1,	'123',	'simple',	'Just Shrimps',	NULL,	10.0000,	10.0000,	10.0000,	9.0000,	9.0000,	9.0000,	9.0000,	0.0000,	0.0000,	0.0000,	0.0000,	0.0000,	0.0000,	'{\"_token\": \"NZyMaF86noXMMe4MsW4SA4j18wyR0ECzWMW1qZqc\", \"product\": \"1\", \"quantity\": \"1\", \"is_configurable\": \"false\"}',	NULL,	1,	32,	NULL,	'2020-04-03 12:15:35',	'2020-04-03 12:15:35',	NULL,	''),
(55,	1,	'wildsamon6',	'simple',	'Wild Salmon',	NULL,	21.0000,	21.0000,	21.0000,	11.0000,	11.0000,	11.0000,	11.0000,	0.0000,	0.0000,	0.0000,	0.0000,	0.0000,	0.0000,	'{\"_token\": \"GA8dzdZgD3M6KaZbMyoDcUrHzy5YVkvOh97dAJSq\", \"quantity\": \"1\", \"is_buy_now\": \"0\", \"product_id\": \"11\"}',	NULL,	11,	33,	NULL,	'2020-04-03 15:18:07',	'2020-04-03 17:13:19',	NULL,	''),
(56,	1,	'wildsamon6',	'simple',	'Wild Salmon',	NULL,	21.0000,	21.0000,	21.0000,	11.0000,	11.0000,	11.0000,	11.0000,	0.0000,	0.0000,	0.0000,	0.0000,	0.0000,	0.0000,	'{\"_token\": \"jfb6iZrMPRsrL7TxXa11NgfAaWL6tVRpERoL1Ekm\", \"product\": \"11\", \"quantity\": \"1\", \"seller_info\": {\"is_owner\": \"0\", \"seller_id\": \"6\", \"product_id\": \"6\"}, \"is_configurable\": \"false\"}',	NULL,	11,	34,	NULL,	'2020-04-03 15:38:51',	'2020-04-03 15:39:46',	NULL,	''),
(57,	1,	'wildsamon6',	'simple',	'Wild Salmon',	NULL,	21.0000,	21.0000,	21.0000,	11.0000,	11.0000,	11.0000,	11.0000,	0.0000,	0.0000,	0.0000,	0.0000,	0.0000,	0.0000,	'{\"_token\": \"GA8dzdZgD3M6KaZbMyoDcUrHzy5YVkvOh97dAJSq\", \"product\": \"11\", \"quantity\": \"1\", \"seller_info\": {\"is_owner\": \"0\", \"seller_id\": \"6\", \"product_id\": \"6\"}, \"is_configurable\": \"false\"}',	NULL,	11,	35,	NULL,	'2020-04-03 16:24:41',	'2020-04-03 16:24:41',	NULL,	''),
(58,	2,	'wildsamon6',	'simple',	'Wild Salmon',	NULL,	21.0000,	42.0000,	42.0000,	11.0000,	11.0000,	22.0000,	22.0000,	0.0000,	0.0000,	0.0000,	0.0000,	0.0000,	0.0000,	'{\"_token\": \"jfb6iZrMPRsrL7TxXa11NgfAaWL6tVRpERoL1Ekm\", \"product\": \"11\", \"quantity\": \"1\", \"seller_info\": {\"is_owner\": \"0\", \"seller_id\": \"6\", \"product_id\": \"6\"}, \"is_configurable\": \"false\"}',	NULL,	11,	36,	NULL,	'2020-04-03 16:26:46',	'2020-04-03 16:31:32',	NULL,	''),
(59,	1,	'01abc',	'simple',	'Chocolate powder',	NULL,	50.0000,	50.0000,	50.0000,	8.0000,	8.0000,	8.0000,	8.0000,	0.0000,	0.0000,	0.0000,	0.0000,	0.0000,	0.0000,	'{\"_token\": \"l0c7DBJkras1JIEwAkjYvqTmqXXkOeNvBhx9SQRH\", \"product\": \"21\", \"quantity\": \"1\", \"is_configurable\": \"false\"}',	NULL,	21,	37,	NULL,	'2020-04-05 12:05:54',	'2020-04-05 12:05:54',	NULL,	''),
(60,	2,	'01abc',	'simple',	'Chocolate powder',	NULL,	50.0000,	100.0000,	100.0000,	8.0000,	8.0000,	16.0000,	16.0000,	0.0000,	0.0000,	0.0000,	0.0000,	0.0000,	0.0000,	'{\"_token\": \"fFrOVaYJa52leBEHdX7ZscfU407HQ80THdcBxNfn\", \"quantity\": 2, \"is_buy_now\": \"1\", \"product_id\": \"21\"}',	NULL,	21,	38,	NULL,	'2020-04-05 16:21:14',	'2020-04-05 16:23:10',	NULL,	''),
(61,	1,	'01abc',	'simple',	'Organic Chocolate Sauce',	NULL,	50.0000,	50.0000,	50.0000,	8.0000,	8.0000,	8.0000,	8.0000,	0.0000,	0.0000,	0.0000,	0.0000,	0.0000,	0.0000,	'{\"_token\": \"fFrOVaYJa52leBEHdX7ZscfU407HQ80THdcBxNfn\", \"quantity\": \"1\", \"is_buy_now\": \"0\", \"product_id\": \"21\"}',	NULL,	21,	39,	NULL,	'2020-04-05 16:32:10',	'2020-04-05 16:32:10',	NULL,	''),
(65,	2,	'rawpork-33',	'simple',	'Raw Pork Ribs',	NULL,	2.0000,	4.0000,	4.0000,	11.0000,	11.0000,	22.0000,	22.0000,	0.0000,	0.0000,	0.0000,	0.0000,	0.0000,	0.0000,	'{\"_token\": \"fXSxjmcT8ROPydcyMPg9YrjNgxLet1Z3WhVCI1WS\", \"quantity\": 2, \"is_buy_now\": \"1\", \"product_id\": \"10\"}',	NULL,	10,	43,	NULL,	'2020-04-12 17:44:08',	'2020-04-12 17:44:14',	NULL,	''),
(66,	1,	'simple123',	'simple',	'Cod Cheek',	NULL,	21.0000,	21.0000,	21.0000,	8.0000,	8.0000,	8.0000,	8.0000,	0.0000,	0.0000,	0.0000,	0.0000,	0.0000,	0.0000,	'{\"_token\": \"LXy9aIS9279SZyWBJzFRRkETBb0NQhc18lYuddq4\", \"quantity\": \"1\", \"is_buy_now\": \"0\", \"product_id\": \"18\"}',	NULL,	18,	44,	NULL,	'2020-04-12 19:45:24',	'2020-04-13 02:35:47',	NULL,	''),
(67,	1,	'123jdkf',	'simple',	'John Dory',	NULL,	10.0000,	10.0000,	10.0000,	12.0000,	12.0000,	12.0000,	12.0000,	0.0000,	0.0000,	0.0000,	0.0000,	0.0000,	0.0000,	'{\"_token\": \"LXy9aIS9279SZyWBJzFRRkETBb0NQhc18lYuddq4\", \"quantity\": \"1\", \"is_buy_now\": \"0\", \"product_id\": \"63\"}',	NULL,	63,	44,	NULL,	'2020-04-13 02:33:20',	'2020-04-13 02:35:47',	NULL,	''),
(68,	1,	'cod001',	'simple',	'Cod',	NULL,	10.0000,	10.0000,	10.0000,	6.0000,	6.0000,	6.0000,	6.0000,	0.0000,	0.0000,	0.0000,	0.0000,	0.0000,	0.0000,	'{\"_token\": \"R2jV0lB6qXyeFgEmSxLevSVMaE26UCdRQ65bsC6v\", \"product\": \"66\", \"quantity\": \"1\", \"is_configurable\": \"false\"}',	NULL,	66,	45,	NULL,	'2020-04-13 18:05:43',	'2020-04-13 18:05:43',	NULL,	''),
(69,	1,	'123jdkf',	'simple',	'John Dory',	NULL,	10.0000,	10.0000,	10.0000,	12.0000,	12.0000,	12.0000,	12.0000,	0.0000,	0.0000,	0.0000,	0.0000,	0.0000,	0.0000,	'{\"_token\": \"AeNlB2UI5oUpxsgnvN8LuXL5KgrWNGi1VppoLQ1N\", \"quantity\": \"1\", \"is_buy_now\": \"0\", \"product_id\": \"63\"}',	NULL,	63,	46,	NULL,	'2020-04-14 02:54:01',	'2020-04-14 02:54:01',	NULL,	''),
(70,	1,	'newshop',	'simple',	'Vegatbalesss',	NULL,	11.0000,	11.0000,	11.0000,	3.0000,	3.0000,	3.0000,	3.0000,	0.0000,	0.0000,	0.0000,	0.0000,	0.0000,	0.0000,	'{\"_token\": \"GY6jcPFQsuJm4Sfxulfkonwv1hRCBAqFeFJQ0FvD\", \"product\": \"68\", \"quantity\": \"1\", \"is_configurable\": \"false\"}',	NULL,	68,	47,	NULL,	'2020-04-25 16:45:08',	'2020-04-25 16:46:23',	NULL,	''),
(71,	1,	'123',	'simple',	'Just Shrimps',	NULL,	10.0000,	10.0000,	10.0000,	9.0000,	9.0000,	9.0000,	9.0000,	0.0000,	0.0000,	0.0000,	0.0000,	0.0000,	0.0000,	'{\"_token\": \"FvibzLrj9fkcGmxCbEGYLt6Wqxn0fITKaWLRvo4F\", \"product\": \"1\", \"quantity\": \"1\", \"is_configurable\": \"false\"}',	NULL,	1,	48,	NULL,	'2020-04-28 17:34:41',	'2020-05-09 18:39:58',	NULL,	''),
(73,	1,	'123dfz',	'simple',	'test',	NULL,	23.0000,	23.0000,	23.0000,	343.0000,	343.0000,	343.0000,	343.0000,	0.0000,	0.0000,	0.0000,	0.0000,	0.0000,	0.0000,	'{\"_token\": \"Kt51SCcUi1YEGGXX4fGWHWQQ68bz7lTtaAXCsvk6\", \"quantity\": \"1\", \"is_buy_now\": \"0\", \"product_id\": \"69\"}',	NULL,	69,	49,	NULL,	'2020-04-28 17:34:57',	'2020-04-28 17:35:37',	NULL,	''),
(74,	2,	'rowpok',	'simple',	'Raw ',	NULL,	1.0000,	2.0000,	2.0000,	9.0000,	9.0000,	18.0000,	18.0000,	0.0000,	0.0000,	0.0000,	0.0000,	0.0000,	0.0000,	'{\"_token\": \"cRN8yYhopYLzT3204jkJK9MTFbkzXa8zQeSAvKrq\", \"product\": \"8\", \"quantity\": \"1\", \"is_configurable\": \"false\"}',	NULL,	8,	50,	NULL,	'2020-05-03 13:22:02',	'2020-05-11 00:17:58',	NULL,	''),
(75,	1,	'123',	'simple',	'Just Shrimps',	NULL,	10.0000,	10.0000,	10.0000,	9.0000,	9.0000,	9.0000,	9.0000,	0.0000,	0.0000,	0.0000,	0.0000,	0.0000,	0.0000,	'{\"_token\": \"h6B5qsbEyHSMw3f4J43KZvM8X9t332zYcvAPeO4r\", \"quantity\": \"1\", \"is_buy_now\": \"0\", \"product_id\": \"1\"}',	NULL,	1,	50,	NULL,	'2020-05-03 13:51:06',	'2020-05-11 00:17:58',	NULL,	''),
(76,	1,	'123',	'simple',	'Just Shrimps',	NULL,	10.0000,	10.0000,	10.0000,	9.0000,	9.0000,	9.0000,	9.0000,	0.0000,	0.0000,	0.0000,	0.0000,	0.0000,	0.0000,	'{\"_token\": \"w0GtBlmfECJCMYIg9HYO1yw0Vo6Md8RqomnycJ16\", \"product\": \"1\", \"quantity\": \"1\", \"is_configurable\": \"false\"}',	NULL,	1,	51,	NULL,	'2020-05-04 02:17:30',	'2020-05-04 02:27:23',	NULL,	''),
(77,	5,	'123jdkf',	'simple',	'John Dory',	NULL,	10.0000,	50.0000,	50.0000,	12.0000,	12.0000,	60.0000,	60.0000,	0.0000,	0.0000,	0.0000,	0.0000,	0.0000,	0.0000,	'{\"_token\": \"w0GtBlmfECJCMYIg9HYO1yw0Vo6Md8RqomnycJ16\", \"quantity\": 5, \"is_buy_now\": \"0\", \"product_id\": \"63\"}',	NULL,	63,	51,	NULL,	'2020-05-04 02:27:18',	'2020-05-04 02:27:23',	NULL,	''),
(78,	2,	'test123',	'simple',	'Cod',	NULL,	8.0000,	16.0000,	16.0000,	5.0000,	5.0000,	10.0000,	10.0000,	0.0000,	0.0000,	0.0000,	0.0000,	0.0000,	0.0000,	'{\"_token\": \"f8j1ogP4ndSKix5v5dvAt86Nqc3xC57ZGWILw7mT\", \"quantity\": 2, \"is_buy_now\": \"0\", \"product_id\": \"65\"}',	NULL,	65,	52,	NULL,	'2020-05-04 13:44:20',	'2020-05-05 15:23:36',	NULL,	''),
(79,	1,	'wildsamon1',	'simple',	'Wildsamon',	NULL,	12.0000,	12.0000,	12.0000,	20.0000,	20.0000,	20.0000,	20.0000,	0.0000,	0.0000,	0.0000,	0.0000,	0.0000,	0.0000,	'{\"_token\": \"z6T1JmCA9ZAQuZi1i9GZ9ujw07hU5JzuLtjnnkLZ\", \"quantity\": \"1\", \"is_buy_now\": \"0\", \"product_id\": \"7\"}',	NULL,	7,	50,	NULL,	'2020-05-05 10:46:38',	'2020-05-11 00:17:58',	NULL,	''),
(80,	2,	'test123',	'simple',	'Cod',	NULL,	8.0000,	16.0000,	16.0000,	5.0000,	5.0000,	10.0000,	10.0000,	0.0000,	0.0000,	0.0000,	0.0000,	0.0000,	0.0000,	'{\"_token\": \"3EPEB96WmOj3sHPYGsFjpUfJwDe3v13xjVSn4dQc\", \"quantity\": 2, \"is_buy_now\": \"1\", \"product_id\": \"65\"}',	NULL,	65,	53,	NULL,	'2020-05-09 14:44:30',	'2020-05-09 14:45:47',	NULL,	''),
(81,	1,	'123jdkf',	'simple',	'John Dory',	NULL,	10.0000,	10.0000,	10.0000,	12.0000,	12.0000,	12.0000,	12.0000,	0.0000,	0.0000,	0.0000,	0.0000,	0.0000,	0.0000,	'{\"_token\": \"HFpqSmTyLRLDdngT5fXNWNLN3LFICAaswvRE2c3H\", \"quantity\": \"1\", \"is_buy_now\": \"0\", \"product_id\": \"63\"}',	NULL,	63,	54,	NULL,	'2020-05-09 15:04:44',	'2020-05-09 15:14:44',	NULL,	''),
(82,	1,	'123jdkf',	'simple',	'John Dory',	NULL,	10.0000,	10.0000,	10.0000,	12.0000,	12.0000,	12.0000,	12.0000,	0.0000,	0.0000,	0.0000,	0.0000,	0.0000,	0.0000,	'{\"_token\": \"8DIx3PPimPzvll0CJ0FFgTSVCcBHX3EAcJD7Y9hP\", \"quantity\": \"1\", \"is_buy_now\": \"0\", \"product_id\": \"63\"}',	NULL,	63,	48,	NULL,	'2020-05-09 18:36:54',	'2020-05-09 18:39:58',	NULL,	''),
(83,	2,	'123',	'simple',	'Just Shrimps',	NULL,	10.0000,	20.0000,	20.0000,	9.0000,	9.0000,	18.0000,	18.0000,	0.0000,	0.0000,	0.0000,	0.0000,	0.0000,	0.0000,	'{\"_token\": \"2T1UQ7K3M9o6neBmzcetHJsrr2IGs5r4zF3CspcE\", \"quantity\": 2, \"is_buy_now\": \"1\", \"product_id\": \"1\"}',	NULL,	1,	56,	NULL,	'2020-05-09 18:59:34',	'2020-05-09 19:02:34',	NULL,	''),
(84,	2,	'test123',	'simple',	'Cod',	NULL,	8.0000,	16.0000,	16.0000,	5.0000,	5.0000,	10.0000,	10.0000,	0.0000,	0.0000,	0.0000,	0.0000,	0.0000,	0.0000,	'{\"_token\": \"SADMNhhQcrA71fqF1JP0J8wStp72dLCG8dnyBfej\", \"quantity\": 2, \"is_buy_now\": \"0\", \"product_id\": \"65\"}',	NULL,	65,	57,	NULL,	'2020-05-09 20:19:30',	'2020-05-09 21:56:05',	NULL,	''),
(85,	1,	'test123',	'simple',	'Cod',	NULL,	8.0000,	8.0000,	8.0000,	5.0000,	5.0000,	5.0000,	5.0000,	0.0000,	0.0000,	0.0000,	0.0000,	0.0000,	0.0000,	'{\"_token\": \"Oxo9QebbkjjEygJrVIaOnmu1RKwkBD23wfkqkD18\", \"quantity\": \"1\", \"is_buy_now\": \"0\", \"product_id\": \"65\"}',	NULL,	65,	58,	NULL,	'2020-05-09 21:51:11',	'2020-05-09 21:51:11',	NULL,	''),
(86,	2,	'test123',	'simple',	'Cod',	NULL,	8.0000,	16.0000,	16.0000,	5.0000,	5.0000,	10.0000,	10.0000,	0.0000,	0.0000,	0.0000,	0.0000,	0.0000,	0.0000,	'{\"_token\": \"HoGqTZzOdnBhmm7lqDM8Qlomnn0OH76e7ESSFuHA\", \"quantity\": 2, \"is_buy_now\": \"0\", \"product_id\": \"65\"}',	NULL,	65,	59,	NULL,	'2020-05-09 21:52:03',	'2020-05-09 21:57:29',	NULL,	''),
(87,	2,	'test123',	'simple',	'Cod',	NULL,	8.0000,	16.0000,	16.0000,	5.0000,	5.0000,	10.0000,	10.0000,	0.0000,	0.0000,	0.0000,	0.0000,	0.0000,	0.0000,	'{\"_token\": \"QGviid1Q1Ia27mY52q9cIOAHUaxSkwjp1xxfUSH7\", \"quantity\": 2, \"is_buy_now\": \"1\", \"product_id\": \"65\"}',	NULL,	65,	60,	NULL,	'2020-05-09 21:53:24',	'2020-05-09 21:53:58',	NULL,	''),
(88,	2,	'test123',	'simple',	'Cod',	NULL,	8.0000,	16.0000,	16.0000,	5.0000,	5.0000,	10.0000,	10.0000,	0.0000,	0.0000,	0.0000,	0.0000,	0.0000,	0.0000,	'{\"_token\": \"xueopWzgkI5pOPgao5HKWWZPMMk8JifCW5xsQyfi\", \"quantity\": 2, \"is_buy_now\": \"1\", \"product_id\": \"65\"}',	NULL,	65,	61,	NULL,	'2020-05-09 21:53:48',	'2020-05-09 21:54:08',	NULL,	''),
(95,	1,	'wildsamon1',	'simple',	'Wildsamon',	NULL,	12.0000,	12.0000,	12.0000,	20.0000,	20.0000,	20.0000,	20.0000,	0.0000,	0.0000,	0.0000,	0.0000,	0.0000,	0.0000,	'{\"_token\": \"JvWZCyc6qeHgjXqYCU9OZ7DCWFDP3dba5N08oshY\", \"product\": \"7\", \"quantity\": \"1\", \"is_configurable\": \"false\"}',	NULL,	7,	65,	NULL,	'2020-05-10 14:53:52',	'2020-05-10 14:53:52',	NULL,	''),
(96,	2,	'123jdkf',	'simple',	'John Dory',	NULL,	10.0000,	20.0000,	20.0000,	12.0000,	12.0000,	24.0000,	24.0000,	0.0000,	0.0000,	0.0000,	0.0000,	0.0000,	0.0000,	'{\"_token\": \"DvWGsPS6GeZFd6OnuzlC2kXCVXq9KKJtcGkXlNoI\", \"quantity\": 2, \"is_buy_now\": \"0\", \"product_id\": \"63\"}',	NULL,	63,	66,	NULL,	'2020-05-10 20:22:31',	'2020-05-10 20:22:38',	NULL,	''),
(98,	2,	'123',	'simple',	'Just Shrimps',	NULL,	10.0000,	20.0000,	20.0000,	9.0000,	9.0000,	18.0000,	18.0000,	0.0000,	0.0000,	0.0000,	0.0000,	0.0000,	0.0000,	'{\"_token\": \"Fz1qS8SI7IGlCZjkldPrAccWs83rAgJ4ZOJVI3eB\", \"quantity\": 2, \"is_buy_now\": \"0\", \"product_id\": \"1\"}',	NULL,	1,	68,	NULL,	'2020-05-11 11:25:36',	'2020-05-11 17:21:44',	NULL,	''),
(99,	1,	'rowprok12',	'simple',	'Raw Pork Ribs',	NULL,	21.0000,	21.0000,	21.0000,	20.0000,	20.0000,	20.0000,	20.0000,	0.0000,	0.0000,	0.0000,	0.0000,	0.0000,	0.0000,	'{\"_token\": \"rcOkVdsa1IrMN2mxkUcJgCp0dIsVLPB4MlZJ9EPc\", \"product\": \"6\", \"quantity\": \"1\", \"is_configurable\": \"false\"}',	NULL,	6,	69,	NULL,	'2020-05-12 13:06:49',	'2020-05-12 13:06:58',	NULL,	''),
(100,	1,	'123',	'simple',	'Just Shrimps',	NULL,	10.0000,	10.0000,	10.0000,	9.0000,	9.0000,	9.0000,	9.0000,	0.0000,	0.0000,	0.0000,	0.0000,	0.0000,	0.0000,	'{\"_token\": \"SU40dWzbY1SIIpKmkuxnqM09FRUE3jBOTtrID8Y0\", \"quantity\": \"1\", \"is_buy_now\": \"0\", \"product_id\": \"1\"}',	NULL,	1,	70,	NULL,	'2020-05-12 14:39:59',	'2020-05-12 14:40:48',	NULL,	'');

DROP TABLE IF EXISTS `cart_item_inventories`;
CREATE TABLE `cart_item_inventories` (
  `id` int(10) unsigned NOT NULL AUTO_INCREMENT,
  `qty` int(10) unsigned NOT NULL DEFAULT '0',
  `inventory_source_id` int(10) unsigned DEFAULT NULL,
  `cart_item_id` int(10) unsigned DEFAULT NULL,
  `created_at` timestamp NULL DEFAULT NULL,
  `updated_at` timestamp NULL DEFAULT NULL,
  PRIMARY KEY (`id`)
) ENGINE=InnoDB DEFAULT CHARSET=utf8mb4 COLLATE=utf8mb4_unicode_ci ROW_FORMAT=DYNAMIC;


DROP TABLE IF EXISTS `cart_payment`;
CREATE TABLE `cart_payment` (
  `id` int(10) unsigned NOT NULL AUTO_INCREMENT,
  `method` varchar(191) COLLATE utf8mb4_unicode_ci NOT NULL,
  `method_title` varchar(191) COLLATE utf8mb4_unicode_ci DEFAULT NULL,
  `cart_id` int(10) unsigned DEFAULT NULL,
  `created_at` timestamp NULL DEFAULT NULL,
  `updated_at` timestamp NULL DEFAULT NULL,
  PRIMARY KEY (`id`),
  KEY `cart_payment_cart_id_foreign` (`cart_id`),
  CONSTRAINT `cart_payment_cart_id_foreign` FOREIGN KEY (`cart_id`) REFERENCES `cart` (`id`) ON DELETE CASCADE
) ENGINE=InnoDB DEFAULT CHARSET=utf8mb4 COLLATE=utf8mb4_unicode_ci ROW_FORMAT=DYNAMIC;

INSERT INTO `cart_payment` (`id`, `method`, `method_title`, `cart_id`, `created_at`, `updated_at`) VALUES
(1,	'cashondelivery',	NULL,	1,	'2020-03-23 15:45:30',	'2020-03-23 15:45:30'),
(2,	'cashondelivery',	NULL,	19,	'2020-03-31 06:25:37',	'2020-03-31 06:25:37'),
(3,	'cashondelivery',	NULL,	21,	'2020-04-01 08:03:22',	'2020-04-01 08:03:22'),
(4,	'cashondelivery',	NULL,	22,	'2020-04-01 08:10:38',	'2020-04-01 08:10:38'),
(5,	'cashondelivery',	NULL,	23,	'2020-04-01 08:13:49',	'2020-04-01 08:13:49'),
(6,	'cashondelivery',	NULL,	24,	'2020-04-01 15:58:07',	'2020-04-01 15:58:07'),
(7,	'cashondelivery',	NULL,	25,	'2020-04-01 16:06:25',	'2020-04-01 16:06:25'),
(8,	'cashondelivery',	NULL,	26,	'2020-04-01 16:08:26',	'2020-04-01 16:08:26'),
(9,	'cashondelivery',	NULL,	27,	'2020-04-01 16:26:46',	'2020-04-01 16:26:46'),
(10,	'cashondelivery',	NULL,	28,	'2020-04-01 21:36:56',	'2020-04-01 21:36:56'),
(11,	'cashondelivery',	NULL,	29,	'2020-04-01 21:40:06',	'2020-04-01 21:40:06'),
(12,	'cashondelivery',	NULL,	30,	'2020-04-01 21:46:06',	'2020-04-01 21:46:06'),
(13,	'cashondelivery',	NULL,	31,	'2020-04-02 06:20:44',	'2020-04-02 06:20:44'),
(14,	'cashondelivery',	NULL,	34,	'2020-04-03 15:39:38',	'2020-04-03 15:39:38'),
(15,	'cashondelivery',	NULL,	36,	'2020-04-03 16:31:25',	'2020-04-03 16:31:25'),
(17,	'cashondelivery',	NULL,	38,	'2020-04-05 16:23:04',	'2020-04-05 16:23:04'),
(18,	'cashondelivery',	NULL,	41,	'2020-04-10 16:18:51',	'2020-04-10 16:18:51'),
(19,	'cashondelivery',	NULL,	44,	'2020-04-13 02:33:56',	'2020-04-13 02:33:56'),
(20,	'paypal_standard',	NULL,	47,	'2020-04-25 16:46:16',	'2020-04-25 16:46:16'),
(21,	'cashondelivery',	NULL,	50,	'2020-05-03 14:53:41',	'2020-05-03 14:53:41'),
(23,	'cashondelivery',	NULL,	48,	'2020-05-09 18:39:58',	'2020-05-09 18:39:58'),
(24,	'paypal_standard',	NULL,	68,	'2020-05-11 17:21:38',	'2020-05-11 17:21:38'),
(25,	'cashondelivery',	NULL,	70,	'2020-05-12 14:40:41',	'2020-05-12 14:40:41');

DROP TABLE IF EXISTS `cart_rules`;
CREATE TABLE `cart_rules` (
  `id` int(10) unsigned NOT NULL AUTO_INCREMENT,
  `name` varchar(191) COLLATE utf8mb4_unicode_ci DEFAULT NULL,
  `description` varchar(191) COLLATE utf8mb4_unicode_ci DEFAULT NULL,
  `starts_from` date DEFAULT NULL,
  `ends_till` date DEFAULT NULL,
  `status` tinyint(1) NOT NULL DEFAULT '0',
  `coupon_type` int(11) NOT NULL DEFAULT '1',
  `use_auto_generation` tinyint(1) NOT NULL DEFAULT '0',
  `usage_per_customer` int(11) NOT NULL DEFAULT '0',
  `uses_per_coupon` int(11) NOT NULL DEFAULT '0',
  `times_used` int(10) unsigned NOT NULL DEFAULT '0',
  `condition_type` tinyint(1) NOT NULL DEFAULT '1',
  `conditions` json DEFAULT NULL,
  `end_other_rules` tinyint(1) NOT NULL DEFAULT '0',
  `uses_attribute_conditions` tinyint(1) NOT NULL DEFAULT '0',
  `action_type` varchar(191) COLLATE utf8mb4_unicode_ci DEFAULT NULL,
  `discount_amount` decimal(12,4) NOT NULL DEFAULT '0.0000',
  `discount_quantity` int(11) NOT NULL DEFAULT '1',
  `discount_step` varchar(191) COLLATE utf8mb4_unicode_ci NOT NULL DEFAULT '1',
  `apply_to_shipping` tinyint(1) NOT NULL DEFAULT '0',
  `free_shipping` tinyint(1) NOT NULL DEFAULT '0',
  `sort_order` int(10) unsigned NOT NULL DEFAULT '0',
  `created_at` timestamp NULL DEFAULT NULL,
  `updated_at` timestamp NULL DEFAULT NULL,
  PRIMARY KEY (`id`)
) ENGINE=InnoDB DEFAULT CHARSET=utf8mb4 COLLATE=utf8mb4_unicode_ci ROW_FORMAT=DYNAMIC;


DROP TABLE IF EXISTS `cart_rule_channels`;
CREATE TABLE `cart_rule_channels` (
  `cart_rule_id` int(10) unsigned NOT NULL,
  `channel_id` int(10) unsigned NOT NULL,
  PRIMARY KEY (`cart_rule_id`,`channel_id`),
  KEY `cart_rule_channels_channel_id_foreign` (`channel_id`),
  CONSTRAINT `cart_rule_channels_cart_rule_id_foreign` FOREIGN KEY (`cart_rule_id`) REFERENCES `cart_rules` (`id`) ON DELETE CASCADE,
  CONSTRAINT `cart_rule_channels_channel_id_foreign` FOREIGN KEY (`channel_id`) REFERENCES `channels` (`id`) ON DELETE CASCADE
) ENGINE=InnoDB DEFAULT CHARSET=utf8mb4 COLLATE=utf8mb4_unicode_ci ROW_FORMAT=DYNAMIC;


DROP TABLE IF EXISTS `cart_rule_coupons`;
CREATE TABLE `cart_rule_coupons` (
  `id` int(10) unsigned NOT NULL AUTO_INCREMENT,
  `code` varchar(191) COLLATE utf8mb4_unicode_ci DEFAULT NULL,
  `usage_limit` int(10) unsigned NOT NULL DEFAULT '0',
  `usage_per_customer` int(10) unsigned NOT NULL DEFAULT '0',
  `times_used` int(10) unsigned NOT NULL DEFAULT '0',
  `type` int(10) unsigned NOT NULL DEFAULT '0',
  `is_primary` tinyint(1) NOT NULL DEFAULT '0',
  `expired_at` date DEFAULT NULL,
  `cart_rule_id` int(10) unsigned NOT NULL,
  `created_at` timestamp NULL DEFAULT NULL,
  `updated_at` timestamp NULL DEFAULT NULL,
  PRIMARY KEY (`id`),
  KEY `cart_rule_coupons_cart_rule_id_foreign` (`cart_rule_id`),
  CONSTRAINT `cart_rule_coupons_cart_rule_id_foreign` FOREIGN KEY (`cart_rule_id`) REFERENCES `cart_rules` (`id`) ON DELETE CASCADE
) ENGINE=InnoDB DEFAULT CHARSET=utf8mb4 COLLATE=utf8mb4_unicode_ci ROW_FORMAT=DYNAMIC;


DROP TABLE IF EXISTS `cart_rule_coupon_usage`;
CREATE TABLE `cart_rule_coupon_usage` (
  `id` int(10) unsigned NOT NULL AUTO_INCREMENT,
  `times_used` int(11) NOT NULL DEFAULT '0',
  `cart_rule_coupon_id` int(10) unsigned NOT NULL,
  `customer_id` int(10) unsigned NOT NULL,
  PRIMARY KEY (`id`),
  KEY `cart_rule_coupon_usage_cart_rule_coupon_id_foreign` (`cart_rule_coupon_id`),
  KEY `cart_rule_coupon_usage_customer_id_foreign` (`customer_id`),
  CONSTRAINT `cart_rule_coupon_usage_cart_rule_coupon_id_foreign` FOREIGN KEY (`cart_rule_coupon_id`) REFERENCES `cart_rule_coupons` (`id`) ON DELETE CASCADE,
  CONSTRAINT `cart_rule_coupon_usage_customer_id_foreign` FOREIGN KEY (`customer_id`) REFERENCES `customers` (`id`) ON DELETE CASCADE
) ENGINE=InnoDB DEFAULT CHARSET=utf8mb4 COLLATE=utf8mb4_unicode_ci ROW_FORMAT=DYNAMIC;


DROP TABLE IF EXISTS `cart_rule_customers`;
CREATE TABLE `cart_rule_customers` (
  `id` int(10) unsigned NOT NULL AUTO_INCREMENT,
  `times_used` bigint(20) unsigned NOT NULL DEFAULT '0',
  `cart_rule_id` int(10) unsigned NOT NULL,
  `customer_id` int(10) unsigned NOT NULL,
  PRIMARY KEY (`id`),
  KEY `cart_rule_customers_cart_rule_id_foreign` (`cart_rule_id`),
  KEY `cart_rule_customers_customer_id_foreign` (`customer_id`),
  CONSTRAINT `cart_rule_customers_cart_rule_id_foreign` FOREIGN KEY (`cart_rule_id`) REFERENCES `cart_rules` (`id`) ON DELETE CASCADE,
  CONSTRAINT `cart_rule_customers_customer_id_foreign` FOREIGN KEY (`customer_id`) REFERENCES `customers` (`id`) ON DELETE CASCADE
) ENGINE=InnoDB DEFAULT CHARSET=utf8mb4 COLLATE=utf8mb4_unicode_ci ROW_FORMAT=DYNAMIC;


DROP TABLE IF EXISTS `cart_rule_customer_groups`;
CREATE TABLE `cart_rule_customer_groups` (
  `cart_rule_id` int(10) unsigned NOT NULL,
  `customer_group_id` int(10) unsigned NOT NULL,
  PRIMARY KEY (`cart_rule_id`,`customer_group_id`),
  KEY `cart_rule_customer_groups_customer_group_id_foreign` (`customer_group_id`),
  CONSTRAINT `cart_rule_customer_groups_cart_rule_id_foreign` FOREIGN KEY (`cart_rule_id`) REFERENCES `cart_rules` (`id`) ON DELETE CASCADE,
  CONSTRAINT `cart_rule_customer_groups_customer_group_id_foreign` FOREIGN KEY (`customer_group_id`) REFERENCES `customer_groups` (`id`) ON DELETE CASCADE
) ENGINE=InnoDB DEFAULT CHARSET=utf8mb4 COLLATE=utf8mb4_unicode_ci ROW_FORMAT=DYNAMIC;


DROP TABLE IF EXISTS `cart_rule_translations`;
CREATE TABLE `cart_rule_translations` (
  `id` int(10) unsigned NOT NULL AUTO_INCREMENT,
  `locale` varchar(191) COLLATE utf8mb4_unicode_ci NOT NULL,
  `label` text COLLATE utf8mb4_unicode_ci,
  `cart_rule_id` int(10) unsigned NOT NULL,
  PRIMARY KEY (`id`),
  UNIQUE KEY `cart_rule_translations_cart_rule_id_locale_unique` (`cart_rule_id`,`locale`),
  CONSTRAINT `cart_rule_translations_cart_rule_id_foreign` FOREIGN KEY (`cart_rule_id`) REFERENCES `cart_rules` (`id`) ON DELETE CASCADE
) ENGINE=InnoDB DEFAULT CHARSET=utf8mb4 COLLATE=utf8mb4_unicode_ci ROW_FORMAT=DYNAMIC;


DROP TABLE IF EXISTS `cart_shipping_rates`;
CREATE TABLE `cart_shipping_rates` (
  `id` int(10) unsigned NOT NULL AUTO_INCREMENT,
  `carrier` varchar(191) COLLATE utf8mb4_unicode_ci NOT NULL,
  `carrier_title` varchar(191) COLLATE utf8mb4_unicode_ci NOT NULL,
  `method` varchar(191) COLLATE utf8mb4_unicode_ci NOT NULL,
  `method_title` varchar(191) COLLATE utf8mb4_unicode_ci NOT NULL,
  `method_description` varchar(191) COLLATE utf8mb4_unicode_ci DEFAULT NULL,
  `price` double DEFAULT '0',
  `base_price` double DEFAULT '0',
  `cart_address_id` int(10) unsigned DEFAULT NULL,
  `created_at` timestamp NULL DEFAULT NULL,
  `updated_at` timestamp NULL DEFAULT NULL,
  `discount_amount` decimal(12,4) NOT NULL DEFAULT '0.0000',
  `base_discount_amount` decimal(12,4) NOT NULL DEFAULT '0.0000',
  PRIMARY KEY (`id`),
  KEY `cart_shipping_rates_cart_address_id_foreign` (`cart_address_id`),
  CONSTRAINT `cart_shipping_rates_cart_address_id_foreign` FOREIGN KEY (`cart_address_id`) REFERENCES `cart_address` (`id`) ON DELETE CASCADE
) ENGINE=InnoDB DEFAULT CHARSET=utf8mb4 COLLATE=utf8mb4_unicode_ci ROW_FORMAT=DYNAMIC;

INSERT INTO `cart_shipping_rates` (`id`, `carrier`, `carrier_title`, `method`, `method_title`, `method_description`, `price`, `base_price`, `cart_address_id`, `created_at`, `updated_at`, `discount_amount`, `base_discount_amount`) VALUES
(1,	'flatrate',	'Flat Rate',	'flatrate_flatrate',	'Flat Rate',	'Flat Rate Shipping',	10,	10,	2,	'2020-03-23 15:45:09',	'2020-03-23 15:45:09',	0.0000,	0.0000),
(2,	'free',	'Free Shipping',	'free_free',	'Free Shipping',	'Free Shipping',	0,	0,	2,	'2020-03-23 15:45:09',	'2020-03-23 15:45:37',	0.0000,	0.0000),
(3,	'flatrate',	'Flat Rate',	'flatrate_flatrate',	'Flat Rate',	'Flat Rate Shipping',	10,	10,	4,	'2020-03-31 06:25:30',	'2020-03-31 06:25:30',	0.0000,	0.0000),
(4,	'free',	'Free Shipping',	'free_free',	'Free Shipping',	'Free Shipping',	0,	0,	4,	'2020-03-31 06:25:30',	'2020-03-31 06:25:42',	0.0000,	0.0000),
(5,	'flatrate',	'Flat Rate',	'flatrate_flatrate',	'Flat Rate',	'Flat Rate Shipping',	20,	20,	6,	'2020-04-01 08:03:18',	'2020-04-01 08:03:29',	0.0000,	0.0000),
(6,	'free',	'Free Shipping',	'free_free',	'Free Shipping',	'Free Shipping',	0,	0,	6,	'2020-04-01 08:03:18',	'2020-04-01 08:03:18',	0.0000,	0.0000),
(7,	'flatrate',	'Flat Rate',	'flatrate_flatrate',	'Flat Rate',	'Flat Rate Shipping',	20,	20,	8,	'2020-04-01 08:10:34',	'2020-04-01 08:10:41',	0.0000,	0.0000),
(8,	'free',	'Free Shipping',	'free_free',	'Free Shipping',	'Free Shipping',	0,	0,	8,	'2020-04-01 08:10:34',	'2020-04-01 08:10:34',	0.0000,	0.0000),
(9,	'flatrate',	'Flat Rate',	'flatrate_flatrate',	'Flat Rate',	'Flat Rate Shipping',	10,	10,	10,	'2020-04-01 08:13:44',	'2020-04-01 08:13:52',	0.0000,	0.0000),
(10,	'free',	'Free Shipping',	'free_free',	'Free Shipping',	'Free Shipping',	0,	0,	10,	'2020-04-01 08:13:44',	'2020-04-01 08:13:44',	0.0000,	0.0000),
(11,	'flatrate',	'Flat Rate',	'flatrate_flatrate',	'Flat Rate',	'Flat Rate Shipping',	10,	10,	12,	'2020-04-01 15:57:54',	'2020-04-01 15:57:54',	0.0000,	0.0000),
(12,	'free',	'Free Shipping',	'free_free',	'Free Shipping',	'Free Shipping',	0,	0,	12,	'2020-04-01 15:57:54',	'2020-04-01 15:58:38',	0.0000,	0.0000),
(13,	'flatrate',	'Flat Rate',	'flatrate_flatrate',	'Flat Rate',	'Flat Rate Shipping',	10,	10,	14,	'2020-04-01 16:01:15',	'2020-04-01 16:01:15',	0.0000,	0.0000),
(14,	'free',	'Free Shipping',	'free_free',	'Free Shipping',	'Free Shipping',	0,	0,	14,	'2020-04-01 16:01:15',	'2020-04-01 16:06:28',	0.0000,	0.0000),
(15,	'flatrate',	'Flat Rate',	'flatrate_flatrate',	'Flat Rate',	'Flat Rate Shipping',	10,	10,	16,	'2020-04-01 16:08:21',	'2020-04-01 16:08:37',	0.0000,	0.0000),
(16,	'free',	'Free Shipping',	'free_free',	'Free Shipping',	'Free Shipping',	0,	0,	16,	'2020-04-01 16:08:21',	'2020-04-01 16:08:21',	0.0000,	0.0000),
(17,	'flatrate',	'Flat Rate',	'flatrate_flatrate',	'Flat Rate',	'Flat Rate Shipping',	20,	20,	18,	'2020-04-01 16:26:40',	'2020-04-01 16:26:40',	0.0000,	0.0000),
(18,	'free',	'Free Shipping',	'free_free',	'Free Shipping',	'Free Shipping',	0,	0,	18,	'2020-04-01 16:26:40',	'2020-04-01 16:26:51',	0.0000,	0.0000),
(19,	'flatrate',	'Flat Rate',	'flatrate_flatrate',	'Flat Rate',	'Flat Rate Shipping',	30,	30,	20,	'2020-04-01 21:36:46',	'2020-04-01 21:37:01',	0.0000,	0.0000),
(20,	'free',	'Free Shipping',	'free_free',	'Free Shipping',	'Free Shipping',	0,	0,	20,	'2020-04-01 21:36:46',	'2020-04-01 21:36:46',	0.0000,	0.0000),
(21,	'flatrate',	'Flat Rate',	'flatrate_flatrate',	'Flat Rate',	'Flat Rate Shipping',	30,	30,	22,	'2020-04-01 21:39:56',	'2020-04-01 21:40:13',	0.0000,	0.0000),
(22,	'free',	'Free Shipping',	'free_free',	'Free Shipping',	'Free Shipping',	0,	0,	22,	'2020-04-01 21:39:56',	'2020-04-01 21:39:56',	0.0000,	0.0000),
(23,	'flatrate',	'Flat Rate',	'flatrate_flatrate',	'Flat Rate',	'Flat Rate Shipping',	20,	20,	24,	'2020-04-01 21:45:58',	'2020-04-01 21:46:08',	0.0000,	0.0000),
(24,	'free',	'Free Shipping',	'free_free',	'Free Shipping',	'Free Shipping',	0,	0,	24,	'2020-04-01 21:45:58',	'2020-04-01 21:45:58',	0.0000,	0.0000),
(25,	'flatrate',	'Flat Rate',	'flatrate_flatrate',	'Flat Rate',	'Flat Rate Shipping',	60,	60,	26,	'2020-04-02 06:20:40',	'2020-04-02 06:20:47',	0.0000,	0.0000),
(26,	'free',	'Free Shipping',	'free_free',	'Free Shipping',	'Free Shipping',	0,	0,	26,	'2020-04-02 06:20:40',	'2020-04-02 06:20:40',	0.0000,	0.0000),
(27,	'flatrate',	'Flat Rate',	'flatrate_flatrate',	'Flat Rate',	'Flat Rate Shipping',	10,	10,	28,	'2020-04-03 15:39:30',	'2020-04-03 15:39:30',	0.0000,	0.0000),
(28,	'free',	'Free Shipping',	'free_free',	'Free Shipping',	'Free Shipping',	0,	0,	28,	'2020-04-03 15:39:30',	'2020-04-03 15:39:46',	0.0000,	0.0000),
(29,	'flatrate',	'Flat Rate',	'flatrate_flatrate',	'Flat Rate',	'Flat Rate Shipping',	20,	20,	30,	'2020-04-03 16:27:43',	'2020-04-03 16:27:43',	0.0000,	0.0000),
(30,	'free',	'Free Shipping',	'free_free',	'Free Shipping',	'Free Shipping',	0,	0,	30,	'2020-04-03 16:27:43',	'2020-04-03 16:31:32',	0.0000,	0.0000),
(33,	'flatrate',	'Flat Rate',	'flatrate_flatrate',	'Flat Rate',	'Flat Rate Shipping',	20,	20,	32,	'2020-04-05 16:22:59',	'2020-04-05 16:22:59',	0.0000,	0.0000),
(34,	'free',	'Free Shipping',	'free_free',	'Free Shipping',	'Free Shipping',	0,	0,	32,	'2020-04-05 16:22:59',	'2020-04-05 16:23:10',	0.0000,	0.0000),
(35,	'flatrate',	'Flat Rate',	'flatrate_flatrate',	'Flat Rate',	'Flat Rate Shipping',	10,	10,	34,	'2020-04-10 16:18:40',	'2020-04-10 16:18:40',	0.0000,	0.0000),
(36,	'free',	'Free Shipping',	'free_free',	'Free Shipping',	'Free Shipping',	0,	0,	34,	'2020-04-10 16:18:40',	'2020-04-10 16:19:14',	0.0000,	0.0000),
(37,	'flatrate',	'Flat Rate',	'flatrate_flatrate',	'Flat Rate',	'Flat Rate Shipping',	20,	20,	36,	'2020-04-13 02:33:47',	'2020-04-13 02:33:47',	0.0000,	0.0000),
(38,	'free',	'Free Shipping',	'free_free',	'Free Shipping',	'Free Shipping',	0,	0,	36,	'2020-04-13 02:33:47',	'2020-04-13 02:35:47',	0.0000,	0.0000),
(39,	'flatrate',	'Flat Rate',	'flatrate_flatrate',	'Flat Rate',	'Flat Rate Shipping',	10,	10,	38,	'2020-04-25 16:46:07',	'2020-04-25 16:46:07',	0.0000,	0.0000),
(40,	'free',	'Free Shipping',	'free_free',	'Free Shipping',	'Free Shipping',	0,	0,	38,	'2020-04-25 16:46:07',	'2020-04-25 16:46:23',	0.0000,	0.0000),
(41,	'flatrate',	'Flat Rate',	'flatrate_flatrate',	'Flat Rate',	'Flat Rate Shipping',	20,	20,	40,	'2020-05-03 14:53:31',	'2020-05-11 00:17:58',	0.0000,	0.0000),
(42,	'free',	'Free Shipping',	'free_free',	'Free Shipping',	'Free Shipping',	0,	0,	40,	'2020-05-03 14:53:31',	'2020-05-03 14:53:31',	0.0000,	0.0000),
(45,	'flatrate',	'Flat Rate',	'flatrate_flatrate',	'Flat Rate',	'Flat Rate Shipping',	20,	20,	42,	'2020-05-09 18:39:54',	'2020-05-09 18:39:58',	0.0000,	0.0000),
(46,	'free',	'Free Shipping',	'free_free',	'Free Shipping',	'Free Shipping',	0,	0,	42,	'2020-05-09 18:39:54',	'2020-05-09 18:39:54',	0.0000,	0.0000),
(47,	'flatrate',	'Flat Rate',	'flatrate_flatrate',	'Flat Rate',	'Flat Rate Shipping',	20,	20,	44,	'2020-05-11 17:21:27',	'2020-05-11 17:21:27',	0.0000,	0.0000),
(48,	'free',	'Free Shipping',	'free_free',	'Free Shipping',	'Free Shipping',	0,	0,	44,	'2020-05-11 17:21:27',	'2020-05-11 17:21:44',	0.0000,	0.0000),
(49,	'flatrate',	'Flat Rate',	'flatrate_flatrate',	'Flat Rate',	'Flat Rate Shipping',	10,	10,	46,	'2020-05-12 14:40:30',	'2020-05-12 14:40:48',	0.0000,	0.0000),
(50,	'free',	'Free Shipping',	'free_free',	'Free Shipping',	'Free Shipping',	0,	0,	46,	'2020-05-12 14:40:30',	'2020-05-12 14:40:30',	0.0000,	0.0000);

DROP TABLE IF EXISTS `catalog_rules`;
CREATE TABLE `catalog_rules` (
  `id` int(10) unsigned NOT NULL AUTO_INCREMENT,
  `name` varchar(191) COLLATE utf8mb4_unicode_ci DEFAULT NULL,
  `description` varchar(191) COLLATE utf8mb4_unicode_ci DEFAULT NULL,
  `starts_from` date DEFAULT NULL,
  `ends_till` date DEFAULT NULL,
  `status` tinyint(1) NOT NULL DEFAULT '0',
  `condition_type` tinyint(1) NOT NULL DEFAULT '1',
  `conditions` json DEFAULT NULL,
  `end_other_rules` tinyint(1) NOT NULL DEFAULT '0',
  `action_type` varchar(191) COLLATE utf8mb4_unicode_ci DEFAULT NULL,
  `discount_amount` decimal(12,4) NOT NULL DEFAULT '0.0000',
  `sort_order` int(10) unsigned NOT NULL DEFAULT '0',
  `created_at` timestamp NULL DEFAULT NULL,
  `updated_at` timestamp NULL DEFAULT NULL,
  PRIMARY KEY (`id`)
) ENGINE=InnoDB DEFAULT CHARSET=utf8mb4 COLLATE=utf8mb4_unicode_ci ROW_FORMAT=DYNAMIC;

INSERT INTO `catalog_rules` (`id`, `name`, `description`, `starts_from`, `ends_till`, `status`, `condition_type`, `conditions`, `end_other_rules`, `action_type`, `discount_amount`, `sort_order`, `created_at`, `updated_at`) VALUES
(1,	'test',	'test1',	'2020-04-03',	'2020-04-11',	1,	1,	'[{\"value\": [\"11\"], \"operator\": \"{}\", \"attribute\": \"product|category_ids\", \"attribute_type\": \"multiselect\"}]',	1,	'by_percent',	20.0000,	1,	'2020-04-03 16:44:35',	'2020-04-03 16:44:35');

DROP TABLE IF EXISTS `catalog_rule_channels`;
CREATE TABLE `catalog_rule_channels` (
  `catalog_rule_id` int(10) unsigned NOT NULL,
  `channel_id` int(10) unsigned NOT NULL,
  PRIMARY KEY (`catalog_rule_id`,`channel_id`),
  KEY `catalog_rule_channels_channel_id_foreign` (`channel_id`),
  CONSTRAINT `catalog_rule_channels_catalog_rule_id_foreign` FOREIGN KEY (`catalog_rule_id`) REFERENCES `catalog_rules` (`id`) ON DELETE CASCADE,
  CONSTRAINT `catalog_rule_channels_channel_id_foreign` FOREIGN KEY (`channel_id`) REFERENCES `channels` (`id`) ON DELETE CASCADE
) ENGINE=InnoDB DEFAULT CHARSET=utf8mb4 COLLATE=utf8mb4_unicode_ci ROW_FORMAT=DYNAMIC;

INSERT INTO `catalog_rule_channels` (`catalog_rule_id`, `channel_id`) VALUES
(1,	1);

DROP TABLE IF EXISTS `catalog_rule_customer_groups`;
CREATE TABLE `catalog_rule_customer_groups` (
  `catalog_rule_id` int(10) unsigned NOT NULL,
  `customer_group_id` int(10) unsigned NOT NULL,
  PRIMARY KEY (`catalog_rule_id`,`customer_group_id`),
  KEY `catalog_rule_customer_groups_customer_group_id_foreign` (`customer_group_id`),
  CONSTRAINT `catalog_rule_customer_groups_catalog_rule_id_foreign` FOREIGN KEY (`catalog_rule_id`) REFERENCES `catalog_rules` (`id`) ON DELETE CASCADE,
  CONSTRAINT `catalog_rule_customer_groups_customer_group_id_foreign` FOREIGN KEY (`customer_group_id`) REFERENCES `customer_groups` (`id`) ON DELETE CASCADE
) ENGINE=InnoDB DEFAULT CHARSET=utf8mb4 COLLATE=utf8mb4_unicode_ci ROW_FORMAT=DYNAMIC;

INSERT INTO `catalog_rule_customer_groups` (`catalog_rule_id`, `customer_group_id`) VALUES
(1,	3);

DROP TABLE IF EXISTS `catalog_rule_products`;
CREATE TABLE `catalog_rule_products` (
  `id` int(10) unsigned NOT NULL AUTO_INCREMENT,
  `starts_from` datetime DEFAULT NULL,
  `ends_till` datetime DEFAULT NULL,
  `end_other_rules` tinyint(1) NOT NULL DEFAULT '0',
  `action_type` varchar(191) COLLATE utf8mb4_unicode_ci DEFAULT NULL,
  `discount_amount` decimal(12,4) NOT NULL DEFAULT '0.0000',
  `sort_order` int(10) unsigned NOT NULL DEFAULT '0',
  `product_id` int(10) unsigned NOT NULL,
  `customer_group_id` int(10) unsigned NOT NULL,
  `catalog_rule_id` int(10) unsigned NOT NULL,
  `channel_id` int(10) unsigned NOT NULL,
  PRIMARY KEY (`id`),
  KEY `catalog_rule_products_product_id_foreign` (`product_id`),
  KEY `catalog_rule_products_customer_group_id_foreign` (`customer_group_id`),
  KEY `catalog_rule_products_catalog_rule_id_foreign` (`catalog_rule_id`),
  KEY `catalog_rule_products_channel_id_foreign` (`channel_id`),
  CONSTRAINT `catalog_rule_products_catalog_rule_id_foreign` FOREIGN KEY (`catalog_rule_id`) REFERENCES `catalog_rules` (`id`) ON DELETE CASCADE,
  CONSTRAINT `catalog_rule_products_channel_id_foreign` FOREIGN KEY (`channel_id`) REFERENCES `channels` (`id`) ON DELETE CASCADE,
  CONSTRAINT `catalog_rule_products_customer_group_id_foreign` FOREIGN KEY (`customer_group_id`) REFERENCES `customer_groups` (`id`) ON DELETE CASCADE,
  CONSTRAINT `catalog_rule_products_product_id_foreign` FOREIGN KEY (`product_id`) REFERENCES `products` (`id`) ON DELETE CASCADE
) ENGINE=InnoDB DEFAULT CHARSET=utf8mb4 COLLATE=utf8mb4_unicode_ci ROW_FORMAT=DYNAMIC;


DROP TABLE IF EXISTS `catalog_rule_product_prices`;
CREATE TABLE `catalog_rule_product_prices` (
  `id` int(10) unsigned NOT NULL AUTO_INCREMENT,
  `price` decimal(12,4) NOT NULL DEFAULT '0.0000',
  `rule_date` date NOT NULL,
  `starts_from` datetime DEFAULT NULL,
  `ends_till` datetime DEFAULT NULL,
  `product_id` int(10) unsigned NOT NULL,
  `customer_group_id` int(10) unsigned NOT NULL,
  `catalog_rule_id` int(10) unsigned NOT NULL,
  `channel_id` int(10) unsigned NOT NULL,
  PRIMARY KEY (`id`),
  KEY `catalog_rule_product_prices_product_id_foreign` (`product_id`),
  KEY `catalog_rule_product_prices_customer_group_id_foreign` (`customer_group_id`),
  KEY `catalog_rule_product_prices_catalog_rule_id_foreign` (`catalog_rule_id`),
  KEY `catalog_rule_product_prices_channel_id_foreign` (`channel_id`),
  CONSTRAINT `catalog_rule_product_prices_catalog_rule_id_foreign` FOREIGN KEY (`catalog_rule_id`) REFERENCES `catalog_rules` (`id`) ON DELETE CASCADE,
  CONSTRAINT `catalog_rule_product_prices_channel_id_foreign` FOREIGN KEY (`channel_id`) REFERENCES `channels` (`id`) ON DELETE CASCADE,
  CONSTRAINT `catalog_rule_product_prices_customer_group_id_foreign` FOREIGN KEY (`customer_group_id`) REFERENCES `customer_groups` (`id`) ON DELETE CASCADE,
  CONSTRAINT `catalog_rule_product_prices_product_id_foreign` FOREIGN KEY (`product_id`) REFERENCES `products` (`id`) ON DELETE CASCADE
) ENGINE=InnoDB DEFAULT CHARSET=utf8mb4 COLLATE=utf8mb4_unicode_ci ROW_FORMAT=DYNAMIC;


DROP TABLE IF EXISTS `categories`;
CREATE TABLE `categories` (
  `id` int(10) unsigned NOT NULL AUTO_INCREMENT,
  `position` int(11) NOT NULL DEFAULT '0',
  `image` varchar(191) COLLATE utf8mb4_unicode_ci DEFAULT NULL,
  `status` tinyint(1) NOT NULL DEFAULT '0',
  `_lft` int(10) unsigned NOT NULL DEFAULT '0',
  `_rgt` int(10) unsigned NOT NULL DEFAULT '0',
  `parent_id` int(10) unsigned DEFAULT NULL,
  `created_at` timestamp NULL DEFAULT NULL,
  `updated_at` timestamp NULL DEFAULT NULL,
  `display_mode` varchar(191) COLLATE utf8mb4_unicode_ci DEFAULT 'products_and_description',
  `category_icon_path` text COLLATE utf8mb4_unicode_ci,
  PRIMARY KEY (`id`),
  KEY `categories__lft__rgt_parent_id_index` (`_lft`,`_rgt`,`parent_id`)
) ENGINE=InnoDB DEFAULT CHARSET=utf8mb4 COLLATE=utf8mb4_unicode_ci ROW_FORMAT=DYNAMIC;

INSERT INTO `categories` (`id`, `position`, `image`, `status`, `_lft`, `_rgt`, `parent_id`, `created_at`, `updated_at`, `display_mode`, `category_icon_path`) VALUES
(1,	1,	NULL,	1,	1,	50,	NULL,	'2020-03-18 11:28:04',	'2020-03-18 11:28:04',	'products_and_description',	NULL),
(2,	1,	'category/2/VjAyBMPC0h2DYIGaQUrZiBbjTZ39fWyZBtPghwSa.png',	1,	14,	37,	1,	'2020-03-19 09:23:49',	'2020-05-05 13:31:27',	'products_and_description',	'velocity/category_icon_path/2/7dmKkX8B2R0RJajmBdBSeld4E78sBhzkhxI9Px1g.jpeg'),
(3,	1,	'category/3/HYz6pphZIo4I3G1GVeSP0I5IsP3VRCZh8XZt1LH8.jpeg',	1,	15,	22,	2,	'2020-03-19 09:55:37',	'2020-05-10 20:00:30',	'products_and_description',	'velocity/category_icon_path/3/5mosPJy9K7zv7iQuEUUhWDoYUSIFoBx5KopT16LT.png'),
(6,	2,	'category/6/q3yswaPpxhxx63nzvlDNnVVzdErMzzF7ErJ7GPnS.png',	1,	38,	41,	1,	'2020-03-19 09:58:20',	'2020-05-05 13:31:58',	'products_and_description',	'velocity/category_icon_path/6/TOqydKgqzMs2SK3mOHVsQOoDPnohInzmBcPr1Lr2.png'),
(7,	3,	'category/7/FEqKjm9VLAV4zVXbqSy2xvStKPUqwbsuZlFVbztp.png',	1,	42,	43,	1,	'2020-03-19 09:59:11',	'2020-05-05 13:34:22',	'products_and_description',	'velocity/category_icon_path/7/uJnXMO4hwWvCtY82VrbUWs64dUOHjIS0Ka6XzsjL.png'),
(8,	4,	'category/8/OSK6L9vRBUPIZZ1xyTxkDrxaxQWLzKmspCxeA9bF.png',	1,	44,	45,	1,	'2020-03-19 09:59:37',	'2020-05-05 13:35:23',	'products_and_description',	'velocity/category_icon_path/8/naWng5fPKCX2VedL8pTa5dqzsqI5rzErsN20qKDu.png'),
(9,	5,	'category/9/CUMt1RZouBlwSqDUBg9jrgF9saG10OU7lK29PhhU.png',	1,	46,	47,	1,	'2020-03-19 09:59:59',	'2020-05-05 13:36:31',	'products_and_description',	'velocity/category_icon_path/9/HBcnpw9LmVe033SnEhjLjfbsGnTz2dFjqElFmyuz.png'),
(10,	6,	'category/10/6S7Q0lbHC4X36jbcOeabZxvjrI87FW1r6OondHXY.png',	1,	48,	49,	1,	'2020-03-19 10:00:27',	'2020-05-05 13:37:13',	'products_and_description',	'velocity/category_icon_path/10/TwVe8VeZygBISgRfr4Sw7DqmhXaiRnTUMMRUtSnC.png'),
(12,	2,	'category/12/uNzta1nwsTsPP7uwkGaSNmIhuvxjmwHH7k0qkNSm.png',	1,	23,	30,	2,	'2020-04-12 19:06:20',	'2020-05-10 20:00:30',	'products_and_description',	'velocity/category_icon_path/12/N8tNaOAHnCxtgCFucGwPwviaBXzAtvQVaCvFSbRy.png'),
(13,	3,	'category/13/eCd16Hs2E8QZ7gQcwGMWetQpL0DCTss2Ds0Fep1d.png',	1,	31,	36,	2,	'2020-04-12 19:07:04',	'2020-05-10 20:00:30',	'products_and_description',	'velocity/category_icon_path/13/hOB8IJr2ABSmDJ9763Jc77ZSQmqvp9A70gXPE1PC.png'),
(14,	1,	'category/14/4gpIGkSz1MlutkBr5x32Abj8ujQCZLsW1iO0KqBD.png',	1,	39,	40,	6,	'2020-04-12 19:09:02',	'2020-05-05 14:17:02',	'products_and_description',	'velocity/category_icon_path/14/Vfgs0ItSmuhrHD3vCQLj5uCY5kOx7RVCb02P4BzG.png'),
(15,	1,	'category/15/3px7RISje4IkV45pMaNaRosiAtTFuiE4GLpe8N0I.png',	1,	16,	17,	3,	'2020-04-13 03:53:29',	'2020-05-10 20:00:30',	'products_and_description',	'velocity/category_icon_path/15/R9Yl9pG6DJG17hmXjmUDk95oN081lkj0LKKKDmzi.png'),
(16,	2,	'category/16/cD2adN8n5leC6u23sH4xOPuSq1xTcwJdFjbw0byG.png',	1,	24,	25,	12,	'2020-04-19 12:07:26',	'2020-05-10 20:00:30',	'products_and_description',	'velocity/category_icon_path/16/33WKGSWNtT0DweyeIzYb28f9NiohGBOiTgGfe8JE.png'),
(17,	3,	'category/17/NQ28y7278DJbUcG6jgqw4WQXSxhTT7Jt2dLot7Md.png',	1,	26,	27,	12,	'2020-04-19 12:07:51',	'2020-05-10 20:00:30',	'products_and_description',	'velocity/category_icon_path/17/q1u1cbD2bfw4qoasWo47XJX20XUd4Lde8E7FEtah.png'),
(18,	1,	'category/18/Pk6bquni7Ga9aMSJkqr5s14CGBr7CXQkvsdMLwvK.png',	1,	32,	33,	13,	'2020-04-19 12:08:15',	'2020-05-10 20:00:30',	'products_and_description',	'velocity/category_icon_path/18/YMwG0UlAVmawJfMcVRKUI1BxgrFEvaKdUhHlfJ39.png'),
(20,	5,	'category/20/gUZ7BtPIzqg0JQlMdvFwts8uyuwETFRbf5LEzoUG.png',	1,	51,	52,	NULL,	'2020-04-19 12:08:51',	'2020-05-05 14:19:21',	'products_and_description',	'velocity/category_icon_path/20/fm6AAyzXX9OjHVdOz1a8qqXra2iVWHA3Bsg3ihfi.png'),
(21,	2,	'category/21/s6A1jD3QOzGOnbYiLDjSlknS1m9LsnFMswsL9hix.png',	1,	18,	19,	3,	'2020-04-19 12:09:12',	'2020-05-10 20:00:30',	'products_and_description',	'velocity/category_icon_path/21/qHk4s39k2Xq1u7Ps3Ity8um6pjCoFWj0qqsHdt83.png'),
(22,	5,	'category/22/WzBA2rETum7XqDYRCRnGvd7yIQXvOUPTul2M3l3v.png',	1,	20,	21,	3,	'2020-04-19 12:09:24',	'2020-05-10 20:00:30',	'products_and_description',	'velocity/category_icon_path/22/RnZzj8Mlo1dnD5VfjS4CImg7TCJu88DYn3LrPLYW.png'),
(26,	9,	'category/26/YGlV6Sun3eYx46UVeOZh6G34vwG3twcMh9L9xwdm.png',	1,	28,	29,	12,	'2020-04-19 12:11:34',	'2020-05-10 20:00:30',	'products_and_description',	'velocity/category_icon_path/26/WF3oDx5Vh1OtQBHfU8DGMsVM5Jvft6Ro8WHL4p4p.png'),
(28,	3,	'category/28/iI8yQDzsrpncGCJlpWnHxxmMlqk4736D0J2u2eEq.png',	1,	34,	35,	13,	'2020-04-19 12:13:05',	'2020-05-10 20:00:30',	'products_and_description',	'velocity/category_icon_path/28/turptKjBXG14Ca2mH95ON2h9Av32ZU27eN0ctQ8F.png'),
(29,	5,	NULL,	1,	53,	54,	NULL,	'2020-04-19 12:13:36',	'2020-05-05 14:52:45',	'products_and_description',	NULL);

DELIMITER ;;

CREATE TRIGGER `trig_categories_insert` AFTER INSERT ON `categories` FOR EACH ROW
BEGIN
                            DECLARE urlPath VARCHAR(255);
            DECLARE localeCode VARCHAR(255);
            DECLARE done INT;
            DECLARE curs CURSOR FOR (SELECT category_translations.locale
                    FROM category_translations
                    WHERE category_id = NEW.id);
            DECLARE CONTINUE HANDLER FOR NOT FOUND SET done = 1;


            IF EXISTS (
                SELECT *
                FROM category_translations
                WHERE category_id = NEW.id
            )
            THEN

                OPEN curs;

            	SET done = 0;
                REPEAT
                	FETCH curs INTO localeCode;

                    SELECT get_url_path_of_category(NEW.id, localeCode) INTO urlPath;

                    IF NEW.parent_id IS NULL
                    THEN
                        SET urlPath = '';
                    END IF;

                    UPDATE category_translations
                    SET url_path = urlPath
                    WHERE
                        category_translations.category_id = NEW.id
                        AND category_translations.locale = localeCode;

                UNTIL done END REPEAT;

                CLOSE curs;

            END IF;
            END;;

CREATE TRIGGER `trig_categories_update` AFTER UPDATE ON `categories` FOR EACH ROW
BEGIN
                            DECLARE urlPath VARCHAR(255);
            DECLARE localeCode VARCHAR(255);
            DECLARE done INT;
            DECLARE curs CURSOR FOR (SELECT category_translations.locale
                    FROM category_translations
                    WHERE category_id = NEW.id);
            DECLARE CONTINUE HANDLER FOR NOT FOUND SET done = 1;


            IF EXISTS (
                SELECT *
                FROM category_translations
                WHERE category_id = NEW.id
            )
            THEN

                OPEN curs;

            	SET done = 0;
                REPEAT
                	FETCH curs INTO localeCode;

                    SELECT get_url_path_of_category(NEW.id, localeCode) INTO urlPath;

                    IF NEW.parent_id IS NULL
                    THEN
                        SET urlPath = '';
                    END IF;

                    UPDATE category_translations
                    SET url_path = urlPath
                    WHERE
                        category_translations.category_id = NEW.id
                        AND category_translations.locale = localeCode;

                UNTIL done END REPEAT;

                CLOSE curs;

            END IF;
            END;;

DELIMITER ;

DROP TABLE IF EXISTS `category_filterable_attributes`;
CREATE TABLE `category_filterable_attributes` (
  `category_id` int(10) unsigned NOT NULL,
  `attribute_id` int(10) unsigned NOT NULL,
  KEY `category_filterable_attributes_category_id_foreign` (`category_id`),
  KEY `category_filterable_attributes_attribute_id_foreign` (`attribute_id`),
  CONSTRAINT `category_filterable_attributes_attribute_id_foreign` FOREIGN KEY (`attribute_id`) REFERENCES `attributes` (`id`) ON DELETE CASCADE,
  CONSTRAINT `category_filterable_attributes_category_id_foreign` FOREIGN KEY (`category_id`) REFERENCES `categories` (`id`) ON DELETE CASCADE
) ENGINE=InnoDB DEFAULT CHARSET=utf8mb4 COLLATE=utf8mb4_unicode_ci ROW_FORMAT=DYNAMIC;

INSERT INTO `category_filterable_attributes` (`category_id`, `attribute_id`) VALUES
(2,	11),
(3,	11),
(6,	11),
(7,	11),
(8,	11),
(9,	11),
(10,	11),
(12,	11),
(13,	11),
(14,	11),
(15,	11),
(16,	11),
(17,	11),
(18,	11),
(20,	11),
(21,	11),
(22,	11),
(26,	11),
(28,	11),
(29,	11);

DROP TABLE IF EXISTS `category_translations`;
CREATE TABLE `category_translations` (
  `id` int(10) unsigned NOT NULL AUTO_INCREMENT,
  `name` text COLLATE utf8mb4_unicode_ci NOT NULL,
  `slug` varchar(191) COLLATE utf8mb4_unicode_ci NOT NULL,
  `description` text COLLATE utf8mb4_unicode_ci,
  `meta_title` text COLLATE utf8mb4_unicode_ci,
  `meta_description` text COLLATE utf8mb4_unicode_ci,
  `meta_keywords` text COLLATE utf8mb4_unicode_ci,
  `category_id` int(10) unsigned NOT NULL,
  `locale` varchar(191) COLLATE utf8mb4_unicode_ci NOT NULL,
  `locale_id` int(10) unsigned DEFAULT NULL,
  `url_path` varchar(2048) COLLATE utf8mb4_unicode_ci NOT NULL COMMENT 'maintained by database triggers',
  PRIMARY KEY (`id`),
  UNIQUE KEY `category_translations_category_id_slug_locale_unique` (`category_id`,`slug`,`locale`),
  KEY `category_translations_locale_id_foreign` (`locale_id`),
  CONSTRAINT `category_translations_category_id_foreign` FOREIGN KEY (`category_id`) REFERENCES `categories` (`id`) ON DELETE CASCADE,
  CONSTRAINT `category_translations_locale_id_foreign` FOREIGN KEY (`locale_id`) REFERENCES `locales` (`id`) ON DELETE CASCADE
) ENGINE=InnoDB DEFAULT CHARSET=utf8mb4 COLLATE=utf8mb4_unicode_ci ROW_FORMAT=DYNAMIC;

INSERT INTO `category_translations` (`id`, `name`, `slug`, `description`, `meta_title`, `meta_description`, `meta_keywords`, `category_id`, `locale`, `locale_id`, `url_path`) VALUES
(1,	'Root',	'root',	'Root',	'',	'',	'',	1,	'en',	NULL,	''),
(2,	'Fish',	'fish',	'<div class=\"fn_tabs\">\r\n<ul id=\"tabs-nav\">\r\n<li><a href=\"#tab1\">Description</a></li>\r\n</ul>\r\n<div id=\"tabs-content\">\r\n<div id=\"tab1\" class=\"tab-content\">\r\n<ul>\r\n<li>Lorem Ipsum is simply dummy text of the printing.</li>\r\n<li>Standard dummy text ever since the 1500s,Lorem Ipsum is simply dummy text of the printing and typesetting industry. Lorem Ipsum has been the industry\'s standard dummy text ever since</li>\r\n<li>Industry\'s standard dummy, simply dummy text ever since the 1500s, Standard dummy text ever since the 1500s.</li>\r\n<li>Standard dummy text ever since the 1500s,Lorem Ipsum is simply dummy text of the printing and typesetting industry. Lorem Ipsum has been the industry\'s standard dummy text ever since</li>\r\n</ul>\r\n</div>\r\n</div>\r\n</div>',	'',	'',	'',	2,	'en',	1,	'fish'),
(3,	'Fresh Fish',	'fresh-fish',	'<div class=\"fn_tabs\">\r\n<ul id=\"tabs-nav\">\r\n<li><a href=\"#tab1\">Description</a></li>\r\n</ul>\r\n<div id=\"tabs-content\">\r\n<div id=\"tab1\" class=\"tab-content\">\r\n<ul>\r\n<li>Lorem Ipsum is simply dummy text of the printing.</li>\r\n<li>Standard dummy text ever since the 1500s,Lorem Ipsum is simply dummy text of the printing and typesetting industry. Lorem Ipsum has been the industry\'s standard dummy text ever since</li>\r\n<li>Industry\'s standard dummy, simply dummy text ever since the 1500s, Standard dummy text ever since the 1500s.</li>\r\n<li>Standard dummy text ever since the 1500s,Lorem Ipsum is simply dummy text of the printing and typesetting industry. Lorem Ipsum has been the industry\'s standard dummy text ever since</li>\r\n</ul>\r\n</div>\r\n</div>\r\n</div>',	'',	'',	'',	3,	'en',	1,	'fish/fresh-fish'),
(6,	'MEAT AND POULTRY',	'meat-and-poultry',	'<div class=\"fn_tabs\">\r\n<ul id=\"tabs-nav\">\r\n<li><a href=\"#tab1\">Description</a></li>\r\n</ul>\r\n<div id=\"tabs-content\">\r\n<div id=\"tab1\" class=\"tab-content\">\r\n<ul>\r\n<li>Lorem Ipsum is simply dummy text of the printing.</li>\r\n<li>Standard dummy text ever since the 1500s,Lorem Ipsum is simply dummy text of the printing and typesetting industry. Lorem Ipsum has been the industry\'s standard dummy text ever since</li>\r\n<li>Industry\'s standard dummy, simply dummy text ever since the 1500s, Standard dummy text ever since the 1500s.</li>\r\n<li>Standard dummy text ever since the 1500s,Lorem Ipsum is simply dummy text of the printing and typesetting industry. Lorem Ipsum has been the industry\'s standard dummy text ever since</li>\r\n</ul>\r\n</div>\r\n</div>\r\n</div>',	'',	'',	'',	6,	'en',	1,	'meat-and-poultry'),
(7,	'DAIRY AND EGGS',	'dairy-and-eggs',	'<div class=\"fn_tabs\">\r\n<ul id=\"tabs-nav\">\r\n<li><a href=\"#tab1\">Description</a></li>\r\n</ul>\r\n<div id=\"tabs-content\">\r\n<div id=\"tab1\" class=\"tab-content\">\r\n<ul>\r\n<li>Lorem Ipsum is simply dummy text of the printing.</li>\r\n<li>Standard dummy text ever since the 1500s,Lorem Ipsum is simply dummy text of the printing and typesetting industry. Lorem Ipsum has been the industry\'s standard dummy text ever since</li>\r\n<li>Industry\'s standard dummy, simply dummy text ever since the 1500s, Standard dummy text ever since the 1500s.</li>\r\n<li>Standard dummy text ever since the 1500s,Lorem Ipsum is simply dummy text of the printing and typesetting industry. Lorem Ipsum has been the industry\'s standard dummy text ever since</li>\r\n</ul>\r\n</div>\r\n</div>\r\n</div>',	'',	'',	'',	7,	'en',	1,	'dairy-and-eggs'),
(8,	'VEG AND SALAD',	'veg-and-salad',	'<div class=\"fn_tabs\">\r\n<ul id=\"tabs-nav\">\r\n<li><a href=\"#tab1\">Description</a></li>\r\n</ul>\r\n<div id=\"tabs-content\">\r\n<div id=\"tab1\" class=\"tab-content\">\r\n<ul>\r\n<li>Lorem Ipsum is simply dummy text of the printing.</li>\r\n<li>Standard dummy text ever since the 1500s,Lorem Ipsum is simply dummy text of the printing and typesetting industry. Lorem Ipsum has been the industry\'s standard dummy text ever since</li>\r\n<li>Industry\'s standard dummy, simply dummy text ever since the 1500s, Standard dummy text ever since the 1500s.</li>\r\n<li>Standard dummy text ever since the 1500s,Lorem Ipsum is simply dummy text of the printing and typesetting industry. Lorem Ipsum has been the industry\'s standard dummy text ever since</li>\r\n</ul>\r\n</div>\r\n</div>\r\n</div>',	'',	'',	'',	8,	'en',	1,	'veg-and-salad'),
(9,	'FRUITS',	'fruits',	'<div class=\"fn_tabs\">\r\n<ul id=\"tabs-nav\">\r\n<li><a href=\"#tab1\">Description</a></li>\r\n</ul>\r\n<div id=\"tabs-content\">\r\n<div id=\"tab1\" class=\"tab-content\">\r\n<ul>\r\n<li>Lorem Ipsum is simply dummy text of the printing.</li>\r\n<li>Standard dummy text ever since the 1500s,Lorem Ipsum is simply dummy text of the printing and typesetting industry. Lorem Ipsum has been the industry\'s standard dummy text ever since</li>\r\n<li>Industry\'s standard dummy, simply dummy text ever since the 1500s, Standard dummy text ever since the 1500s.</li>\r\n<li>Standard dummy text ever since the 1500s,Lorem Ipsum is simply dummy text of the printing and typesetting industry. Lorem Ipsum has been the industry\'s standard dummy text ever since</li>\r\n</ul>\r\n</div>\r\n</div>\r\n</div>',	'',	'',	'',	9,	'en',	1,	'fruits'),
(10,	'OTHER PRODUCTS',	'other-products',	'<div class=\"fn_tabs\">\r\n<ul id=\"tabs-nav\">\r\n<li><a href=\"#tab1\">Description</a></li>\r\n</ul>\r\n<div id=\"tabs-content\">\r\n<div id=\"tab1\" class=\"tab-content\">\r\n<ul>\r\n<li>Lorem Ipsum is simply dummy text of the printing.</li>\r\n<li>Standard dummy text ever since the 1500s,Lorem Ipsum is simply dummy text of the printing and typesetting industry. Lorem Ipsum has been the industry\'s standard dummy text ever since</li>\r\n<li>Industry\'s standard dummy, simply dummy text ever since the 1500s, Standard dummy text ever since the 1500s.</li>\r\n<li>Standard dummy text ever since the 1500s,Lorem Ipsum is simply dummy text of the printing and typesetting industry. Lorem Ipsum has been the industry\'s standard dummy text ever since</li>\r\n</ul>\r\n</div>\r\n</div>\r\n</div>',	'',	'',	'',	10,	'en',	1,	'other-products'),
(12,	'Shell Fish',	'shell-fish',	'<div class=\"fn_tabs\">\r\n<ul id=\"tabs-nav\">\r\n<li><a href=\"#tab1\">Description</a></li>\r\n</ul>\r\n<div id=\"tabs-content\">\r\n<div id=\"tab1\" class=\"tab-content\">\r\n<ul>\r\n<li>Lorem Ipsum is simply dummy text of the printing.</li>\r\n<li>Standard dummy text ever since the 1500s,Lorem Ipsum is simply dummy text of the printing and typesetting industry. Lorem Ipsum has been the industry\'s standard dummy text ever since</li>\r\n<li>Industry\'s standard dummy, simply dummy text ever since the 1500s, Standard dummy text ever since the 1500s.</li>\r\n<li>Standard dummy text ever since the 1500s,Lorem Ipsum is simply dummy text of the printing and typesetting industry. Lorem Ipsum has been the industry\'s standard dummy text ever since</li>\r\n</ul>\r\n</div>\r\n</div>\r\n</div>',	'',	'',	'',	12,	'en',	1,	'fish/shell-fish'),
(13,	'Deli',	'deli',	'<div class=\"fn_tabs\">\r\n<ul id=\"tabs-nav\">\r\n<li><a href=\"#tab1\">Description</a></li>\r\n</ul>\r\n<div id=\"tabs-content\">\r\n<div id=\"tab1\" class=\"tab-content\">\r\n<ul>\r\n<li>Lorem Ipsum is simply dummy text of the printing.</li>\r\n<li>Standard dummy text ever since the 1500s,Lorem Ipsum is simply dummy text of the printing and typesetting industry. Lorem Ipsum has been the industry\'s standard dummy text ever since</li>\r\n<li>Industry\'s standard dummy, simply dummy text ever since the 1500s, Standard dummy text ever since the 1500s.</li>\r\n<li>Standard dummy text ever since the 1500s,Lorem Ipsum is simply dummy text of the printing and typesetting industry. Lorem Ipsum has been the industry\'s standard dummy text ever since</li>\r\n</ul>\r\n</div>\r\n</div>\r\n</div>',	'',	'',	'',	13,	'en',	1,	'fish/deli'),
(14,	'Chicken',	'chicken',	'<div class=\"fn_tabs\">\r\n<ul id=\"tabs-nav\">\r\n<li><a href=\"#tab1\">Description</a></li>\r\n</ul>\r\n<div id=\"tabs-content\">\r\n<div id=\"tab1\" class=\"tab-content\">\r\n<ul>\r\n<li>Lorem Ipsum is simply dummy text of the printing.</li>\r\n<li>Standard dummy text ever since the 1500s,Lorem Ipsum is simply dummy text of the printing and typesetting industry. Lorem Ipsum has been the industry\'s standard dummy text ever since</li>\r\n<li>Industry\'s standard dummy, simply dummy text ever since the 1500s, Standard dummy text ever since the 1500s.</li>\r\n<li>Standard dummy text ever since the 1500s,Lorem Ipsum is simply dummy text of the printing and typesetting industry. Lorem Ipsum has been the industry\'s standard dummy text ever since</li>\r\n</ul>\r\n</div>\r\n</div>\r\n</div>',	'',	'',	'',	14,	'en',	1,	'meat-and-poultry/chicken'),
(15,	'Cod',	'cod',	'<div class=\"fn_tabs\">\r\n<ul id=\"tabs-nav\">\r\n<li><a href=\"#tab1\">Description</a></li>\r\n</ul>\r\n<div id=\"tabs-content\">\r\n<div id=\"tab1\" class=\"tab-content\">\r\n<ul>\r\n<li>Lorem Ipsum is simply dummy text of the printing.</li>\r\n<li>Standard dummy text ever since the 1500s,Lorem Ipsum is simply dummy text of the printing and typesetting industry. Lorem Ipsum has been the industry\'s standard dummy text ever since</li>\r\n<li>Industry\'s standard dummy, simply dummy text ever since the 1500s, Standard dummy text ever since the 1500s.</li>\r\n<li>Standard dummy text ever since the 1500s,Lorem Ipsum is simply dummy text of the printing and typesetting industry. Lorem Ipsum has been the industry\'s standard dummy text ever since</li>\r\n</ul>\r\n</div>\r\n</div>\r\n</div>',	'',	'',	'',	15,	'en',	1,	'fish/fresh-fish/cod'),
(16,	'Fish 2',	'fish-2',	'<div class=\"fn_tabs\">\r\n<ul id=\"tabs-nav\">\r\n<li><a href=\"#tab1\">Description</a></li>\r\n</ul>\r\n<div id=\"tabs-content\">\r\n<div id=\"tab1\" class=\"tab-content\">\r\n<ul>\r\n<li>Lorem Ipsum is simply dummy text of the printing.</li>\r\n<li>Standard dummy text ever since the 1500s,Lorem Ipsum is simply dummy text of the printing and typesetting industry. Lorem Ipsum has been the industry\'s standard dummy text ever since</li>\r\n<li>Industry\'s standard dummy, simply dummy text ever since the 1500s, Standard dummy text ever since the 1500s.</li>\r\n<li>Standard dummy text ever since the 1500s,Lorem Ipsum is simply dummy text of the printing and typesetting industry. Lorem Ipsum has been the industry\'s standard dummy text ever since</li>\r\n</ul>\r\n</div>\r\n</div>\r\n</div>',	'',	'',	'',	16,	'en',	1,	'fish/shell-fish/fish-2'),
(17,	'Fish 3',	'fish-3',	'<div class=\"fn_tabs\">\r\n<ul id=\"tabs-nav\">\r\n<li><a href=\"#tab1\">Description</a></li>\r\n</ul>\r\n<div id=\"tabs-content\">\r\n<div id=\"tab1\" class=\"tab-content\">\r\n<ul>\r\n<li>Lorem Ipsum is simply dummy text of the printing.</li>\r\n<li>Standard dummy text ever since the 1500s,Lorem Ipsum is simply dummy text of the printing and typesetting industry. Lorem Ipsum has been the industry\'s standard dummy text ever since</li>\r\n<li>Industry\'s standard dummy, simply dummy text ever since the 1500s, Standard dummy text ever since the 1500s.</li>\r\n<li>Standard dummy text ever since the 1500s,Lorem Ipsum is simply dummy text of the printing and typesetting industry. Lorem Ipsum has been the industry\'s standard dummy text ever since</li>\r\n</ul>\r\n</div>\r\n</div>\r\n</div>',	'',	'',	'',	17,	'en',	1,	'fish/shell-fish/fish-3'),
(18,	'Deli 1',	'deli-1',	'<div class=\"fn_tabs\">\r\n<ul id=\"tabs-nav\">\r\n<li><a href=\"#tab1\">Description</a></li>\r\n</ul>\r\n<div id=\"tabs-content\">\r\n<div id=\"tab1\" class=\"tab-content\">\r\n<ul>\r\n<li>Lorem Ipsum is simply dummy text of the printing.</li>\r\n<li>Standard dummy text ever since the 1500s,Lorem Ipsum is simply dummy text of the printing and typesetting industry. Lorem Ipsum has been the industry\'s standard dummy text ever since</li>\r\n<li>Industry\'s standard dummy, simply dummy text ever since the 1500s, Standard dummy text ever since the 1500s.</li>\r\n<li>Standard dummy text ever since the 1500s,Lorem Ipsum is simply dummy text of the printing and typesetting industry. Lorem Ipsum has been the industry\'s standard dummy text ever since</li>\r\n</ul>\r\n</div>\r\n</div>\r\n</div>',	'',	'',	'',	18,	'en',	1,	'fish/deli/deli-1'),
(20,	'deli 3',	'deli-3',	'<div class=\"fn_tabs\">\r\n<ul id=\"tabs-nav\">\r\n<li><a href=\"#tab1\">Description</a></li>\r\n</ul>\r\n<div id=\"tabs-content\">\r\n<div id=\"tab1\" class=\"tab-content\">\r\n<ul>\r\n<li>Lorem Ipsum is simply dummy text of the printing.</li>\r\n<li>Standard dummy text ever since the 1500s,Lorem Ipsum is simply dummy text of the printing and typesetting industry. Lorem Ipsum has been the industry\'s standard dummy text ever since</li>\r\n<li>Industry\'s standard dummy, simply dummy text ever since the 1500s, Standard dummy text ever since the 1500s.</li>\r\n<li>Standard dummy text ever since the 1500s,Lorem Ipsum is simply dummy text of the printing and typesetting industry. Lorem Ipsum has been the industry\'s standard dummy text ever since</li>\r\n</ul>\r\n</div>\r\n</div>\r\n</div>',	'',	'',	'',	20,	'en',	1,	''),
(21,	'Fresh fish 2',	'fresh-fish-2',	'<div class=\"fn_tabs\">\r\n<ul id=\"tabs-nav\">\r\n<li><a href=\"#tab1\">Description</a></li>\r\n</ul>\r\n<div id=\"tabs-content\">\r\n<div id=\"tab1\" class=\"tab-content\">\r\n<ul>\r\n<li>Lorem Ipsum is simply dummy text of the printing.</li>\r\n<li>Standard dummy text ever since the 1500s,Lorem Ipsum is simply dummy text of the printing and typesetting industry. Lorem Ipsum has been the industry\'s standard dummy text ever since</li>\r\n<li>Industry\'s standard dummy, simply dummy text ever since the 1500s, Standard dummy text ever since the 1500s.</li>\r\n<li>Standard dummy text ever since the 1500s,Lorem Ipsum is simply dummy text of the printing and typesetting industry. Lorem Ipsum has been the industry\'s standard dummy text ever since</li>\r\n</ul>\r\n</div>\r\n</div>\r\n</div>',	'',	'',	'',	21,	'en',	1,	'fish/fresh-fish/fresh-fish-2'),
(22,	'Fresh fish 3',	'fresh-fish-3',	'<div class=\"fn_tabs\">\r\n<ul id=\"tabs-nav\">\r\n<li><a href=\"#tab1\">Description</a></li>\r\n</ul>\r\n<div id=\"tabs-content\">\r\n<div id=\"tab1\" class=\"tab-content\">\r\n<ul>\r\n<li>Lorem Ipsum is simply dummy text of the printing.</li>\r\n<li>Standard dummy text ever since the 1500s,Lorem Ipsum is simply dummy text of the printing and typesetting industry. Lorem Ipsum has been the industry\'s standard dummy text ever since</li>\r\n<li>Industry\'s standard dummy, simply dummy text ever since the 1500s, Standard dummy text ever since the 1500s.</li>\r\n<li>Standard dummy text ever since the 1500s,Lorem Ipsum is simply dummy text of the printing and typesetting industry. Lorem Ipsum has been the industry\'s standard dummy text ever since</li>\r\n</ul>\r\n</div>\r\n</div>\r\n</div>',	'',	'',	'',	22,	'en',	1,	'fish/fresh-fish/fresh-fish-3'),
(26,	'fish 5',	'fish-5',	'<div class=\"fn_tabs\">\r\n<ul id=\"tabs-nav\">\r\n<li><a href=\"#tab1\">Description</a></li>\r\n</ul>\r\n<div id=\"tabs-content\">\r\n<div id=\"tab1\" class=\"tab-content\">\r\n<ul>\r\n<li>Lorem Ipsum is simply dummy text of the printing.</li>\r\n<li>Standard dummy text ever since the 1500s,Lorem Ipsum is simply dummy text of the printing and typesetting industry. Lorem Ipsum has been the industry\'s standard dummy text ever since</li>\r\n<li>Industry\'s standard dummy, simply dummy text ever since the 1500s, Standard dummy text ever since the 1500s.</li>\r\n<li>Standard dummy text ever since the 1500s,Lorem Ipsum is simply dummy text of the printing and typesetting industry. Lorem Ipsum has been the industry\'s standard dummy text ever since</li>\r\n</ul>\r\n</div>\r\n</div>\r\n</div>',	'',	'',	'',	26,	'en',	1,	'fish/shell-fish/fish-5'),
(28,	'deli 3',	'deli-4',	'<div class=\"fn_tabs\">\r\n<ul id=\"tabs-nav\">\r\n<li><a href=\"#tab1\">Description</a></li>\r\n</ul>\r\n<div id=\"tabs-content\">\r\n<div id=\"tab1\" class=\"tab-content\">\r\n<ul>\r\n<li>Lorem Ipsum is simply dummy text of the printing.</li>\r\n<li>Standard dummy text ever since the 1500s,Lorem Ipsum is simply dummy text of the printing and typesetting industry. Lorem Ipsum has been the industry\'s standard dummy text ever since</li>\r\n<li>Industry\'s standard dummy, simply dummy text ever since the 1500s, Standard dummy text ever since the 1500s.</li>\r\n<li>Standard dummy text ever since the 1500s,Lorem Ipsum is simply dummy text of the printing and typesetting industry. Lorem Ipsum has been the industry\'s standard dummy text ever since</li>\r\n</ul>\r\n</div>\r\n</div>\r\n</div>',	'',	'',	'',	28,	'en',	1,	'fish/deli/deli-4'),
(29,	'deli 4',	'deli-5',	'<div class=\"fn_tabs\">\r\n<ul id=\"tabs-nav\">\r\n<li><a href=\"#tab1\">Description</a></li>\r\n</ul>\r\n<div id=\"tabs-content\">\r\n<div id=\"tab1\" class=\"tab-content\">\r\n<ul>\r\n<li>Lorem Ipsum is simply dummy text of the printing.</li>\r\n<li>Standard dummy text ever since the 1500s,Lorem Ipsum is simply dummy text of the printing and typesetting industry. Lorem Ipsum has been the industry\'s standard dummy text ever since</li>\r\n<li>Industry\'s standard dummy, simply dummy text ever since the 1500s, Standard dummy text ever since the 1500s.</li>\r\n<li>Standard dummy text ever since the 1500s,Lorem Ipsum is simply dummy text of the printing and typesetting industry. Lorem Ipsum has been the industry\'s standard dummy text ever since</li>\r\n</ul>\r\n</div>\r\n</div>\r\n</div>',	'',	'',	'',	29,	'en',	1,	'');

DELIMITER ;;

CREATE TRIGGER `trig_category_translations_insert` BEFORE INSERT ON `category_translations` FOR EACH ROW
BEGIN
                            DECLARE parentUrlPath varchar(255);
            DECLARE urlPath varchar(255);

            IF NOT EXISTS (
                SELECT id
                FROM categories
                WHERE
                    id = NEW.category_id
                    AND parent_id IS NULL
            )
            THEN

                SELECT
                    GROUP_CONCAT(parent_translations.slug SEPARATOR '/') INTO parentUrlPath
                FROM
                    categories AS node,
                    categories AS parent
                    JOIN category_translations AS parent_translations ON parent.id = parent_translations.category_id
                WHERE
                    node._lft >= parent._lft
                    AND node._rgt <= parent._rgt
                    AND node.id = (SELECT parent_id FROM categories WHERE id = NEW.category_id)
                    AND node.parent_id IS NOT NULL
                    AND parent.parent_id IS NOT NULL
                    AND parent_translations.locale = NEW.locale
                GROUP BY
                    node.id;

                IF parentUrlPath IS NULL
                THEN
                    SET urlPath = NEW.slug;
                ELSE
                    SET urlPath = concat(parentUrlPath, '/', NEW.slug);
                END IF;

                SET NEW.url_path = urlPath;

            END IF;
            END;;

CREATE TRIGGER `trig_category_translations_update` BEFORE UPDATE ON `category_translations` FOR EACH ROW
BEGIN
                            DECLARE parentUrlPath varchar(255);
            DECLARE urlPath varchar(255);

            IF NOT EXISTS (
                SELECT id
                FROM categories
                WHERE
                    id = NEW.category_id
                    AND parent_id IS NULL
            )
            THEN

                SELECT
                    GROUP_CONCAT(parent_translations.slug SEPARATOR '/') INTO parentUrlPath
                FROM
                    categories AS node,
                    categories AS parent
                    JOIN category_translations AS parent_translations ON parent.id = parent_translations.category_id
                WHERE
                    node._lft >= parent._lft
                    AND node._rgt <= parent._rgt
                    AND node.id = (SELECT parent_id FROM categories WHERE id = NEW.category_id)
                    AND node.parent_id IS NOT NULL
                    AND parent.parent_id IS NOT NULL
                    AND parent_translations.locale = NEW.locale
                GROUP BY
                    node.id;

                IF parentUrlPath IS NULL
                THEN
                    SET urlPath = NEW.slug;
                ELSE
                    SET urlPath = concat(parentUrlPath, '/', NEW.slug);
                END IF;

                SET NEW.url_path = urlPath;

            END IF;
            END;;

DELIMITER ;

DROP TABLE IF EXISTS `channels`;
CREATE TABLE `channels` (
  `id` int(10) unsigned NOT NULL AUTO_INCREMENT,
  `code` varchar(191) COLLATE utf8mb4_unicode_ci NOT NULL,
  `name` varchar(191) COLLATE utf8mb4_unicode_ci NOT NULL,
  `description` text COLLATE utf8mb4_unicode_ci,
  `timezone` varchar(191) COLLATE utf8mb4_unicode_ci DEFAULT NULL,
  `theme` varchar(191) COLLATE utf8mb4_unicode_ci DEFAULT NULL,
  `hostname` varchar(191) COLLATE utf8mb4_unicode_ci DEFAULT NULL,
  `logo` varchar(191) COLLATE utf8mb4_unicode_ci DEFAULT NULL,
  `favicon` varchar(191) COLLATE utf8mb4_unicode_ci DEFAULT NULL,
  `home_page_content` text COLLATE utf8mb4_unicode_ci,
  `footer_content` text COLLATE utf8mb4_unicode_ci,
  `default_locale_id` int(10) unsigned NOT NULL,
  `base_currency_id` int(10) unsigned NOT NULL,
  `created_at` timestamp NULL DEFAULT NULL,
  `updated_at` timestamp NULL DEFAULT NULL,
  `root_category_id` int(10) unsigned DEFAULT NULL,
  `home_seo` json DEFAULT NULL,
  PRIMARY KEY (`id`),
  KEY `channels_default_locale_id_foreign` (`default_locale_id`),
  KEY `channels_base_currency_id_foreign` (`base_currency_id`),
  KEY `channels_root_category_id_foreign` (`root_category_id`),
  CONSTRAINT `channels_base_currency_id_foreign` FOREIGN KEY (`base_currency_id`) REFERENCES `currencies` (`id`),
  CONSTRAINT `channels_default_locale_id_foreign` FOREIGN KEY (`default_locale_id`) REFERENCES `locales` (`id`),
  CONSTRAINT `channels_root_category_id_foreign` FOREIGN KEY (`root_category_id`) REFERENCES `categories` (`id`) ON DELETE SET NULL
) ENGINE=InnoDB DEFAULT CHARSET=utf8mb4 COLLATE=utf8mb4_unicode_ci ROW_FORMAT=DYNAMIC;

INSERT INTO `channels` (`id`, `code`, `name`, `description`, `timezone`, `theme`, `hostname`, `logo`, `favicon`, `home_page_content`, `footer_content`, `default_locale_id`, `base_currency_id`, `created_at`, `updated_at`, `root_category_id`, `home_seo`) VALUES
(1,	'default',	'Default',	'',	NULL,	'default',	'',	'channel/1/Ouool55n4zqp380sWYbDeam9cJ6EQgBuYQ8VekOd.png',	'channel/1/pSM52jNwIpSkaNQNqLizgQV1KoEYZbtMAbi5EgUN.png',	'<section class=\"fn_best-product\">\r\n<div class=\"fn_best-product-head\">\r\n<h2>Easily search and source the best products, at the <br /> best price for your business.</h2>\r\n</div>\r\n<div class=\"fn_best-product-row row\"><img src=\"images/Fresh-Net_infographic_process-consumer.jpg\" /></div>\r\n</section>\r\n<p>@include(\"shop::home.new-products\")</p>\r\n<section class=\"fn_deals-offers\">\r\n<div class=\"featured-heading\">\r\n<div class=\"featured-heading-title\">\r\n<h3>Deals &amp; Offers</h3>\r\n</div>\r\n<div class=\"featured-heading-viewAll\"><a href=\"#\">View All</a></div>\r\n</div>\r\n<div class=\"fn_deals-offers-row\">\r\n<div class=\"fn_deals-offers-col\"><img src=\"images/609661-PNBXXE-538.png\" /></div>\r\n<div class=\"fn_deals-offers-col\"><img src=\"images/2478048.png\" /></div>\r\n</div>\r\n</section>\r\n<section class=\"fn_last-orders\">\r\n<div class=\"featured-heading\">\r\n<div class=\"featured-heading-title\">\r\n<h3>Your last order</h3>\r\n</div>\r\n</div>\r\n<div class=\"fn_last-orders-row\">\r\n<div class=\"fn_last-orders-col\"></div>\r\n<div class=\"fn_last-orders-col\">\r\n<h3>Thank you for shopping with us!</h3>\r\n<hr />\r\n<div class=\"fn_last-orders-table\">\r\n<div class=\"fn_last-orders-table-col\">\r\n<h6>Order Date</h6>\r\n<p>23 Jan 2020</p>\r\n</div>\r\n<div class=\"fn_last-orders-table-col\">\r\n<h6>Total items</h6>\r\n<p>12</p>\r\n</div>\r\n<div class=\"fn_last-orders-table-col\">\r\n<h6>Total</h6>\r\n<p>&pound; 2372.32</p>\r\n</div>\r\n<div class=\"fn_last-orders-table-col\">\r\n<h6>Shipping Address</h6>\r\n<p>Nusret Steak House</p>\r\n</div>\r\n</div>\r\n<p>You can review items in the cart and make saveral changes to this order as well</p>\r\n<div class=\"fn_last-orders-action-btns\">\r\n<div id=\"fn_repeat-orders\"><a href=\"#\">Repeat Order</a></div>\r\n<div id=\"fn_customise-orders\"><a href=\"#\">Customise Order</a></div>\r\n</div>\r\n</div>\r\n</div>\r\n</section>\r\n<p>@include(\"shop::home.featured-products\")</p>',	'<div class=\"list-container footer-2\"><span class=\"list-heading\">Categories</span>\r\n<ul class=\"list-group\">\r\n<li><a href=\"@php echo asset(\'fish\') @endphp\">Fish</a></li>\r\n<li><a href=\"@php echo asset(\'meat-and-poultry\') @endphp\">Meat &amp; Poultry</a></li>\r\n<li><a href=\"@php echo asset(\'dairy-and-eggs\') @endphp\">Dairy &amp; Eggs</a></li>\r\n<li><a href=\"@php echo asset(\'veg-and-salad\') @endphp\">Veg &amp; Salad</a></li>\r\n<li><a href=\"@php echo asset(\'fruits\') @endphp\">Fruits</a></li>\r\n<li><a href=\"@php echo asset(\'other-products\') @endphp\">Other Products</a></li>\r\n</ul>\r\n</div>\r\n<div class=\"list-container footer-3 fn_useful-links\"><span class=\"list-heading\">Useful Links</span>\r\n<ul class=\"list-group\">\r\n<li><a href=\"@php echo route(\'shop.cms.page\', \'about-us\') @endphp\">About us</a></li>\r\n<li><a href=\"@php echo route(\'shop.cms.page\', \'contact-us\') @endphp\">Contact us</a></li>\r\n<li><a href=\"@php echo route(\'shop.cms.page\', \'support\') @endphp\">Support</a></li>\r\n<li><a href=\"@php echo route(\'shop.cms.page\', \'faq\') @endphp\">FAQ</a></li>\r\n<li><a href=\"@php echo route(\'shop.cms.page\', \'terms-of-use\') @endphp\">Terms of Use</a></li>\r\n<li><a href=\"@php echo route(\'shop.cms.page\', \'cancellation\') @endphp\">Cancellation</a></li>\r\n<li><a href=\"@php echo route(\'shop.cms.page\', \'return-policy\') @endphp\">Returns</a></li>\r\n<li><a href=\"@php echo route(\'shop.cms.page\', \'terms-conditions\') @endphp\">T&amp;C</a></li>\r\n<li><a href=\"@php echo route(\'shop.cms.page\', \'shipping\') @endphp\">Shipping</a></li>\r\n</ul>\r\n</div>',	1,	3,	NULL,	'2020-05-12 13:08:35',	1,	'{\"meta_title\": \"Demo store\", \"meta_keywords\": \"Demo store meta keyword\", \"meta_description\": \"Demo store meta description\"}');

DROP TABLE IF EXISTS `channel_currencies`;
CREATE TABLE `channel_currencies` (
  `channel_id` int(10) unsigned NOT NULL,
  `currency_id` int(10) unsigned NOT NULL,
  PRIMARY KEY (`channel_id`,`currency_id`),
  KEY `channel_currencies_currency_id_foreign` (`currency_id`),
  CONSTRAINT `channel_currencies_channel_id_foreign` FOREIGN KEY (`channel_id`) REFERENCES `channels` (`id`) ON DELETE CASCADE,
  CONSTRAINT `channel_currencies_currency_id_foreign` FOREIGN KEY (`currency_id`) REFERENCES `currencies` (`id`) ON DELETE CASCADE
) ENGINE=InnoDB DEFAULT CHARSET=utf8mb4 COLLATE=utf8mb4_unicode_ci ROW_FORMAT=DYNAMIC;

INSERT INTO `channel_currencies` (`channel_id`, `currency_id`) VALUES
(1,	3);

DROP TABLE IF EXISTS `channel_inventory_sources`;
CREATE TABLE `channel_inventory_sources` (
  `channel_id` int(10) unsigned NOT NULL,
  `inventory_source_id` int(10) unsigned NOT NULL,
  UNIQUE KEY `channel_inventory_sources_channel_id_inventory_source_id_unique` (`channel_id`,`inventory_source_id`),
  KEY `channel_inventory_sources_inventory_source_id_foreign` (`inventory_source_id`),
  CONSTRAINT `channel_inventory_sources_channel_id_foreign` FOREIGN KEY (`channel_id`) REFERENCES `channels` (`id`) ON DELETE CASCADE,
  CONSTRAINT `channel_inventory_sources_inventory_source_id_foreign` FOREIGN KEY (`inventory_source_id`) REFERENCES `inventory_sources` (`id`) ON DELETE CASCADE
) ENGINE=InnoDB DEFAULT CHARSET=utf8mb4 COLLATE=utf8mb4_unicode_ci ROW_FORMAT=DYNAMIC;

INSERT INTO `channel_inventory_sources` (`channel_id`, `inventory_source_id`) VALUES
(1,	1);

DROP TABLE IF EXISTS `channel_locales`;
CREATE TABLE `channel_locales` (
  `channel_id` int(10) unsigned NOT NULL,
  `locale_id` int(10) unsigned NOT NULL,
  PRIMARY KEY (`channel_id`,`locale_id`),
  KEY `channel_locales_locale_id_foreign` (`locale_id`),
  CONSTRAINT `channel_locales_channel_id_foreign` FOREIGN KEY (`channel_id`) REFERENCES `channels` (`id`) ON DELETE CASCADE,
  CONSTRAINT `channel_locales_locale_id_foreign` FOREIGN KEY (`locale_id`) REFERENCES `locales` (`id`) ON DELETE CASCADE
) ENGINE=InnoDB DEFAULT CHARSET=utf8mb4 COLLATE=utf8mb4_unicode_ci ROW_FORMAT=DYNAMIC;

INSERT INTO `channel_locales` (`channel_id`, `locale_id`) VALUES
(1,	1);

DROP TABLE IF EXISTS `cms_pages`;
CREATE TABLE `cms_pages` (
  `id` int(10) unsigned NOT NULL AUTO_INCREMENT,
  `layout` varchar(191) COLLATE utf8mb4_unicode_ci DEFAULT NULL,
  `created_at` timestamp NULL DEFAULT NULL,
  `updated_at` timestamp NULL DEFAULT NULL,
  PRIMARY KEY (`id`)
) ENGINE=InnoDB DEFAULT CHARSET=utf8mb4 COLLATE=utf8mb4_unicode_ci ROW_FORMAT=DYNAMIC;

INSERT INTO `cms_pages` (`id`, `layout`, `created_at`, `updated_at`) VALUES
(1,	NULL,	'2020-03-18 11:28:09',	'2020-03-18 11:28:09'),
(2,	NULL,	'2020-03-18 11:28:09',	'2020-03-18 11:28:09'),
(3,	NULL,	'2020-03-18 11:28:09',	'2020-03-18 11:28:09'),
(4,	NULL,	'2020-03-18 11:28:09',	'2020-03-18 11:28:09'),
(5,	NULL,	'2020-03-18 11:28:09',	'2020-03-18 11:28:09'),
(6,	NULL,	'2020-03-18 11:28:09',	'2020-03-18 11:28:09'),
(7,	NULL,	'2020-05-10 13:37:45',	'2020-05-10 13:37:45'),
(8,	NULL,	'2020-05-10 13:38:07',	'2020-05-10 13:38:07'),
(9,	NULL,	'2020-05-10 13:38:57',	'2020-05-10 13:38:57'),
(10,	NULL,	'2020-05-10 13:40:07',	'2020-05-10 13:40:07');

DROP TABLE IF EXISTS `cms_page_channels`;
CREATE TABLE `cms_page_channels` (
  `cms_page_id` int(10) unsigned NOT NULL,
  `channel_id` int(10) unsigned NOT NULL,
  UNIQUE KEY `cms_page_channels_cms_page_id_channel_id_unique` (`cms_page_id`,`channel_id`),
  KEY `cms_page_channels_channel_id_foreign` (`channel_id`),
  CONSTRAINT `cms_page_channels_channel_id_foreign` FOREIGN KEY (`channel_id`) REFERENCES `channels` (`id`) ON DELETE CASCADE,
  CONSTRAINT `cms_page_channels_cms_page_id_foreign` FOREIGN KEY (`cms_page_id`) REFERENCES `cms_pages` (`id`) ON DELETE CASCADE
) ENGINE=InnoDB DEFAULT CHARSET=utf8mb4 COLLATE=utf8mb4_unicode_ci ROW_FORMAT=DYNAMIC;

INSERT INTO `cms_page_channels` (`cms_page_id`, `channel_id`) VALUES
(1,	1),
(6,	1),
(7,	1),
(8,	1),
(9,	1),
(10,	1);

DROP TABLE IF EXISTS `cms_page_translations`;
CREATE TABLE `cms_page_translations` (
  `id` int(10) unsigned NOT NULL AUTO_INCREMENT,
  `page_title` varchar(191) COLLATE utf8mb4_unicode_ci NOT NULL,
  `url_key` varchar(191) COLLATE utf8mb4_unicode_ci NOT NULL,
  `html_content` text COLLATE utf8mb4_unicode_ci,
  `meta_title` text COLLATE utf8mb4_unicode_ci,
  `meta_description` text COLLATE utf8mb4_unicode_ci,
  `meta_keywords` text COLLATE utf8mb4_unicode_ci,
  `locale` varchar(191) COLLATE utf8mb4_unicode_ci NOT NULL,
  `cms_page_id` int(10) unsigned NOT NULL,
  PRIMARY KEY (`id`),
  UNIQUE KEY `cms_page_translations_cms_page_id_url_key_locale_unique` (`cms_page_id`,`url_key`,`locale`),
  CONSTRAINT `cms_page_translations_cms_page_id_foreign` FOREIGN KEY (`cms_page_id`) REFERENCES `cms_pages` (`id`) ON DELETE CASCADE
) ENGINE=InnoDB DEFAULT CHARSET=utf8mb4 COLLATE=utf8mb4_unicode_ci ROW_FORMAT=DYNAMIC;

INSERT INTO `cms_page_translations` (`id`, `page_title`, `url_key`, `html_content`, `meta_title`, `meta_description`, `meta_keywords`, `locale`, `cms_page_id`) VALUES
(1,	'About Us',	'about-us',	'<h1 style=\"text-align: center;\"></h1>\r\n<h1 style=\"text-align: center;\">License and integration free online platform connecting a community of buyers and suppliers</h1>\r\n<p style=\"box-sizing: border-box; margin: 0px; padding: 0px 0px 10px; border: 0px; outline: 0px; background-image: initial; background-position: 0px 0px; background-size: initial; background-repeat: initial; background-attachment: initial; background-origin: initial; background-clip: initial; font-size: 17px; vertical-align: baseline; text-size-adjust: 100%; color: #4a5456; font-weight: 400; line-height: 1.7em; font-family: \'Open Sans\'; text-align: center; overflow-wrap: normal !important;\">Our purchasing platform is an open marketplace that allows a community of buyers to leverage total scale in order to identify the right suppliers and purchase produce at the best value. Our platform can generate 50% plus savings on purchased items and is designed to identify, order, invoice purchases. There\'s no complicated integrations, just buy through the platform efficiently making savings from day 1. Be 100% confident you\'ve got the best deal!</p>\r\n<h1 style=\"text-align: center;\">Who we are</h1>\r\n<p style=\"box-sizing: border-box; margin: 0px; padding: 0px 0px 10px; border: 0px; outline: 0px; background-image: initial; background-position: 0px 0px; background-size: initial; background-repeat: initial; background-attachment: initial; background-origin: initial; background-clip: initial; font-size: 17px; vertical-align: baseline; text-size-adjust: 100%; color: #4a5456; font-weight: 400; line-height: 1.7em; font-family: \'Open Sans\'; text-align: center; overflow-wrap: normal !important;\"><span style=\"color: #4a5456; font-family: \'Open Sans\'; font-size: 17px; text-align: center;\">With a consulting background our founder spent many years helping large corporate organisations make savings on supplier costs through increasing purchasing efficiency and negotiating new and improved contracts and pricing. After a brief stint travelling and falling in love with Ceviche, he set up a number of pop up restaurants in London serving Ceviche during the summer of 2018. It was there he discovered that the restaurant industry has an opportunity collaborate more, buying through scale and improving purchasing processes to realise savings allowing investment back in to the business. </span></p>\r\n<p style=\"box-sizing: border-box; margin: 0px; padding: 0px 0px 10px; border: 0px; outline: 0px; background-image: initial; background-position: 0px 0px; background-size: initial; background-repeat: initial; background-attachment: initial; background-origin: initial; background-clip: initial; font-size: 17px; vertical-align: baseline; text-size-adjust: 100%; color: #4a5456; font-weight: 400; line-height: 1.7em; font-family: \'Open Sans\'; text-align: center; overflow-wrap: normal !important;\"><span style=\"color: #4a5456; font-family: \'Open Sans\'; font-size: 17px; text-align: center;\">A closed relationship with suppliers hampers the ability for restaurants and bars to ensure they\'re paying the right price and building the right relationships with the right suppliers.&nbsp;</span></p>\r\n<p style=\"box-sizing: border-box; margin: 0px; padding: 0px 0px 10px; border: 0px; outline: 0px; background-image: initial; background-position: 0px 0px; background-size: initial; background-repeat: initial; background-attachment: initial; background-origin: initial; background-clip: initial; font-size: 17px; vertical-align: baseline; text-size-adjust: 100%; color: #4a5456; font-weight: 400; line-height: 1.7em; font-family: \'Open Sans\'; text-align: center; overflow-wrap: normal !important;\"><span style=\"color: #4a5456; font-family: \'Open Sans\'; font-size: 17px; text-align: center;\"></span></p>',	'about us',	'',	'aboutus',	'en',	1),
(2,	'Return Policy',	'return-policy',	'<div class=\"static-container\">\n                                   <div class=\"mb-5\">Return policy page content</div>\n                                   </div>',	'return policy',	'',	'return, policy',	'en',	2),
(3,	'Refund Policy',	'refund-policy',	'<div class=\"static-container\">\n                                   <div class=\"mb-5\">Refund policy page content</div>\n                                   </div>',	'Refund policy',	'',	'refund, policy',	'en',	3),
(4,	'Terms & Conditions',	'terms-conditions',	'<div class=\"static-container\">\n                                   <div class=\"mb-5\">Terms & conditions page content</div>\n                                   </div>',	'Terms & Conditions',	'',	'term, conditions',	'en',	4),
(5,	'Terms of use',	'terms-of-use',	'<div class=\"static-container\">\n                                   <div class=\"mb-5\">Terms of use page content</div>\n                                   </div>',	'Terms of use',	'',	'term, use',	'en',	5),
(6,	'Contact Us',	'contact-us',	'<div class=\"static-container\">\r\n<div class=\"mb-5\">Contact us page content</div>\r\n</div>',	'Contact Us',	'',	'contact, us',	'en',	6),
(7,	'Support',	'support',	'<p>Support</p>',	'',	'',	'',	'en',	7),
(8,	'FAQ',	'faq',	'<p>FAQ</p>',	'',	'',	'',	'en',	8),
(9,	'Cancellation',	'cancellation',	'<p>Cancellation</p>',	'',	'',	'',	'en',	9),
(10,	'Shipping',	'shipping',	'<p>Shipping</p>',	'',	'',	'',	'en',	10);

DROP TABLE IF EXISTS `core_config`;
CREATE TABLE `core_config` (
  `id` int(10) unsigned NOT NULL AUTO_INCREMENT,
  `code` varchar(191) COLLATE utf8mb4_unicode_ci NOT NULL,
  `value` text COLLATE utf8mb4_unicode_ci NOT NULL,
  `channel_code` varchar(191) COLLATE utf8mb4_unicode_ci DEFAULT NULL,
  `locale_code` varchar(191) COLLATE utf8mb4_unicode_ci DEFAULT NULL,
  `created_at` timestamp NULL DEFAULT NULL,
  `updated_at` timestamp NULL DEFAULT NULL,
  PRIMARY KEY (`id`),
  KEY `core_config_channel_id_foreign` (`channel_code`)
) ENGINE=InnoDB DEFAULT CHARSET=utf8mb4 COLLATE=utf8mb4_unicode_ci ROW_FORMAT=DYNAMIC;

INSERT INTO `core_config` (`id`, `code`, `value`, `channel_code`, `locale_code`, `created_at`, `updated_at`) VALUES
(1,	'catalog.products.guest-checkout.allow-guest-checkout',	'1',	NULL,	NULL,	'2020-03-18 11:28:06',	'2020-03-18 11:28:06'),
(2,	'emails.general.notifications.emails.general.notifications.verification',	'1',	NULL,	NULL,	'2020-03-18 11:28:06',	'2020-03-18 11:28:06'),
(3,	'emails.general.notifications.emails.general.notifications.registration',	'1',	NULL,	NULL,	'2020-03-18 11:28:06',	'2020-03-18 11:28:06'),
(4,	'emails.general.notifications.emails.general.notifications.customer',	'1',	NULL,	NULL,	'2020-03-18 11:28:06',	'2020-03-18 11:28:06'),
(5,	'emails.general.notifications.emails.general.notifications.new-order',	'1',	NULL,	NULL,	'2020-03-18 11:28:06',	'2020-03-18 11:28:06'),
(6,	'emails.general.notifications.emails.general.notifications.new-admin',	'1',	NULL,	NULL,	'2020-03-18 11:28:06',	'2020-03-18 11:28:06'),
(7,	'emails.general.notifications.emails.general.notifications.new-invoice',	'1',	NULL,	NULL,	'2020-03-18 11:28:06',	'2020-03-18 11:28:06'),
(8,	'emails.general.notifications.emails.general.notifications.new-refund',	'1',	NULL,	NULL,	'2020-03-18 11:28:06',	'2020-03-18 11:28:06'),
(9,	'emails.general.notifications.emails.general.notifications.new-shipment',	'1',	NULL,	NULL,	'2020-03-18 11:28:06',	'2020-03-18 11:28:06'),
(10,	'emails.general.notifications.emails.general.notifications.new-inventory-source',	'1',	NULL,	NULL,	'2020-03-18 11:28:06',	'2020-03-18 11:28:06'),
(11,	'emails.general.notifications.emails.general.notifications.cancel-order',	'1',	NULL,	NULL,	'2020-03-18 11:28:06',	'2020-03-18 11:28:06'),
(12,	'general.design.admin_logo.logo_image',	'configuration/iuN6u25fEQ5dF3i0dNdlnqx9XYRfSuajPByaJOzz.png',	'default',	NULL,	'2020-03-19 09:44:11',	'2020-03-26 17:21:31'),
(13,	'customer.settings.address.street_lines',	'1',	'default',	NULL,	'2020-03-19 10:20:26',	'2020-03-30 13:33:10'),
(14,	'customer.settings.newsletter.subscription',	'1',	NULL,	NULL,	'2020-03-19 10:20:26',	'2020-03-19 10:20:26'),
(15,	'customer.settings.email.verification',	'0',	NULL,	NULL,	'2020-03-19 10:20:26',	'2020-03-30 12:42:55'),
(16,	'catalog.products.review.guest_review',	'1',	NULL,	NULL,	'2020-03-23 16:05:05',	'2020-03-23 16:05:05'),
(17,	'marketplace.marketplace.general.seller_approval_required',	'1',	NULL,	NULL,	NULL,	NULL),
(18,	'marketplace.settings.general.seller_approval_required',	'0',	NULL,	NULL,	NULL,	'2020-03-30 12:53:48'),
(19,	'marketplace.settings.general.product_approval_required',	'0',	NULL,	NULL,	NULL,	'2020-03-30 12:53:48'),
(20,	'marketplace.settings.general.commission_per_unit',	'10',	'default',	NULL,	NULL,	NULL),
(21,	'marketplace.settings.general.can_create_invoice',	'1',	NULL,	NULL,	NULL,	'2020-04-10 13:08:10'),
(22,	'marketplace.settings.general.can_create_shipment',	'0',	NULL,	NULL,	NULL,	NULL),
(23,	'marketplace.settings.landing_page.page_title',	'Open a store today',	'default',	'en',	NULL,	'2020-04-12 18:02:56'),
(24,	'marketplace.settings.landing_page.show_banner',	'1',	NULL,	NULL,	NULL,	NULL),
(25,	'marketplace.settings.landing_page.banner_content',	'Set up a free online shop today and sell your produce to thousands of customers at the click of a button',	'default',	'en',	NULL,	'2020-04-12 18:29:22'),
(26,	'marketplace.settings.landing_page.show_features',	'1',	NULL,	NULL,	NULL,	NULL),
(27,	'marketplace.settings.landing_page.feature_heading',	'Connect With Buyers Today',	'default',	'en',	NULL,	'2020-04-12 18:30:24'),
(28,	'marketplace.settings.landing_page.feature_info',	'Here at Fresh-Net we do things differently. Most marketplaces focus on the buyer. We are here for the supplier too. We\'ve put a lot of investment in to making the suppliers life as easy as possible, letting you focus on the things that matter.\r\n\r\nWe offer a unique, free platform that allows suppliers to connect seamlessly with buyers. Suppliers can create a shop, demonstrate their unique selling points, list their key terms and add and manage products simply and efficiently. The shop is designed to be easy to set up and manage with minimal effort. However, if youre struggling our support team will set your shop up for you. You can send your information in any format and well do the rest.\r\n\r\nTheres really no excuse to not open your online store today!',	'default',	'en',	NULL,	'2020-04-13 22:24:31'),
(29,	'marketplace.settings.landing_page.feature_icon_label_1',	'Generate Revenue',	'default',	'en',	NULL,	NULL),
(30,	'marketplace.settings.landing_page.feature_icon_label_2',	'Showcase your USP\'s',	'default',	'en',	NULL,	'2020-04-13 22:14:54'),
(31,	'marketplace.settings.landing_page.feature_icon_label_3',	'Push Discounts',	'default',	'en',	NULL,	'2020-04-13 22:14:54'),
(32,	'marketplace.settings.landing_page.feature_icon_label_4',	'Track and Manage Sales',	'default',	'en',	NULL,	'2020-04-12 18:29:22'),
(33,	'marketplace.settings.landing_page.feature_icon_label_5',	'Inventory Management',	'default',	'en',	NULL,	'2020-04-13 22:14:54'),
(34,	'marketplace.settings.landing_page.feature_icon_label_6',	'Build Relationships',	'default',	'en',	NULL,	'2020-04-13 22:14:54'),
(35,	'marketplace.settings.landing_page.feature_icon_label_7',	'Connect with Social Media',	'default',	'en',	NULL,	'2020-04-12 18:29:22'),
(36,	'marketplace.settings.landing_page.feature_icon_label_8',	'Communicate With Buyers',	'default',	'en',	NULL,	'2020-04-12 18:29:22'),
(37,	'marketplace.settings.landing_page.show_popular_sellers',	'0',	NULL,	NULL,	NULL,	'2020-04-13 22:29:40'),
(38,	'marketplace.settings.landing_page.open_shop_button_label',	'Open Shop Now',	'default',	'en',	NULL,	NULL),
(39,	'marketplace.settings.landing_page.show_open_shop_block',	'1',	NULL,	NULL,	NULL,	NULL),
(40,	'marketplace.settings.landing_page.open_shop_info',	'Open your online shop today and sell to our community of buyers',	'default',	'en',	NULL,	'2020-04-13 22:41:09'),
(42,	'marketplace.settings.landing_page.feature_icon_1',	'configuration/3npLBJCCEnvjtescuelWsENPEm0FzhvElzmFRWIe.png',	'default',	NULL,	NULL,	NULL),
(43,	'marketplace.settings.landing_page.feature_icon_2',	'configuration/sGtL2WxTxjFypyRMioRth0y4FRJUW6pZEYKfQXq2.png',	'default',	NULL,	NULL,	NULL),
(44,	'marketplace.settings.landing_page.feature_icon_3',	'configuration/kZZ5OSziGW3aQNVGkq4r4GL2VNTsQhVWLt62C0wb.png',	'default',	NULL,	NULL,	NULL),
(45,	'marketplace.settings.landing_page.feature_icon_4',	'configuration/cN1NGisKLyVpsn1AldCEQg8ZZCJtSbbd5zTjZGwX.png',	'default',	NULL,	NULL,	NULL),
(46,	'marketplace.settings.landing_page.feature_icon_5',	'configuration/eSHFNPfIWrw7gLffadeR4FgOgBMeQtxWWxfmB45o.png',	'default',	NULL,	NULL,	NULL),
(47,	'marketplace.settings.landing_page.feature_icon_6',	'configuration/9Iggsyrd6OElGvYHg27LKfgvgLHx3hBKTXgESxYC.png',	'default',	NULL,	NULL,	NULL),
(48,	'marketplace.settings.landing_page.feature_icon_7',	'configuration/YvJHOSJLldKpgi0MrgDNy0ookuAyXbYuAtQQI9am.png',	'default',	NULL,	NULL,	NULL),
(49,	'marketplace.settings.landing_page.feature_icon_8',	'configuration/i7dgjt2Hw5xhUdmploHWMoV0aNml3W4GjEAyZm5e.png',	'default',	NULL,	NULL,	NULL),
(50,	'marketplace.settings.landing_page.about_marketplace',	'<div style=\"width: 100%; display: inline-block; padding-bottom: 30px;\"><h1 style=\"text-align: center; font-size: 24px; color: rgb(36, 36, 36); margin-bottom: 40px;\">How it works</h1><div style=\"width: 28%; float: left; padding-right: 20px;\"><img src=\"http://magento2.webkul.com/marketplace/pub/media/wysiwyg/landingpage/img-customize-seller-profile.png\" alt=\"\" style=\"width: 100%;\"></div> <div style=\"width: 70%; float: left; text-align: justify;\"><h2 style=\"color: rgb(99, 99, 99); margin: 0px; font-size: 22px;\">Set up a customised store</h2> <p>Fresh-Net is an online marketplace that connects suppliers with buyers. The platform allows suppliers the ability to develop a fully customisable online store to advertise their brand and demonstrate their USPs. Add all relevant information for customers such as delivery requirements, minimum purchases, credit terms etc.</p> <p>&nbsp;</p> <p>We pride ourselves in supporting your business growth, that\'s why we have a support team ready to answer any of your queries, help open your store and even build your branding content such as shop front banners and promotions. All completely for free!</p></div></div> <div style=\"width: 100%; display: inline-block; padding-bottom: 30px;\"><div style=\"width: 70%; float: left; padding-right: 20px; text-align: justify;\"><h2 style=\"color: rgb(99, 99, 99); margin: 0px; font-size: 22px;\">Add and Manage Products with Ease</h2> <p>Simply add your products to your online store. Manage pricing and push offers when necessary with the click of a button.</p> <p>&nbsp;</p> <p>Track and manage inventory with simplicity via the online store, communicate directly with customers for items like delivery or credit terms.</p></div> <div style=\"width: 28%; float: left;\"><img src=\"http://magento2.webkul.com/marketplace/pub/media/wysiwyg/landingpage/img-add-unlimited-products.png\" alt=\"\" style=\"width: 100%;\"></div></div> <div style=\"width: 100%; display: inline-block; padding-bottom: 30px;\"><div style=\"width: 28%; float: left; padding-right: 20px;\"><img src=\"http://magento2.webkul.com/marketplace/pub/media/wysiwyg/landingpage/img-connect-to-your-social-profile.png\" alt=\"\" style=\"width: 100%;\"></div> <div style=\"width: 70%; float: left;text-align: justify;\"><h2 style=\"color: rgb(99, 99, 99); margin: 0px; font-size: 22px;\">Build your Brand Presence</h2> <p>Build your brand presence by connecting your shop to social media. Enhance your presence online through pushed discounts, targeted adverts and much more.</p> <p>&nbsp;</p> <p>If you\'re stuck for ideas, Fresh-Net can help you build professional marketing content such as banners, logos and designs. We wan\'t your store to maximise your revenue so just contact our support centre to get more information on marketing your store.</p></div></div> <div style=\"width: 100%; display: inline-block; padding-bottom: 30px;\"><div style=\"width: 70%; float: left; padding-right: 20px; text-align: justify;\"><h3 style=\"color: rgb(99, 99, 99); margin: 0px;\">Seamless Buyer Communication</h3> <p>Communicate with buyers at the click of a button. Put as much information on your site as possible to minimise questions, making sure you\'re using the messaging system for relationship building. Our support team can also help pick up any queries if required.</p></div> <div style=\"width: 28%; float: left;\"><img src=\"http://magento2.webkul.com/marketplace/pub/media/wysiwyg/landingpage/img-buyers-can-ask-a-question.png\" alt=\"\" style=\"width: 100%;\"></div></div>',	'default',	'en',	NULL,	'2020-04-13 22:41:09'),
(51,	'marketplace.marketplace.general.seller_approval_required',	'1',	NULL,	NULL,	NULL,	NULL),
(52,	'marketplace.settings.general.seller_approval_required',	'0',	NULL,	NULL,	NULL,	'2020-03-30 12:53:48'),
(53,	'marketplace.settings.general.product_approval_required',	'0',	NULL,	NULL,	NULL,	'2020-03-30 12:53:48'),
(54,	'marketplace.settings.general.commission_per_unit',	'10',	'default',	NULL,	NULL,	NULL),
(55,	'marketplace.settings.general.can_create_invoice',	'1',	NULL,	NULL,	NULL,	'2020-04-10 13:08:10'),
(56,	'marketplace.settings.general.can_create_shipment',	'0',	NULL,	NULL,	NULL,	NULL),
(57,	'marketplace.settings.landing_page.page_title',	'Open a store today',	'default',	'en',	NULL,	'2020-04-12 18:02:56'),
(58,	'marketplace.settings.landing_page.show_banner',	'1',	NULL,	NULL,	NULL,	NULL),
(59,	'marketplace.settings.landing_page.banner_content',	'Set up a free online shop today and sell your produce to thousands of customers at the click of a button',	'default',	'en',	NULL,	'2020-04-12 18:29:22'),
(60,	'marketplace.settings.landing_page.show_features',	'1',	NULL,	NULL,	NULL,	NULL),
(61,	'marketplace.settings.landing_page.feature_heading',	'Connect With Buyers Today',	'default',	'en',	NULL,	'2020-04-12 18:30:24'),
(62,	'marketplace.settings.landing_page.feature_info',	'Here at Fresh-Net we do things differently. Most marketplaces focus on the buyer. We are here for the supplier too. We\'ve put a lot of investment in to making the suppliers life as easy as possible, letting you focus on the things that matter.\r\n\r\nWe offer a unique, free platform that allows suppliers to connect seamlessly with buyers. Suppliers can create a shop, demonstrate their unique selling points, list their key terms and add and manage products simply and efficiently. The shop is designed to be easy to set up and manage with minimal effort. However, if youre struggling our support team will set your shop up for you. You can send your information in any format and well do the rest.\r\n\r\nTheres really no excuse to not open your online store today!',	'default',	'en',	NULL,	'2020-04-13 22:24:31'),
(63,	'marketplace.settings.landing_page.feature_icon_label_1',	'Generate Revenue',	'default',	'en',	NULL,	NULL),
(64,	'marketplace.settings.landing_page.feature_icon_label_2',	'Showcase your USP\'s',	'default',	'en',	NULL,	'2020-04-13 22:14:54'),
(65,	'marketplace.settings.landing_page.feature_icon_label_3',	'Push Discounts',	'default',	'en',	NULL,	'2020-04-13 22:14:54'),
(66,	'marketplace.settings.landing_page.feature_icon_label_4',	'Track and Manage Sales',	'default',	'en',	NULL,	'2020-04-12 18:29:22'),
(67,	'marketplace.settings.landing_page.feature_icon_label_5',	'Inventory Management',	'default',	'en',	NULL,	'2020-04-13 22:14:54'),
(68,	'marketplace.settings.landing_page.feature_icon_label_6',	'Build Relationships',	'default',	'en',	NULL,	'2020-04-13 22:14:54'),
(69,	'marketplace.settings.landing_page.feature_icon_label_7',	'Connect with Social Media',	'default',	'en',	NULL,	'2020-04-12 18:29:22'),
(70,	'marketplace.settings.landing_page.feature_icon_label_8',	'Communicate With Buyers',	'default',	'en',	NULL,	'2020-04-12 18:29:22'),
(71,	'marketplace.settings.landing_page.show_popular_sellers',	'0',	NULL,	NULL,	NULL,	'2020-04-13 22:29:40'),
(72,	'marketplace.settings.landing_page.open_shop_button_label',	'Open Shop Now',	'default',	'en',	NULL,	NULL),
(73,	'marketplace.settings.landing_page.show_open_shop_block',	'1',	NULL,	NULL,	NULL,	NULL),
(74,	'marketplace.settings.landing_page.open_shop_info',	'Open your online shop today and sell to our community of buyers',	'default',	'en',	NULL,	'2020-04-13 22:41:09'),
(76,	'marketplace.settings.landing_page.feature_icon_1',	'configuration/3npLBJCCEnvjtescuelWsENPEm0FzhvElzmFRWIe.png',	'default',	NULL,	NULL,	NULL),
(77,	'marketplace.settings.landing_page.feature_icon_2',	'configuration/sGtL2WxTxjFypyRMioRth0y4FRJUW6pZEYKfQXq2.png',	'default',	NULL,	NULL,	NULL),
(78,	'marketplace.settings.landing_page.feature_icon_3',	'configuration/kZZ5OSziGW3aQNVGkq4r4GL2VNTsQhVWLt62C0wb.png',	'default',	NULL,	NULL,	NULL),
(79,	'marketplace.settings.landing_page.feature_icon_4',	'configuration/cN1NGisKLyVpsn1AldCEQg8ZZCJtSbbd5zTjZGwX.png',	'default',	NULL,	NULL,	NULL),
(80,	'marketplace.settings.landing_page.feature_icon_5',	'configuration/eSHFNPfIWrw7gLffadeR4FgOgBMeQtxWWxfmB45o.png',	'default',	NULL,	NULL,	NULL),
(81,	'marketplace.settings.landing_page.feature_icon_6',	'configuration/9Iggsyrd6OElGvYHg27LKfgvgLHx3hBKTXgESxYC.png',	'default',	NULL,	NULL,	NULL),
(82,	'marketplace.settings.landing_page.feature_icon_7',	'configuration/YvJHOSJLldKpgi0MrgDNy0ookuAyXbYuAtQQI9am.png',	'default',	NULL,	NULL,	NULL),
(83,	'marketplace.settings.landing_page.feature_icon_8',	'configuration/i7dgjt2Hw5xhUdmploHWMoV0aNml3W4GjEAyZm5e.png',	'default',	NULL,	NULL,	NULL),
(84,	'marketplace.settings.landing_page.about_marketplace',	'<div style=\"width: 100%; display: inline-block; padding-bottom: 30px;\"><h1 style=\"text-align: center; font-size: 24px; color: rgb(36, 36, 36); margin-bottom: 40px;\">How it works</h1><div style=\"width: 28%; float: left; padding-right: 20px;\"><img src=\"http://magento2.webkul.com/marketplace/pub/media/wysiwyg/landingpage/img-customize-seller-profile.png\" alt=\"\" style=\"width: 100%;\"></div> <div style=\"width: 70%; float: left; text-align: justify;\"><h2 style=\"color: rgb(99, 99, 99); margin: 0px; font-size: 22px;\">Set up a customised store</h2> <p>Fresh-Net is an online marketplace that connects suppliers with buyers. The platform allows suppliers the ability to develop a fully customisable online store to advertise their brand and demonstrate their USPs. Add all relevant information for customers such as delivery requirements, minimum purchases, credit terms etc.</p> <p>&nbsp;</p> <p>We pride ourselves in supporting your business growth, that\'s why we have a support team ready to answer any of your queries, help open your store and even build your branding content such as shop front banners and promotions. All completely for free!</p></div></div> <div style=\"width: 100%; display: inline-block; padding-bottom: 30px;\"><div style=\"width: 70%; float: left; padding-right: 20px; text-align: justify;\"><h2 style=\"color: rgb(99, 99, 99); margin: 0px; font-size: 22px;\">Add and Manage Products with Ease</h2> <p>Simply add your products to your online store. Manage pricing and push offers when necessary with the click of a button.</p> <p>&nbsp;</p> <p>Track and manage inventory with simplicity via the online store, communicate directly with customers for items like delivery or credit terms.</p></div> <div style=\"width: 28%; float: left;\"><img src=\"http://magento2.webkul.com/marketplace/pub/media/wysiwyg/landingpage/img-add-unlimited-products.png\" alt=\"\" style=\"width: 100%;\"></div></div> <div style=\"width: 100%; display: inline-block; padding-bottom: 30px;\"><div style=\"width: 28%; float: left; padding-right: 20px;\"><img src=\"http://magento2.webkul.com/marketplace/pub/media/wysiwyg/landingpage/img-connect-to-your-social-profile.png\" alt=\"\" style=\"width: 100%;\"></div> <div style=\"width: 70%; float: left;text-align: justify;\"><h2 style=\"color: rgb(99, 99, 99); margin: 0px; font-size: 22px;\">Build your Brand Presence</h2> <p>Build your brand presence by connecting your shop to social media. Enhance your presence online through pushed discounts, targeted adverts and much more.</p> <p>&nbsp;</p> <p>If you\'re stuck for ideas, Fresh-Net can help you build professional marketing content such as banners, logos and designs. We wan\'t your store to maximise your revenue so just contact our support centre to get more information on marketing your store.</p></div></div> <div style=\"width: 100%; display: inline-block; padding-bottom: 30px;\"><div style=\"width: 70%; float: left; padding-right: 20px; text-align: justify;\"><h3 style=\"color: rgb(99, 99, 99); margin: 0px;\">Seamless Buyer Communication</h3> <p>Communicate with buyers at the click of a button. Put as much information on your site as possible to minimise questions, making sure you\'re using the messaging system for relationship building. Our support team can also help pick up any queries if required.</p></div> <div style=\"width: 28%; float: left;\"><img src=\"http://magento2.webkul.com/marketplace/pub/media/wysiwyg/landingpage/img-buyers-can-ask-a-question.png\" alt=\"\" style=\"width: 100%;\"></div></div>',	'default',	'en',	NULL,	'2020-04-13 22:41:09'),
(85,	'marketplace.settings.general.can_cancel_order',	'1',	NULL,	NULL,	'2020-03-30 12:53:48',	'2020-04-10 13:08:10'),
(86,	'sales.shipping.origin.country',	'IN',	'default',	'en',	'2020-03-30 13:11:17',	'2020-03-30 13:11:17'),
(87,	'sales.shipping.origin.state',	'PB',	'default',	'en',	'2020-03-30 13:11:17',	'2020-03-30 13:11:17'),
(88,	'sales.shipping.origin.address1',	'mohali',	'default',	NULL,	'2020-03-30 13:11:17',	'2020-03-30 13:11:17'),
(89,	'sales.shipping.origin.zipcode',	'140401',	'default',	NULL,	'2020-03-30 13:11:17',	'2020-03-30 13:11:17'),
(90,	'sales.shipping.origin.city',	'Mohali',	'default',	NULL,	'2020-03-30 13:11:17',	'2020-03-30 13:11:17'),
(91,	'marketplace.settings.landing_page.banner',	'configuration/n4bJWoOQa7AdriiHRKhYWv08Z22ySrLwKyVNO31G.jpeg',	'default',	NULL,	'2020-04-12 18:14:59',	'2020-04-12 18:21:42'),
(92,	'sales.carriers.free.title',	'Free Shipping',	NULL,	'en',	'2020-05-09 22:02:06',	'2020-05-09 22:02:06'),
(93,	'sales.carriers.free.description',	'Free Shipping',	NULL,	'en',	'2020-05-09 22:02:06',	'2020-05-09 22:02:06'),
(94,	'sales.carriers.free.active',	'1',	NULL,	'en',	'2020-05-09 22:02:06',	'2020-05-09 22:02:06'),
(95,	'sales.carriers.flatrate.title',	'Flat Rate',	'default',	'en',	'2020-05-09 22:02:06',	'2020-05-09 22:02:06'),
(96,	'sales.carriers.flatrate.description',	'Flat Rate Shipping',	'default',	NULL,	'2020-05-09 22:02:06',	'2020-05-09 22:02:06'),
(97,	'sales.carriers.flatrate.default_rate',	'10',	'default',	NULL,	'2020-05-09 22:02:06',	'2020-05-09 22:02:06'),
(98,	'sales.carriers.flatrate.type',	'per_unit',	NULL,	NULL,	'2020-05-09 22:02:06',	'2020-05-09 22:02:06'),
(99,	'sales.carriers.flatrate.active',	'1',	NULL,	'en',	'2020-05-09 22:02:06',	'2020-05-09 22:02:06');

DROP TABLE IF EXISTS `countries`;
CREATE TABLE `countries` (
  `id` int(10) unsigned NOT NULL AUTO_INCREMENT,
  `code` varchar(191) COLLATE utf8mb4_unicode_ci NOT NULL,
  `name` varchar(191) COLLATE utf8mb4_unicode_ci NOT NULL,
  PRIMARY KEY (`id`)
) ENGINE=InnoDB DEFAULT CHARSET=utf8mb4 COLLATE=utf8mb4_unicode_ci ROW_FORMAT=DYNAMIC;

INSERT INTO `countries` (`id`, `code`, `name`) VALUES
(1,	'AF',	'Afghanistan'),
(2,	'AX',	'land Islands'),
(3,	'AL',	'Albania'),
(4,	'DZ',	'Algeria'),
(5,	'AS',	'American Samoa'),
(6,	'AD',	'Andorra'),
(7,	'AO',	'Angola'),
(8,	'AI',	'Anguilla'),
(9,	'AQ',	'Antarctica'),
(10,	'AG',	'Antigua & Barbuda'),
(11,	'AR',	'Argentina'),
(12,	'AM',	'Armenia'),
(13,	'AW',	'Aruba'),
(14,	'AC',	'Ascension Island'),
(15,	'AU',	'Australia'),
(16,	'AT',	'Austria'),
(17,	'AZ',	'Azerbaijan'),
(18,	'BS',	'Bahamas'),
(19,	'BH',	'Bahrain'),
(20,	'BD',	'Bangladesh'),
(21,	'BB',	'Barbados'),
(22,	'BY',	'Belarus'),
(23,	'BE',	'Belgium'),
(24,	'BZ',	'Belize'),
(25,	'BJ',	'Benin'),
(26,	'BM',	'Bermuda'),
(27,	'BT',	'Bhutan'),
(28,	'BO',	'Bolivia'),
(29,	'BA',	'Bosnia & Herzegovina'),
(30,	'BW',	'Botswana'),
(31,	'BR',	'Brazil'),
(32,	'IO',	'British Indian Ocean Territory'),
(33,	'VG',	'British Virgin Islands'),
(34,	'BN',	'Brunei'),
(35,	'BG',	'Bulgaria'),
(36,	'BF',	'Burkina Faso'),
(37,	'BI',	'Burundi'),
(38,	'KH',	'Cambodia'),
(39,	'CM',	'Cameroon'),
(40,	'CA',	'Canada'),
(41,	'IC',	'Canary Islands'),
(42,	'CV',	'Cape Verde'),
(43,	'BQ',	'Caribbean Netherlands'),
(44,	'KY',	'Cayman Islands'),
(45,	'CF',	'Central African Republic'),
(46,	'EA',	'Ceuta & Melilla'),
(47,	'TD',	'Chad'),
(48,	'CL',	'Chile'),
(49,	'CN',	'China'),
(50,	'CX',	'Christmas Island'),
(51,	'CC',	'Cocos (Keeling) Islands'),
(52,	'CO',	'Colombia'),
(53,	'KM',	'Comoros'),
(54,	'CG',	'Congo - Brazzaville'),
(55,	'CD',	'Congo - Kinshasa'),
(56,	'CK',	'Cook Islands'),
(57,	'CR',	'Costa Rica'),
(58,	'CI',	'Cte dIvoire'),
(59,	'HR',	'Croatia'),
(60,	'CU',	'Cuba'),
(61,	'CW',	'Curaao'),
(62,	'CY',	'Cyprus'),
(63,	'CZ',	'Czechia'),
(64,	'DK',	'Denmark'),
(65,	'DG',	'Diego Garcia'),
(66,	'DJ',	'Djibouti'),
(67,	'DM',	'Dominica'),
(68,	'DO',	'Dominican Republic'),
(69,	'EC',	'Ecuador'),
(70,	'EG',	'Egypt'),
(71,	'SV',	'El Salvador'),
(72,	'GQ',	'Equatorial Guinea'),
(73,	'ER',	'Eritrea'),
(74,	'EE',	'Estonia'),
(75,	'ET',	'Ethiopia'),
(76,	'EZ',	'Eurozone'),
(77,	'FK',	'Falkland Islands'),
(78,	'FO',	'Faroe Islands'),
(79,	'FJ',	'Fiji'),
(80,	'FI',	'Finland'),
(81,	'FR',	'France'),
(82,	'GF',	'French Guiana'),
(83,	'PF',	'French Polynesia'),
(84,	'TF',	'French Southern Territories'),
(85,	'GA',	'Gabon'),
(86,	'GM',	'Gambia'),
(87,	'GE',	'Georgia'),
(88,	'DE',	'Germany'),
(89,	'GH',	'Ghana'),
(90,	'GI',	'Gibraltar'),
(91,	'GR',	'Greece'),
(92,	'GL',	'Greenland'),
(93,	'GD',	'Grenada'),
(94,	'GP',	'Guadeloupe'),
(95,	'GU',	'Guam'),
(96,	'GT',	'Guatemala'),
(97,	'GG',	'Guernsey'),
(98,	'GN',	'Guinea'),
(99,	'GW',	'Guinea-Bissau'),
(100,	'GY',	'Guyana'),
(101,	'HT',	'Haiti'),
(102,	'HN',	'Honduras'),
(103,	'HK',	'Hong Kong SAR China'),
(104,	'HU',	'Hungary'),
(105,	'IS',	'Iceland'),
(106,	'IN',	'India'),
(107,	'ID',	'Indonesia'),
(108,	'IR',	'Iran'),
(109,	'IQ',	'Iraq'),
(110,	'IE',	'Ireland'),
(111,	'IM',	'Isle of Man'),
(112,	'IL',	'Israel'),
(113,	'IT',	'Italy'),
(114,	'JM',	'Jamaica'),
(115,	'JP',	'Japan'),
(116,	'JE',	'Jersey'),
(117,	'JO',	'Jordan'),
(118,	'KZ',	'Kazakhstan'),
(119,	'KE',	'Kenya'),
(120,	'KI',	'Kiribati'),
(121,	'XK',	'Kosovo'),
(122,	'KW',	'Kuwait'),
(123,	'KG',	'Kyrgyzstan'),
(124,	'LA',	'Laos'),
(125,	'LV',	'Latvia'),
(126,	'LB',	'Lebanon'),
(127,	'LS',	'Lesotho'),
(128,	'LR',	'Liberia'),
(129,	'LY',	'Libya'),
(130,	'LI',	'Liechtenstein'),
(131,	'LT',	'Lithuania'),
(132,	'LU',	'Luxembourg'),
(133,	'MO',	'Macau SAR China'),
(134,	'MK',	'Macedonia'),
(135,	'MG',	'Madagascar'),
(136,	'MW',	'Malawi'),
(137,	'MY',	'Malaysia'),
(138,	'MV',	'Maldives'),
(139,	'ML',	'Mali'),
(140,	'MT',	'Malta'),
(141,	'MH',	'Marshall Islands'),
(142,	'MQ',	'Martinique'),
(143,	'MR',	'Mauritania'),
(144,	'MU',	'Mauritius'),
(145,	'YT',	'Mayotte'),
(146,	'MX',	'Mexico'),
(147,	'FM',	'Micronesia'),
(148,	'MD',	'Moldova'),
(149,	'MC',	'Monaco'),
(150,	'MN',	'Mongolia'),
(151,	'ME',	'Montenegro'),
(152,	'MS',	'Montserrat'),
(153,	'MA',	'Morocco'),
(154,	'MZ',	'Mozambique'),
(155,	'MM',	'Myanmar (Burma)'),
(156,	'NA',	'Namibia'),
(157,	'NR',	'Nauru'),
(158,	'NP',	'Nepal'),
(159,	'NL',	'Netherlands'),
(160,	'NC',	'New Caledonia'),
(161,	'NZ',	'New Zealand'),
(162,	'NI',	'Nicaragua'),
(163,	'NE',	'Niger'),
(164,	'NG',	'Nigeria'),
(165,	'NU',	'Niue'),
(166,	'NF',	'Norfolk Island'),
(167,	'KP',	'North Korea'),
(168,	'MP',	'Northern Mariana Islands'),
(169,	'NO',	'Norway'),
(170,	'OM',	'Oman'),
(171,	'PK',	'Pakistan'),
(172,	'PW',	'Palau'),
(173,	'PS',	'Palestinian Territories'),
(174,	'PA',	'Panama'),
(175,	'PG',	'Papua New Guinea'),
(176,	'PY',	'Paraguay'),
(177,	'PE',	'Peru'),
(178,	'PH',	'Philippines'),
(179,	'PN',	'Pitcairn Islands'),
(180,	'PL',	'Poland'),
(181,	'PT',	'Portugal'),
(182,	'PR',	'Puerto Rico'),
(183,	'QA',	'Qatar'),
(184,	'RE',	'Runion'),
(185,	'RO',	'Romania'),
(186,	'RU',	'Russia'),
(187,	'RW',	'Rwanda'),
(188,	'WS',	'Samoa'),
(189,	'SM',	'San Marino'),
(190,	'ST',	'So Tom & Prncipe'),
(191,	'SA',	'Saudi Arabia'),
(192,	'SN',	'Senegal'),
(193,	'RS',	'Serbia'),
(194,	'SC',	'Seychelles'),
(195,	'SL',	'Sierra Leone'),
(196,	'SG',	'Singapore'),
(197,	'SX',	'Sint Maarten'),
(198,	'SK',	'Slovakia'),
(199,	'SI',	'Slovenia'),
(200,	'SB',	'Solomon Islands'),
(201,	'SO',	'Somalia'),
(202,	'ZA',	'South Africa'),
(203,	'GS',	'South Georgia & South Sandwich Islands'),
(204,	'KR',	'South Korea'),
(205,	'SS',	'South Sudan'),
(206,	'ES',	'Spain'),
(207,	'LK',	'Sri Lanka'),
(208,	'BL',	'St. Barthlemy'),
(209,	'SH',	'St. Helena'),
(210,	'KN',	'St. Kitts & Nevis'),
(211,	'LC',	'St. Lucia'),
(212,	'MF',	'St. Martin'),
(213,	'PM',	'St. Pierre & Miquelon'),
(214,	'VC',	'St. Vincent & Grenadines'),
(215,	'SD',	'Sudan'),
(216,	'SR',	'Suriname'),
(217,	'SJ',	'Svalbard & Jan Mayen'),
(218,	'SZ',	'Swaziland'),
(219,	'SE',	'Sweden'),
(220,	'CH',	'Switzerland'),
(221,	'SY',	'Syria'),
(222,	'TW',	'Taiwan'),
(223,	'TJ',	'Tajikistan'),
(224,	'TZ',	'Tanzania'),
(225,	'TH',	'Thailand'),
(226,	'TL',	'Timor-Leste'),
(227,	'TG',	'Togo'),
(228,	'TK',	'Tokelau'),
(229,	'TO',	'Tonga'),
(230,	'TT',	'Trinidad & Tobago'),
(231,	'TA',	'Tristan da Cunha'),
(232,	'TN',	'Tunisia'),
(233,	'TR',	'Turkey'),
(234,	'TM',	'Turkmenistan'),
(235,	'TC',	'Turks & Caicos Islands'),
(236,	'TV',	'Tuvalu'),
(237,	'UM',	'U.S. Outlying Islands'),
(238,	'VI',	'U.S. Virgin Islands'),
(239,	'UG',	'Uganda'),
(240,	'UA',	'Ukraine'),
(241,	'AE',	'United Arab Emirates'),
(242,	'GB',	'United Kingdom'),
(243,	'UN',	'United Nations'),
(244,	'US',	'United States'),
(245,	'UY',	'Uruguay'),
(246,	'UZ',	'Uzbekistan'),
(247,	'VU',	'Vanuatu'),
(248,	'VA',	'Vatican City'),
(249,	'VE',	'Venezuela'),
(250,	'VN',	'Vietnam'),
(251,	'WF',	'Wallis & Futuna'),
(252,	'EH',	'Western Sahara'),
(253,	'YE',	'Yemen'),
(254,	'ZM',	'Zambia'),
(255,	'ZW',	'Zimbabwe');

DROP TABLE IF EXISTS `country_states`;
CREATE TABLE `country_states` (
  `id` int(10) unsigned NOT NULL AUTO_INCREMENT,
  `country_code` varchar(191) COLLATE utf8mb4_unicode_ci DEFAULT NULL,
  `code` varchar(191) COLLATE utf8mb4_unicode_ci DEFAULT NULL,
  `default_name` varchar(191) COLLATE utf8mb4_unicode_ci DEFAULT NULL,
  `country_id` int(10) unsigned DEFAULT NULL,
  PRIMARY KEY (`id`),
  KEY `country_states_country_id_foreign` (`country_id`),
  CONSTRAINT `country_states_country_id_foreign` FOREIGN KEY (`country_id`) REFERENCES `countries` (`id`) ON DELETE CASCADE
) ENGINE=InnoDB DEFAULT CHARSET=utf8mb4 COLLATE=utf8mb4_unicode_ci ROW_FORMAT=DYNAMIC;

INSERT INTO `country_states` (`id`, `country_code`, `code`, `default_name`, `country_id`) VALUES
(1,	'US',	'AL',	'Alabama',	244),
(2,	'US',	'AK',	'Alaska',	244),
(3,	'US',	'AS',	'American Samoa',	244),
(4,	'US',	'AZ',	'Arizona',	244),
(5,	'US',	'AR',	'Arkansas',	244),
(6,	'US',	'AE',	'Armed Forces Africa',	244),
(7,	'US',	'AA',	'Armed Forces Americas',	244),
(8,	'US',	'AE',	'Armed Forces Canada',	244),
(9,	'US',	'AE',	'Armed Forces Europe',	244),
(10,	'US',	'AE',	'Armed Forces Middle East',	244),
(11,	'US',	'AP',	'Armed Forces Pacific',	244),
(12,	'US',	'CA',	'California',	244),
(13,	'US',	'CO',	'Colorado',	244),
(14,	'US',	'CT',	'Connecticut',	244),
(15,	'US',	'DE',	'Delaware',	244),
(16,	'US',	'DC',	'District of Columbia',	244),
(17,	'US',	'FM',	'Federated States Of Micronesia',	244),
(18,	'US',	'FL',	'Florida',	244),
(19,	'US',	'GA',	'Georgia',	244),
(20,	'US',	'GU',	'Guam',	244),
(21,	'US',	'HI',	'Hawaii',	244),
(22,	'US',	'ID',	'Idaho',	244),
(23,	'US',	'IL',	'Illinois',	244),
(24,	'US',	'IN',	'Indiana',	244),
(25,	'US',	'IA',	'Iowa',	244),
(26,	'US',	'KS',	'Kansas',	244),
(27,	'US',	'KY',	'Kentucky',	244),
(28,	'US',	'LA',	'Louisiana',	244),
(29,	'US',	'ME',	'Maine',	244),
(30,	'US',	'MH',	'Marshall Islands',	244),
(31,	'US',	'MD',	'Maryland',	244),
(32,	'US',	'MA',	'Massachusetts',	244),
(33,	'US',	'MI',	'Michigan',	244),
(34,	'US',	'MN',	'Minnesota',	244),
(35,	'US',	'MS',	'Mississippi',	244),
(36,	'US',	'MO',	'Missouri',	244),
(37,	'US',	'MT',	'Montana',	244),
(38,	'US',	'NE',	'Nebraska',	244),
(39,	'US',	'NV',	'Nevada',	244),
(40,	'US',	'NH',	'New Hampshire',	244),
(41,	'US',	'NJ',	'New Jersey',	244),
(42,	'US',	'NM',	'New Mexico',	244),
(43,	'US',	'NY',	'New York',	244),
(44,	'US',	'NC',	'North Carolina',	244),
(45,	'US',	'ND',	'North Dakota',	244),
(46,	'US',	'MP',	'Northern Mariana Islands',	244),
(47,	'US',	'OH',	'Ohio',	244),
(48,	'US',	'OK',	'Oklahoma',	244),
(49,	'US',	'OR',	'Oregon',	244),
(50,	'US',	'PW',	'Palau',	244),
(51,	'US',	'PA',	'Pennsylvania',	244),
(52,	'US',	'PR',	'Puerto Rico',	244),
(53,	'US',	'RI',	'Rhode Island',	244),
(54,	'US',	'SC',	'South Carolina',	244),
(55,	'US',	'SD',	'South Dakota',	244),
(56,	'US',	'TN',	'Tennessee',	244),
(57,	'US',	'TX',	'Texas',	244),
(58,	'US',	'UT',	'Utah',	244),
(59,	'US',	'VT',	'Vermont',	244),
(60,	'US',	'VI',	'Virgin Islands',	244),
(61,	'US',	'VA',	'Virginia',	244),
(62,	'US',	'WA',	'Washington',	244),
(63,	'US',	'WV',	'West Virginia',	244),
(64,	'US',	'WI',	'Wisconsin',	244),
(65,	'US',	'WY',	'Wyoming',	244),
(66,	'CA',	'AB',	'Alberta',	40),
(67,	'CA',	'BC',	'British Columbia',	40),
(68,	'CA',	'MB',	'Manitoba',	40),
(69,	'CA',	'NL',	'Newfoundland and Labrador',	40),
(70,	'CA',	'NB',	'New Brunswick',	40),
(71,	'CA',	'NS',	'Nova Scotia',	40),
(72,	'CA',	'NT',	'Northwest Territories',	40),
(73,	'CA',	'NU',	'Nunavut',	40),
(74,	'CA',	'ON',	'Ontario',	40),
(75,	'CA',	'PE',	'Prince Edward Island',	40),
(76,	'CA',	'QC',	'Quebec',	40),
(77,	'CA',	'SK',	'Saskatchewan',	40),
(78,	'CA',	'YT',	'Yukon Territory',	40),
(79,	'DE',	'NDS',	'Niedersachsen',	88),
(80,	'DE',	'BAW',	'Baden-Wrttemberg',	88),
(81,	'DE',	'BAY',	'Bayern',	88),
(82,	'DE',	'BER',	'Berlin',	88),
(83,	'DE',	'BRG',	'Brandenburg',	88),
(84,	'DE',	'BRE',	'Bremen',	88),
(85,	'DE',	'HAM',	'Hamburg',	88),
(86,	'DE',	'HES',	'Hessen',	88),
(87,	'DE',	'MEC',	'Mecklenburg-Vorpommern',	88),
(88,	'DE',	'NRW',	'Nordrhein-Westfalen',	88),
(89,	'DE',	'RHE',	'Rheinland-Pfalz',	88),
(90,	'DE',	'SAR',	'Saarland',	88),
(91,	'DE',	'SAS',	'Sachsen',	88),
(92,	'DE',	'SAC',	'Sachsen-Anhalt',	88),
(93,	'DE',	'SCN',	'Schleswig-Holstein',	88),
(94,	'DE',	'THE',	'Thringen',	88),
(95,	'AT',	'WI',	'Wien',	16),
(96,	'AT',	'NO',	'Niedersterreich',	16),
(97,	'AT',	'OO',	'Obersterreich',	16),
(98,	'AT',	'SB',	'Salzburg',	16),
(99,	'AT',	'KN',	'Krnten',	16),
(100,	'AT',	'ST',	'Steiermark',	16),
(101,	'AT',	'TI',	'Tirol',	16),
(102,	'AT',	'BL',	'Burgenland',	16),
(103,	'AT',	'VB',	'Vorarlberg',	16),
(104,	'CH',	'AG',	'Aargau',	220),
(105,	'CH',	'AI',	'Appenzell Innerrhoden',	220),
(106,	'CH',	'AR',	'Appenzell Ausserrhoden',	220),
(107,	'CH',	'BE',	'Bern',	220),
(108,	'CH',	'BL',	'Basel-Landschaft',	220),
(109,	'CH',	'BS',	'Basel-Stadt',	220),
(110,	'CH',	'FR',	'Freiburg',	220),
(111,	'CH',	'GE',	'Genf',	220),
(112,	'CH',	'GL',	'Glarus',	220),
(113,	'CH',	'GR',	'Graubnden',	220),
(114,	'CH',	'JU',	'Jura',	220),
(115,	'CH',	'LU',	'Luzern',	220),
(116,	'CH',	'NE',	'Neuenburg',	220),
(117,	'CH',	'NW',	'Nidwalden',	220),
(118,	'CH',	'OW',	'Obwalden',	220),
(119,	'CH',	'SG',	'St. Gallen',	220),
(120,	'CH',	'SH',	'Schaffhausen',	220),
(121,	'CH',	'SO',	'Solothurn',	220),
(122,	'CH',	'SZ',	'Schwyz',	220),
(123,	'CH',	'TG',	'Thurgau',	220),
(124,	'CH',	'TI',	'Tessin',	220),
(125,	'CH',	'UR',	'Uri',	220),
(126,	'CH',	'VD',	'Waadt',	220),
(127,	'CH',	'VS',	'Wallis',	220),
(128,	'CH',	'ZG',	'Zug',	220),
(129,	'CH',	'ZH',	'Zrich',	220),
(130,	'ES',	'A Corua',	'A Corua',	206),
(131,	'ES',	'Alava',	'Alava',	206),
(132,	'ES',	'Albacete',	'Albacete',	206),
(133,	'ES',	'Alicante',	'Alicante',	206),
(134,	'ES',	'Almeria',	'Almeria',	206),
(135,	'ES',	'Asturias',	'Asturias',	206),
(136,	'ES',	'Avila',	'Avila',	206),
(137,	'ES',	'Badajoz',	'Badajoz',	206),
(138,	'ES',	'Baleares',	'Baleares',	206),
(139,	'ES',	'Barcelona',	'Barcelona',	206),
(140,	'ES',	'Burgos',	'Burgos',	206),
(141,	'ES',	'Caceres',	'Caceres',	206),
(142,	'ES',	'Cadiz',	'Cadiz',	206),
(143,	'ES',	'Cantabria',	'Cantabria',	206),
(144,	'ES',	'Castellon',	'Castellon',	206),
(145,	'ES',	'Ceuta',	'Ceuta',	206),
(146,	'ES',	'Ciudad Real',	'Ciudad Real',	206),
(147,	'ES',	'Cordoba',	'Cordoba',	206),
(148,	'ES',	'Cuenca',	'Cuenca',	206),
(149,	'ES',	'Girona',	'Girona',	206),
(150,	'ES',	'Granada',	'Granada',	206),
(151,	'ES',	'Guadalajara',	'Guadalajara',	206),
(152,	'ES',	'Guipuzcoa',	'Guipuzcoa',	206),
(153,	'ES',	'Huelva',	'Huelva',	206),
(154,	'ES',	'Huesca',	'Huesca',	206),
(155,	'ES',	'Jaen',	'Jaen',	206),
(156,	'ES',	'La Rioja',	'La Rioja',	206),
(157,	'ES',	'Las Palmas',	'Las Palmas',	206),
(158,	'ES',	'Leon',	'Leon',	206),
(159,	'ES',	'Lleida',	'Lleida',	206),
(160,	'ES',	'Lugo',	'Lugo',	206),
(161,	'ES',	'Madrid',	'Madrid',	206),
(162,	'ES',	'Malaga',	'Malaga',	206),
(163,	'ES',	'Melilla',	'Melilla',	206),
(164,	'ES',	'Murcia',	'Murcia',	206),
(165,	'ES',	'Navarra',	'Navarra',	206),
(166,	'ES',	'Ourense',	'Ourense',	206),
(167,	'ES',	'Palencia',	'Palencia',	206),
(168,	'ES',	'Pontevedra',	'Pontevedra',	206),
(169,	'ES',	'Salamanca',	'Salamanca',	206),
(170,	'ES',	'Santa Cruz de Tenerife',	'Santa Cruz de Tenerife',	206),
(171,	'ES',	'Segovia',	'Segovia',	206),
(172,	'ES',	'Sevilla',	'Sevilla',	206),
(173,	'ES',	'Soria',	'Soria',	206),
(174,	'ES',	'Tarragona',	'Tarragona',	206),
(175,	'ES',	'Teruel',	'Teruel',	206),
(176,	'ES',	'Toledo',	'Toledo',	206),
(177,	'ES',	'Valencia',	'Valencia',	206),
(178,	'ES',	'Valladolid',	'Valladolid',	206),
(179,	'ES',	'Vizcaya',	'Vizcaya',	206),
(180,	'ES',	'Zamora',	'Zamora',	206),
(181,	'ES',	'Zaragoza',	'Zaragoza',	206),
(182,	'FR',	'1',	'Ain',	81),
(183,	'FR',	'2',	'Aisne',	81),
(184,	'FR',	'3',	'Allier',	81),
(185,	'FR',	'4',	'Alpes-de-Haute-Provence',	81),
(186,	'FR',	'5',	'Hautes-Alpes',	81),
(187,	'FR',	'6',	'Alpes-Maritimes',	81),
(188,	'FR',	'7',	'Ardche',	81),
(189,	'FR',	'8',	'Ardennes',	81),
(190,	'FR',	'9',	'Arige',	81),
(191,	'FR',	'10',	'Aube',	81),
(192,	'FR',	'11',	'Aude',	81),
(193,	'FR',	'12',	'Aveyron',	81),
(194,	'FR',	'13',	'Bouches-du-Rhne',	81),
(195,	'FR',	'14',	'Calvados',	81),
(196,	'FR',	'15',	'Cantal',	81),
(197,	'FR',	'16',	'Charente',	81),
(198,	'FR',	'17',	'Charente-Maritime',	81),
(199,	'FR',	'18',	'Cher',	81),
(200,	'FR',	'19',	'Corrze',	81),
(201,	'FR',	'2A',	'Corse-du-Sud',	81),
(202,	'FR',	'2B',	'Haute-Corse',	81),
(203,	'FR',	'21',	'Cte-d\'Or',	81),
(204,	'FR',	'22',	'Ctes-d\'Armor',	81),
(205,	'FR',	'23',	'Creuse',	81),
(206,	'FR',	'24',	'Dordogne',	81),
(207,	'FR',	'25',	'Doubs',	81),
(208,	'FR',	'26',	'Drme',	81),
(209,	'FR',	'27',	'Eure',	81),
(210,	'FR',	'28',	'Eure-et-Loir',	81),
(211,	'FR',	'29',	'Finistre',	81),
(212,	'FR',	'30',	'Gard',	81),
(213,	'FR',	'31',	'Haute-Garonne',	81),
(214,	'FR',	'32',	'Gers',	81),
(215,	'FR',	'33',	'Gironde',	81),
(216,	'FR',	'34',	'Hrault',	81),
(217,	'FR',	'35',	'Ille-et-Vilaine',	81),
(218,	'FR',	'36',	'Indre',	81),
(219,	'FR',	'37',	'Indre-et-Loire',	81),
(220,	'FR',	'38',	'Isre',	81),
(221,	'FR',	'39',	'Jura',	81),
(222,	'FR',	'40',	'Landes',	81),
(223,	'FR',	'41',	'Loir-et-Cher',	81),
(224,	'FR',	'42',	'Loire',	81),
(225,	'FR',	'43',	'Haute-Loire',	81),
(226,	'FR',	'44',	'Loire-Atlantique',	81),
(227,	'FR',	'45',	'Loiret',	81),
(228,	'FR',	'46',	'Lot',	81),
(229,	'FR',	'47',	'Lot-et-Garonne',	81),
(230,	'FR',	'48',	'Lozre',	81),
(231,	'FR',	'49',	'Maine-et-Loire',	81),
(232,	'FR',	'50',	'Manche',	81),
(233,	'FR',	'51',	'Marne',	81),
(234,	'FR',	'52',	'Haute-Marne',	81),
(235,	'FR',	'53',	'Mayenne',	81),
(236,	'FR',	'54',	'Meurthe-et-Moselle',	81),
(237,	'FR',	'55',	'Meuse',	81),
(238,	'FR',	'56',	'Morbihan',	81),
(239,	'FR',	'57',	'Moselle',	81),
(240,	'FR',	'58',	'Nivre',	81),
(241,	'FR',	'59',	'Nord',	81),
(242,	'FR',	'60',	'Oise',	81),
(243,	'FR',	'61',	'Orne',	81),
(244,	'FR',	'62',	'Pas-de-Calais',	81),
(245,	'FR',	'63',	'Puy-de-Dme',	81),
(246,	'FR',	'64',	'Pyrnes-Atlantiques',	81),
(247,	'FR',	'65',	'Hautes-Pyrnes',	81),
(248,	'FR',	'66',	'Pyrnes-Orientales',	81),
(249,	'FR',	'67',	'Bas-Rhin',	81),
(250,	'FR',	'68',	'Haut-Rhin',	81),
(251,	'FR',	'69',	'Rhne',	81),
(252,	'FR',	'70',	'Haute-Sane',	81),
(253,	'FR',	'71',	'Sane-et-Loire',	81),
(254,	'FR',	'72',	'Sarthe',	81),
(255,	'FR',	'73',	'Savoie',	81),
(256,	'FR',	'74',	'Haute-Savoie',	81),
(257,	'FR',	'75',	'Paris',	81),
(258,	'FR',	'76',	'Seine-Maritime',	81),
(259,	'FR',	'77',	'Seine-et-Marne',	81),
(260,	'FR',	'78',	'Yvelines',	81),
(261,	'FR',	'79',	'Deux-Svres',	81),
(262,	'FR',	'80',	'Somme',	81),
(263,	'FR',	'81',	'Tarn',	81),
(264,	'FR',	'82',	'Tarn-et-Garonne',	81),
(265,	'FR',	'83',	'Var',	81),
(266,	'FR',	'84',	'Vaucluse',	81),
(267,	'FR',	'85',	'Vende',	81),
(268,	'FR',	'86',	'Vienne',	81),
(269,	'FR',	'87',	'Haute-Vienne',	81),
(270,	'FR',	'88',	'Vosges',	81),
(271,	'FR',	'89',	'Yonne',	81),
(272,	'FR',	'90',	'Territoire-de-Belfort',	81),
(273,	'FR',	'91',	'Essonne',	81),
(274,	'FR',	'92',	'Hauts-de-Seine',	81),
(275,	'FR',	'93',	'Seine-Saint-Denis',	81),
(276,	'FR',	'94',	'Val-de-Marne',	81),
(277,	'FR',	'95',	'Val-d\'Oise',	81),
(278,	'RO',	'AB',	'Alba',	185),
(279,	'RO',	'AR',	'Arad',	185),
(280,	'RO',	'AG',	'Arge',	185),
(281,	'RO',	'BC',	'Bacu',	185),
(282,	'RO',	'BH',	'Bihor',	185),
(283,	'RO',	'BN',	'Bistria-Nsud',	185),
(284,	'RO',	'BT',	'Botoani',	185),
(285,	'RO',	'BV',	'Braov',	185),
(286,	'RO',	'BR',	'Brila',	185),
(287,	'RO',	'B',	'Bucureti',	185),
(288,	'RO',	'BZ',	'Buzu',	185),
(289,	'RO',	'CS',	'Cara-Severin',	185),
(290,	'RO',	'CL',	'Clrai',	185),
(291,	'RO',	'CJ',	'Cluj',	185),
(292,	'RO',	'CT',	'Constana',	185),
(293,	'RO',	'CV',	'Covasna',	185),
(294,	'RO',	'DB',	'Dmbovia',	185),
(295,	'RO',	'DJ',	'Dolj',	185),
(296,	'RO',	'GL',	'Galai',	185),
(297,	'RO',	'GR',	'Giurgiu',	185),
(298,	'RO',	'GJ',	'Gorj',	185),
(299,	'RO',	'HR',	'Harghita',	185),
(300,	'RO',	'HD',	'Hunedoara',	185),
(301,	'RO',	'IL',	'Ialomia',	185),
(302,	'RO',	'IS',	'Iai',	185),
(303,	'RO',	'IF',	'Ilfov',	185),
(304,	'RO',	'MM',	'Maramure',	185),
(305,	'RO',	'MH',	'Mehedini',	185),
(306,	'RO',	'MS',	'Mure',	185),
(307,	'RO',	'NT',	'Neam',	185),
(308,	'RO',	'OT',	'Olt',	185),
(309,	'RO',	'PH',	'Prahova',	185),
(310,	'RO',	'SM',	'Satu-Mare',	185),
(311,	'RO',	'SJ',	'Slaj',	185),
(312,	'RO',	'SB',	'Sibiu',	185),
(313,	'RO',	'SV',	'Suceava',	185),
(314,	'RO',	'TR',	'Teleorman',	185),
(315,	'RO',	'TM',	'Timi',	185),
(316,	'RO',	'TL',	'Tulcea',	185),
(317,	'RO',	'VS',	'Vaslui',	185),
(318,	'RO',	'VL',	'Vlcea',	185),
(319,	'RO',	'VN',	'Vrancea',	185),
(320,	'FI',	'Lappi',	'Lappi',	80),
(321,	'FI',	'Pohjois-Pohjanmaa',	'Pohjois-Pohjanmaa',	80),
(322,	'FI',	'Kainuu',	'Kainuu',	80),
(323,	'FI',	'Pohjois-Karjala',	'Pohjois-Karjala',	80),
(324,	'FI',	'Pohjois-Savo',	'Pohjois-Savo',	80),
(325,	'FI',	'Etel-Savo',	'Etel-Savo',	80),
(326,	'FI',	'Etel-Pohjanmaa',	'Etel-Pohjanmaa',	80),
(327,	'FI',	'Pohjanmaa',	'Pohjanmaa',	80),
(328,	'FI',	'Pirkanmaa',	'Pirkanmaa',	80),
(329,	'FI',	'Satakunta',	'Satakunta',	80),
(330,	'FI',	'Keski-Pohjanmaa',	'Keski-Pohjanmaa',	80),
(331,	'FI',	'Keski-Suomi',	'Keski-Suomi',	80),
(332,	'FI',	'Varsinais-Suomi',	'Varsinais-Suomi',	80),
(333,	'FI',	'Etel-Karjala',	'Etel-Karjala',	80),
(334,	'FI',	'Pijt-Hme',	'Pijt-Hme',	80),
(335,	'FI',	'Kanta-Hme',	'Kanta-Hme',	80),
(336,	'FI',	'Uusimaa',	'Uusimaa',	80),
(337,	'FI',	'It-Uusimaa',	'It-Uusimaa',	80),
(338,	'FI',	'Kymenlaakso',	'Kymenlaakso',	80),
(339,	'FI',	'Ahvenanmaa',	'Ahvenanmaa',	80),
(340,	'EE',	'EE-37',	'Harjumaa',	74),
(341,	'EE',	'EE-39',	'Hiiumaa',	74),
(342,	'EE',	'EE-44',	'Ida-Virumaa',	74),
(343,	'EE',	'EE-49',	'Jgevamaa',	74),
(344,	'EE',	'EE-51',	'Jrvamaa',	74),
(345,	'EE',	'EE-57',	'Lnemaa',	74),
(346,	'EE',	'EE-59',	'Lne-Virumaa',	74),
(347,	'EE',	'EE-65',	'Plvamaa',	74),
(348,	'EE',	'EE-67',	'Prnumaa',	74),
(349,	'EE',	'EE-70',	'Raplamaa',	74),
(350,	'EE',	'EE-74',	'Saaremaa',	74),
(351,	'EE',	'EE-78',	'Tartumaa',	74),
(352,	'EE',	'EE-82',	'Valgamaa',	74),
(353,	'EE',	'EE-84',	'Viljandimaa',	74),
(354,	'EE',	'EE-86',	'Vrumaa',	74),
(355,	'LV',	'LV-DGV',	'Daugavpils',	125),
(356,	'LV',	'LV-JEL',	'Jelgava',	125),
(357,	'LV',	'Jkabpils',	'Jkabpils',	125),
(358,	'LV',	'LV-JUR',	'Jrmala',	125),
(359,	'LV',	'LV-LPX',	'Liepja',	125),
(360,	'LV',	'LV-LE',	'Liepjas novads',	125),
(361,	'LV',	'LV-REZ',	'Rzekne',	125),
(362,	'LV',	'LV-RIX',	'Rga',	125),
(363,	'LV',	'LV-RI',	'Rgas novads',	125),
(364,	'LV',	'Valmiera',	'Valmiera',	125),
(365,	'LV',	'LV-VEN',	'Ventspils',	125),
(366,	'LV',	'Aglonas novads',	'Aglonas novads',	125),
(367,	'LV',	'LV-AI',	'Aizkraukles novads',	125),
(368,	'LV',	'Aizputes novads',	'Aizputes novads',	125),
(369,	'LV',	'Aknstes novads',	'Aknstes novads',	125),
(370,	'LV',	'Alojas novads',	'Alojas novads',	125),
(371,	'LV',	'Alsungas novads',	'Alsungas novads',	125),
(372,	'LV',	'LV-AL',	'Alksnes novads',	125),
(373,	'LV',	'Amatas novads',	'Amatas novads',	125),
(374,	'LV',	'Apes novads',	'Apes novads',	125),
(375,	'LV',	'Auces novads',	'Auces novads',	125),
(376,	'LV',	'Babtes novads',	'Babtes novads',	125),
(377,	'LV',	'Baldones novads',	'Baldones novads',	125),
(378,	'LV',	'Baltinavas novads',	'Baltinavas novads',	125),
(379,	'LV',	'LV-BL',	'Balvu novads',	125),
(380,	'LV',	'LV-BU',	'Bauskas novads',	125),
(381,	'LV',	'Bevernas novads',	'Bevernas novads',	125),
(382,	'LV',	'Brocnu novads',	'Brocnu novads',	125),
(383,	'LV',	'Burtnieku novads',	'Burtnieku novads',	125),
(384,	'LV',	'Carnikavas novads',	'Carnikavas novads',	125),
(385,	'LV',	'Cesvaines novads',	'Cesvaines novads',	125),
(386,	'LV',	'Ciblas novads',	'Ciblas novads',	125),
(387,	'LV',	'LV-CE',	'Csu novads',	125),
(388,	'LV',	'Dagdas novads',	'Dagdas novads',	125),
(389,	'LV',	'LV-DA',	'Daugavpils novads',	125),
(390,	'LV',	'LV-DO',	'Dobeles novads',	125),
(391,	'LV',	'Dundagas novads',	'Dundagas novads',	125),
(392,	'LV',	'Durbes novads',	'Durbes novads',	125),
(393,	'LV',	'Engures novads',	'Engures novads',	125),
(394,	'LV',	'Garkalnes novads',	'Garkalnes novads',	125),
(395,	'LV',	'Grobias novads',	'Grobias novads',	125),
(396,	'LV',	'LV-GU',	'Gulbenes novads',	125),
(397,	'LV',	'Iecavas novads',	'Iecavas novads',	125),
(398,	'LV',	'Ikiles novads',	'Ikiles novads',	125),
(399,	'LV',	'Ilkstes novads',	'Ilkstes novads',	125),
(400,	'LV',	'Inukalna novads',	'Inukalna novads',	125),
(401,	'LV',	'Jaunjelgavas novads',	'Jaunjelgavas novads',	125),
(402,	'LV',	'Jaunpiebalgas novads',	'Jaunpiebalgas novads',	125),
(403,	'LV',	'Jaunpils novads',	'Jaunpils novads',	125),
(404,	'LV',	'LV-JL',	'Jelgavas novads',	125),
(405,	'LV',	'LV-JK',	'Jkabpils novads',	125),
(406,	'LV',	'Kandavas novads',	'Kandavas novads',	125),
(407,	'LV',	'Kokneses novads',	'Kokneses novads',	125),
(408,	'LV',	'Krimuldas novads',	'Krimuldas novads',	125),
(409,	'LV',	'Krustpils novads',	'Krustpils novads',	125),
(410,	'LV',	'LV-KR',	'Krslavas novads',	125),
(411,	'LV',	'LV-KU',	'Kuldgas novads',	125),
(412,	'LV',	'Krsavas novads',	'Krsavas novads',	125),
(413,	'LV',	'Lielvrdes novads',	'Lielvrdes novads',	125),
(414,	'LV',	'LV-LM',	'Limbau novads',	125),
(415,	'LV',	'Lubnas novads',	'Lubnas novads',	125),
(416,	'LV',	'LV-LU',	'Ludzas novads',	125),
(417,	'LV',	'Lgatnes novads',	'Lgatnes novads',	125),
(418,	'LV',	'Lvnu novads',	'Lvnu novads',	125),
(419,	'LV',	'LV-MA',	'Madonas novads',	125),
(420,	'LV',	'Mazsalacas novads',	'Mazsalacas novads',	125),
(421,	'LV',	'Mlpils novads',	'Mlpils novads',	125),
(422,	'LV',	'Mrupes novads',	'Mrupes novads',	125),
(423,	'LV',	'Nauknu novads',	'Nauknu novads',	125),
(424,	'LV',	'Neretas novads',	'Neretas novads',	125),
(425,	'LV',	'Ncas novads',	'Ncas novads',	125),
(426,	'LV',	'LV-OG',	'Ogres novads',	125),
(427,	'LV',	'Olaines novads',	'Olaines novads',	125),
(428,	'LV',	'Ozolnieku novads',	'Ozolnieku novads',	125),
(429,	'LV',	'LV-PR',	'Preiu novads',	125),
(430,	'LV',	'Priekules novads',	'Priekules novads',	125),
(431,	'LV',	'Priekuu novads',	'Priekuu novads',	125),
(432,	'LV',	'Prgaujas novads',	'Prgaujas novads',	125),
(433,	'LV',	'Pvilostas novads',	'Pvilostas novads',	125),
(434,	'LV',	'Paviu novads',	'Paviu novads',	125),
(435,	'LV',	'Raunas novads',	'Raunas novads',	125),
(436,	'LV',	'Riebiu novads',	'Riebiu novads',	125),
(437,	'LV',	'Rojas novads',	'Rojas novads',	125),
(438,	'LV',	'Ropau novads',	'Ropau novads',	125),
(439,	'LV',	'Rucavas novads',	'Rucavas novads',	125),
(440,	'LV',	'Rugju novads',	'Rugju novads',	125),
(441,	'LV',	'Rundles novads',	'Rundles novads',	125),
(442,	'LV',	'LV-RE',	'Rzeknes novads',	125),
(443,	'LV',	'Rjienas novads',	'Rjienas novads',	125),
(444,	'LV',	'Salacgrvas novads',	'Salacgrvas novads',	125),
(445,	'LV',	'Salas novads',	'Salas novads',	125),
(446,	'LV',	'Salaspils novads',	'Salaspils novads',	125),
(447,	'LV',	'LV-SA',	'Saldus novads',	125),
(448,	'LV',	'Saulkrastu novads',	'Saulkrastu novads',	125),
(449,	'LV',	'Siguldas novads',	'Siguldas novads',	125),
(450,	'LV',	'Skrundas novads',	'Skrundas novads',	125),
(451,	'LV',	'Skrveru novads',	'Skrveru novads',	125),
(452,	'LV',	'Smiltenes novads',	'Smiltenes novads',	125),
(453,	'LV',	'Stopiu novads',	'Stopiu novads',	125),
(454,	'LV',	'Strenu novads',	'Strenu novads',	125),
(455,	'LV',	'Sjas novads',	'Sjas novads',	125),
(456,	'LV',	'LV-TA',	'Talsu novads',	125),
(457,	'LV',	'LV-TU',	'Tukuma novads',	125),
(458,	'LV',	'Trvetes novads',	'Trvetes novads',	125),
(459,	'LV',	'Vaiodes novads',	'Vaiodes novads',	125),
(460,	'LV',	'LV-VK',	'Valkas novads',	125),
(461,	'LV',	'LV-VM',	'Valmieras novads',	125),
(462,	'LV',	'Varaknu novads',	'Varaknu novads',	125),
(463,	'LV',	'Vecpiebalgas novads',	'Vecpiebalgas novads',	125),
(464,	'LV',	'Vecumnieku novads',	'Vecumnieku novads',	125),
(465,	'LV',	'LV-VE',	'Ventspils novads',	125),
(466,	'LV',	'Viestes novads',	'Viestes novads',	125),
(467,	'LV',	'Viakas novads',	'Viakas novads',	125),
(468,	'LV',	'Vinu novads',	'Vinu novads',	125),
(469,	'LV',	'Vrkavas novads',	'Vrkavas novads',	125),
(470,	'LV',	'Zilupes novads',	'Zilupes novads',	125),
(471,	'LV',	'dau novads',	'dau novads',	125),
(472,	'LV',	'rgu novads',	'rgu novads',	125),
(473,	'LV',	'eguma novads',	'eguma novads',	125),
(474,	'LV',	'ekavas novads',	'ekavas novads',	125),
(475,	'LT',	'LT-AL',	'Alytaus Apskritis',	131),
(476,	'LT',	'LT-KU',	'Kauno Apskritis',	131),
(477,	'LT',	'LT-KL',	'Klaipdos Apskritis',	131),
(478,	'LT',	'LT-MR',	'Marijampols Apskritis',	131),
(479,	'LT',	'LT-PN',	'Panevio Apskritis',	131),
(480,	'LT',	'LT-SA',	'iauli Apskritis',	131),
(481,	'LT',	'LT-TA',	'Taurags Apskritis',	131),
(482,	'LT',	'LT-TE',	'Teli Apskritis',	131),
(483,	'LT',	'LT-UT',	'Utenos Apskritis',	131),
(484,	'LT',	'LT-VL',	'Vilniaus Apskritis',	131),
(485,	'BR',	'AC',	'Acre',	31),
(486,	'BR',	'AL',	'Alagoas',	31),
(487,	'BR',	'AP',	'Amap',	31),
(488,	'BR',	'AM',	'Amazonas',	31),
(489,	'BR',	'BA',	'Bahia',	31),
(490,	'BR',	'CE',	'Cear',	31),
(491,	'BR',	'ES',	'Esprito Santo',	31),
(492,	'BR',	'GO',	'Gois',	31),
(493,	'BR',	'MA',	'Maranho',	31),
(494,	'BR',	'MT',	'Mato Grosso',	31),
(495,	'BR',	'MS',	'Mato Grosso do Sul',	31),
(496,	'BR',	'MG',	'Minas Gerais',	31),
(497,	'BR',	'PA',	'Par',	31),
(498,	'BR',	'PB',	'Paraba',	31),
(499,	'BR',	'PR',	'Paran',	31),
(500,	'BR',	'PE',	'Pernambuco',	31),
(501,	'BR',	'PI',	'Piau',	31),
(502,	'BR',	'RJ',	'Rio de Janeiro',	31),
(503,	'BR',	'RN',	'Rio Grande do Norte',	31),
(504,	'BR',	'RS',	'Rio Grande do Sul',	31),
(505,	'BR',	'RO',	'Rondnia',	31),
(506,	'BR',	'RR',	'Roraima',	31),
(507,	'BR',	'SC',	'Santa Catarina',	31),
(508,	'BR',	'SP',	'So Paulo',	31),
(509,	'BR',	'SE',	'Sergipe',	31),
(510,	'BR',	'TO',	'Tocantins',	31),
(511,	'BR',	'DF',	'Distrito Federal',	31),
(512,	'HR',	'HR-01',	'Zagrebaka upanija',	59),
(513,	'HR',	'HR-02',	'Krapinsko-zagorska upanija',	59),
(514,	'HR',	'HR-03',	'Sisako-moslavaka upanija',	59),
(515,	'HR',	'HR-04',	'Karlovaka upanija',	59),
(516,	'HR',	'HR-05',	'Varadinska upanija',	59),
(517,	'HR',	'HR-06',	'Koprivniko-krievaka upanija',	59),
(518,	'HR',	'HR-07',	'Bjelovarsko-bilogorska upanija',	59),
(519,	'HR',	'HR-08',	'Primorsko-goranska upanija',	59),
(520,	'HR',	'HR-09',	'Liko-senjska upanija',	59),
(521,	'HR',	'HR-10',	'Virovitiko-podravska upanija',	59),
(522,	'HR',	'HR-11',	'Poeko-slavonska upanija',	59),
(523,	'HR',	'HR-12',	'Brodsko-posavska upanija',	59),
(524,	'HR',	'HR-13',	'Zadarska upanija',	59),
(525,	'HR',	'HR-14',	'Osjeko-baranjska upanija',	59),
(526,	'HR',	'HR-15',	'ibensko-kninska upanija',	59),
(527,	'HR',	'HR-16',	'Vukovarsko-srijemska upanija',	59),
(528,	'HR',	'HR-17',	'Splitsko-dalmatinska upanija',	59),
(529,	'HR',	'HR-18',	'Istarska upanija',	59),
(530,	'HR',	'HR-19',	'Dubrovako-neretvanska upanija',	59),
(531,	'HR',	'HR-20',	'Meimurska upanija',	59),
(532,	'HR',	'HR-21',	'Grad Zagreb',	59),
(533,	'IN',	'AN',	'Andaman and Nicobar Islands',	106),
(534,	'IN',	'AP',	'Andhra Pradesh',	106),
(535,	'IN',	'AR',	'Arunachal Pradesh',	106),
(536,	'IN',	'AS',	'Assam',	106),
(537,	'IN',	'BR',	'Bihar',	106),
(538,	'IN',	'CH',	'Chandigarh',	106),
(539,	'IN',	'CT',	'Chhattisgarh',	106),
(540,	'IN',	'DN',	'Dadra and Nagar Haveli',	106),
(541,	'IN',	'DD',	'Daman and Diu',	106),
(542,	'IN',	'DL',	'Delhi',	106),
(543,	'IN',	'GA',	'Goa',	106),
(544,	'IN',	'GJ',	'Gujarat',	106),
(545,	'IN',	'HR',	'Haryana',	106),
(546,	'IN',	'HP',	'Himachal Pradesh',	106),
(547,	'IN',	'JK',	'Jammu and Kashmir',	106),
(548,	'IN',	'JH',	'Jharkhand',	106),
(549,	'IN',	'KA',	'Karnataka',	106),
(550,	'IN',	'KL',	'Kerala',	106),
(551,	'IN',	'LD',	'Lakshadweep',	106),
(552,	'IN',	'MP',	'Madhya Pradesh',	106),
(553,	'IN',	'MH',	'Maharashtra',	106),
(554,	'IN',	'MN',	'Manipur',	106),
(555,	'IN',	'ML',	'Meghalaya',	106),
(556,	'IN',	'MZ',	'Mizoram',	106),
(557,	'IN',	'NL',	'Nagaland',	106),
(558,	'IN',	'OR',	'Odisha',	106),
(559,	'IN',	'PY',	'Puducherry',	106),
(560,	'IN',	'PB',	'Punjab',	106),
(561,	'IN',	'RJ',	'Rajasthan',	106),
(562,	'IN',	'SK',	'Sikkim',	106),
(563,	'IN',	'TN',	'Tamil Nadu',	106),
(564,	'IN',	'TG',	'Telangana',	106),
(565,	'IN',	'TR',	'Tripura',	106),
(566,	'IN',	'UP',	'Uttar Pradesh',	106),
(567,	'IN',	'UT',	'Uttarakhand',	106),
(568,	'IN',	'WB',	'West Bengal',	106);

DROP TABLE IF EXISTS `country_state_translations`;
CREATE TABLE `country_state_translations` (
  `id` int(10) unsigned NOT NULL AUTO_INCREMENT,
  `locale` varchar(191) COLLATE utf8mb4_unicode_ci NOT NULL,
  `default_name` text COLLATE utf8mb4_unicode_ci,
  `country_state_id` int(10) unsigned NOT NULL,
  PRIMARY KEY (`id`),
  KEY `country_state_translations_country_state_id_foreign` (`country_state_id`),
  CONSTRAINT `country_state_translations_country_state_id_foreign` FOREIGN KEY (`country_state_id`) REFERENCES `country_states` (`id`) ON DELETE CASCADE
) ENGINE=InnoDB DEFAULT CHARSET=utf8mb4 COLLATE=utf8mb4_unicode_ci ROW_FORMAT=DYNAMIC;

INSERT INTO `country_state_translations` (`id`, `locale`, `default_name`, `country_state_id`) VALUES
(1,	'ar',	'',	1),
(2,	'ar',	'',	2),
(3,	'ar',	' ',	3),
(4,	'ar',	'',	4),
(5,	'ar',	'',	5),
(6,	'ar',	'  ',	6),
(7,	'ar',	'  ',	7),
(8,	'ar',	'  ',	8),
(9,	'ar',	'  ',	9),
(10,	'ar',	'   ',	10),
(11,	'ar',	'    ',	11),
(12,	'ar',	'',	12),
(13,	'ar',	'',	13),
(14,	'ar',	'',	14),
(15,	'ar',	'',	15),
(16,	'ar',	' ',	16),
(17,	'ar',	'  ',	17),
(18,	'ar',	'',	18),
(19,	'ar',	'',	19),
(20,	'ar',	'',	20),
(21,	'ar',	'',	21),
(22,	'ar',	'',	22),
(23,	'ar',	'',	23),
(24,	'ar',	'',	24),
(25,	'ar',	'',	25),
(26,	'ar',	'',	26),
(27,	'ar',	'',	27),
(28,	'ar',	'',	28),
(29,	'ar',	'',	29),
(30,	'ar',	' ',	30),
(31,	'ar',	'',	31),
(32,	'ar',	'',	32),
(33,	'ar',	'',	33),
(34,	'ar',	'',	34),
(35,	'ar',	'',	35),
(36,	'ar',	'',	36),
(37,	'ar',	'',	37),
(38,	'ar',	'',	38),
(39,	'ar',	'',	39),
(40,	'ar',	' ',	40),
(41,	'ar',	' ',	41),
(42,	'ar',	' ',	42),
(43,	'ar',	'',	43),
(44,	'ar',	' ',	44),
(45,	'ar',	' ',	45),
(46,	'ar',	'  ',	46),
(47,	'ar',	'',	47),
(48,	'ar',	'',	48),
(49,	'ar',	' ',	49),
(50,	'ar',	'',	50),
(51,	'ar',	'',	51),
(52,	'ar',	'',	52),
(53,	'ar',	' ',	53),
(54,	'ar',	' ',	54),
(55,	'ar',	' ',	55),
(56,	'ar',	'',	56),
(57,	'ar',	'',	57),
(58,	'ar',	'',	58),
(59,	'ar',	'',	59),
(60,	'ar',	' ',	60),
(61,	'ar',	'',	61),
(62,	'ar',	'',	62),
(63,	'ar',	' ',	63),
(64,	'ar',	' ',	64),
(65,	'ar',	'',	65),
(66,	'ar',	'',	66),
(67,	'ar',	' ',	67),
(68,	'ar',	'',	68),
(69,	'ar',	' ',	69),
(70,	'ar',	' ',	70),
(71,	'ar',	'  ',	71),
(72,	'ar',	'  ',	72),
(73,	'ar',	'',	73),
(74,	'ar',	'',	74),
(75,	'ar',	'  ',	75),
(76,	'ar',	'',	76),
(77,	'ar',	'',	77),
(78,	'ar',	' ',	78),
(79,	'ar',	'Niedersachsen',	79),
(80,	'ar',	' ',	80),
(81,	'ar',	' ',	81),
(82,	'ar',	'',	82),
(83,	'ar',	'',	83),
(84,	'ar',	'',	84),
(85,	'ar',	'',	85),
(86,	'ar',	'',	86),
(87,	'ar',	'-',	87),
(88,	'ar',	' ',	88),
(89,	'ar',	'-',	89),
(90,	'ar',	'',	90),
(91,	'ar',	'',	91),
(92,	'ar',	' ',	92),
(93,	'ar',	' ',	93),
(94,	'ar',	'',	94),
(95,	'ar',	'',	95),
(96,	'ar',	' ',	96),
(97,	'ar',	' ',	97),
(98,	'ar',	'',	98),
(99,	'ar',	'',	99),
(100,	'ar',	'STEIERMARK',	100),
(101,	'ar',	'',	101),
(102,	'ar',	'',	102),
(103,	'ar',	'',	103),
(104,	'ar',	'',	104),
(105,	'ar',	'Appenzell Innerrhoden',	105),
(106,	'ar',	' ',	106),
(107,	'ar',	'',	107),
(108,	'ar',	'  ',	108),
(109,	'ar',	' ',	109),
(110,	'ar',	'',	110),
(111,	'ar',	'Genf',	111),
(112,	'ar',	'',	112),
(113,	'ar',	'',	113),
(114,	'ar',	'   ',	114),
(115,	'ar',	'',	115),
(116,	'ar',	' Neuenburg',	116),
(117,	'ar',	'',	117),
(118,	'ar',	'',	118),
(119,	'ar',	' ',	119),
(120,	'ar',	'',	120),
(121,	'ar',	'',	121),
(122,	'ar',	'',	122),
(123,	'ar',	'',	123),
(124,	'ar',	'',	124),
(125,	'ar',	'',	125),
(126,	'ar',	'',	126),
(127,	'ar',	'',	127),
(128,	'ar',	'',	128),
(129,	'ar',	'',	129),
(130,	'ar',	'Corunha',	130),
(131,	'ar',	'',	131),
(132,	'ar',	'',	132),
(133,	'ar',	'',	133),
(134,	'ar',	'',	134),
(135,	'ar',	'',	135),
(136,	'ar',	'',	136),
(137,	'ar',	'',	137),
(138,	'ar',	'',	138),
(139,	'ar',	'',	139),
(140,	'ar',	'',	140),
(141,	'ar',	'',	141),
(142,	'ar',	'',	142),
(143,	'ar',	'',	143),
(144,	'ar',	'',	144),
(145,	'ar',	'',	145),
(146,	'ar',	' ',	146),
(147,	'ar',	'',	147),
(148,	'ar',	'',	148),
(149,	'ar',	'',	149),
(150,	'ar',	'',	150),
(151,	'ar',	'',	151),
(152,	'ar',	'',	152),
(153,	'ar',	'',	153),
(154,	'ar',	'',	154),
(155,	'ar',	'',	155),
(156,	'ar',	'',	156),
(157,	'ar',	' ',	157),
(158,	'ar',	'',	158),
(159,	'ar',	'',	159),
(160,	'ar',	'',	160),
(161,	'ar',	'',	161),
(162,	'ar',	'',	162),
(163,	'ar',	'',	163),
(164,	'ar',	'',	164),
(165,	'ar',	'',	165),
(166,	'ar',	'',	166),
(167,	'ar',	'',	167),
(168,	'ar',	'',	168),
(169,	'ar',	'',	169),
(170,	'ar',	'   ',	170),
(171,	'ar',	'',	171),
(172,	'ar',	'',	172),
(173,	'ar',	'',	173),
(174,	'ar',	'',	174),
(175,	'ar',	'',	175),
(176,	'ar',	'',	176),
(177,	'ar',	'',	177),
(178,	'ar',	' ',	178),
(179,	'ar',	'',	179),
(180,	'ar',	'',	180),
(181,	'ar',	'',	181),
(182,	'ar',	'',	182),
(183,	'ar',	'',	183),
(184,	'ar',	'',	184),
(185,	'ar',	'  ',	185),
(186,	'ar',	' ',	186),
(187,	'ar',	' ',	187),
(188,	'ar',	'ARDECHE',	188),
(189,	'ar',	'Ardennes',	189),
(190,	'ar',	'',	190),
(191,	'ar',	'',	191),
(192,	'ar',	'',	192),
(193,	'ar',	'',	193),
(194,	'ar',	'  ',	194),
(195,	'ar',	'',	195),
(196,	'ar',	'',	196),
(197,	'ar',	'',	197),
(198,	'ar',	'  ',	198),
(199,	'ar',	'',	199),
(200,	'ar',	'',	200),
(201,	'ar',	' --',	201),
(202,	'ar',	' ',	202),
(203,	'ar',	' ',	203),
(204,	'ar',	' ',	204),
(205,	'ar',	'',	205),
(206,	'ar',	'',	206),
(207,	'ar',	'',	207),
(208,	'ar',	'DrmeFinistre',	208),
(209,	'ar',	'',	209),
(210,	'ar',	' ',	210),
(211,	'ar',	'',	211),
(212,	'ar',	'',	212),
(213,	'ar',	' ',	213),
(214,	'ar',	'',	214),
(215,	'ar',	'',	215),
(216,	'ar',	'',	216),
(217,	'ar',	' ',	217),
(218,	'ar',	'',	218),
(219,	'ar',	' ',	219),
(220,	'ar',	'',	220),
(221,	'ar',	'   ',	221),
(222,	'ar',	'',	222),
(223,	'ar',	' ',	223),
(224,	'ar',	'',	224),
(225,	'ar',	'-',	225),
(226,	'ar',	' ',	226),
(227,	'ar',	'',	227),
(228,	'ar',	'',	228),
(229,	'ar',	' ',	229),
(230,	'ar',	'',	230),
(231,	'ar',	'--',	231),
(232,	'ar',	'',	232),
(233,	'ar',	'',	233),
(234,	'ar',	' ',	234),
(235,	'ar',	'',	235),
(236,	'ar',	' ',	236),
(237,	'ar',	'',	237),
(238,	'ar',	'',	238),
(239,	'ar',	'',	239),
(240,	'ar',	'',	240),
(241,	'ar',	'',	241),
(242,	'ar',	'  ',	242),
(243,	'ar',	'',	243),
(244,	'ar',	'--',	244),
(245,	'ar',	'  ',	245),
(246,	'ar',	' ',	246),
(247,	'ar',	'-s',	247),
(248,	'ar',	'-',	248),
(249,	'ar',	' ',	249),
(250,	'ar',	' ',	250),
(251,	'ar',	' [3]',	251),
(252,	'ar',	'-',	252),
(253,	'ar',	' ',	253),
(254,	'ar',	'',	254),
(255,	'ar',	'',	255),
(256,	'ar',	' ',	256),
(257,	'ar',	'',	257),
(258,	'ar',	' ',	258),
(259,	'ar',	'  ',	259),
(260,	'ar',	'',	260),
(261,	'ar',	' ',	261),
(262,	'ar',	'',	262),
(263,	'ar',	'',	263),
(264,	'ar',	' ',	264),
(265,	'ar',	'',	265),
(266,	'ar',	'',	266),
(267,	'ar',	'',	267),
(268,	'ar',	'',	268),
(269,	'ar',	' ',	269),
(270,	'ar',	'',	270),
(271,	'ar',	'',	271),
(272,	'ar',	'--',	272),
(273,	'ar',	'',	273),
(274,	'ar',	'  ',	274),
(275,	'ar',	'  ',	275),
(276,	'ar',	'  ',	276),
(277,	'ar',	' ',	277),
(278,	'ar',	'',	278),
(279,	'ar',	'',	279),
(280,	'ar',	'ARGES',	280),
(281,	'ar',	'',	281),
(282,	'ar',	'',	282),
(283,	'ar',	' ',	283),
(284,	'ar',	'',	284),
(285,	'ar',	'',	285),
(286,	'ar',	'',	286),
(287,	'ar',	'',	287),
(288,	'ar',	'',	288),
(289,	'ar',	' ',	289),
(290,	'ar',	'',	290),
(291,	'ar',	'',	291),
(292,	'ar',	'',	292),
(293,	'ar',	'',	293),
(294,	'ar',	'',	294),
(295,	'ar',	'',	295),
(296,	'ar',	'',	296),
(297,	'ar',	'Giurgiu',	297),
(298,	'ar',	'',	298),
(299,	'ar',	'',	299),
(300,	'ar',	'',	300),
(301,	'ar',	'',	301),
(302,	'ar',	'',	302),
(303,	'ar',	'',	303),
(304,	'ar',	'',	304),
(305,	'ar',	'MEHEDINTI',	305),
(306,	'ar',	'',	306),
(307,	'ar',	'',	307),
(308,	'ar',	'',	308),
(309,	'ar',	'',	309),
(310,	'ar',	' ',	310),
(311,	'ar',	'',	311),
(312,	'ar',	'',	312),
(313,	'ar',	'',	313),
(314,	'ar',	'',	314),
(315,	'ar',	' ',	315),
(316,	'ar',	'',	316),
(317,	'ar',	'',	317),
(318,	'ar',	'',	318),
(319,	'ar',	'',	319),
(320,	'ar',	'Lappi',	320),
(321,	'ar',	'Pohjois-Pohjanmaa',	321),
(322,	'ar',	'',	322),
(323,	'ar',	'Pohjois-',	323),
(324,	'ar',	'Pohjois-',	324),
(325,	'ar',	'Etel-',	325),
(326,	'ar',	'Etel-Pohjanmaa',	326),
(327,	'ar',	'Pohjanmaa',	327),
(328,	'ar',	'',	328),
(329,	'ar',	' ',	329),
(330,	'ar',	'-Pohjanmaa',	330),
(331,	'ar',	'-',	331),
(332,	'ar',	'Varsinais-',	332),
(333,	'ar',	'Etel-',	333),
(334,	'ar',	'Pijt-Hme',	334),
(335,	'ar',	'-HAME',	335),
(336,	'ar',	'',	336),
(337,	'ar',	'',	337),
(338,	'ar',	'',	338),
(339,	'ar',	'Ahvenanmaa',	339),
(340,	'ar',	'Harjumaa',	340),
(341,	'ar',	'',	341),
(342,	'ar',	'   ',	342),
(343,	'ar',	'',	343),
(344,	'ar',	'',	344),
(345,	'ar',	'',	345),
(346,	'ar',	' ',	346),
(347,	'ar',	'',	347),
(348,	'ar',	'',	348),
(349,	'ar',	'Raplamaa',	349),
(350,	'ar',	'Saaremaa',	350),
(351,	'ar',	'Tartumaa',	351),
(352,	'ar',	'Valgamaa',	352),
(353,	'ar',	'Viljandimaa',	353),
(354,	'ar',	' Salacgr novvas',	354),
(355,	'ar',	'',	355),
(356,	'ar',	'',	356),
(357,	'ar',	'',	357),
(358,	'ar',	'',	358),
(359,	'ar',	'',	359),
(360,	'ar',	' ',	360),
(361,	'ar',	'',	361),
(362,	'ar',	'',	362),
(363,	'ar',	' ',	363),
(364,	'ar',	'',	364),
(365,	'ar',	'',	365),
(366,	'ar',	' Aglonas',	366),
(367,	'ar',	'Aizkraukles novads',	367),
(368,	'ar',	'Aizkraukles novads',	368),
(369,	'ar',	'Aknstes novads',	369),
(370,	'ar',	'Alojas novads',	370),
(371,	'ar',	' Alsungas',	371),
(372,	'ar',	' ',	372),
(373,	'ar',	' ',	373),
(374,	'ar',	' ',	374),
(375,	'ar',	' ',	375),
(376,	'ar',	' ',	376),
(377,	'ar',	'Baldones ',	377),
(378,	'ar',	' ',	378),
(379,	'ar',	' ',	379),
(380,	'ar',	'Bauskas ',	380),
(381,	'ar',	'Bevernas novads',	381),
(382,	'ar',	'Novads Brocnu',	382),
(383,	'ar',	'Novads Burtnieku',	383),
(384,	'ar',	'Carnikavas novads',	384),
(385,	'ar',	'Cesvaines novads',	385),
(386,	'ar',	'Ciblas novads',	386),
(387,	'ar',	' ',	387),
(388,	'ar',	'Dagdas novads',	388),
(389,	'ar',	'Daugavpils novads',	389),
(390,	'ar',	' ',	390),
(391,	'ar',	' ',	391),
(392,	'ar',	' ',	392),
(393,	'ar',	' ',	393),
(394,	'ar',	'Garkalnes novads',	394),
(395,	'ar',	'Grobias novads',	395),
(396,	'ar',	' ',	396),
(397,	'ar',	' ',	397),
(398,	'ar',	'Ikkiles novads',	398),
(399,	'ar',	'Ilkstes novads',	399),
(400,	'ar',	' Inukalna',	400),
(401,	'ar',	'Jaunjelgavas novads',	401),
(402,	'ar',	'Jaunpiebalgas novads',	402),
(403,	'ar',	' Jaunpiebalgas',	403),
(404,	'ar',	'Jelgavas novads',	404),
(405,	'ar',	' ',	405),
(406,	'ar',	' ',	406),
(407,	'ar',	'Kokneses ',	407),
(408,	'ar',	'Krimuldas novads',	408),
(409,	'ar',	'Krustpils ',	409),
(410,	'ar',	'Krslavas Apriis',	410),
(411,	'ar',	' ',	411),
(412,	'ar',	'Krsavas novads',	412),
(413,	'ar',	' ',	413),
(414,	'ar',	' ',	414),
(415,	'ar',	' ',	415),
(416,	'ar',	' ',	416),
(417,	'ar',	' ',	417),
(418,	'ar',	' ',	418),
(419,	'ar',	' ',	419),
(420,	'ar',	'Mazsalacas novads',	420),
(421,	'ar',	' ',	421),
(422,	'ar',	'Mrupes novads',	422),
(423,	'ar',	' ',	423),
(424,	'ar',	' ',	424),
(425,	'ar',	' ',	425),
(426,	'ar',	' ',	426),
(427,	'ar',	' ',	427),
(428,	'ar',	' Ozolnieku',	428),
(429,	'ar',	' ',	429),
(430,	'ar',	'Priekules ',	430),
(431,	'ar',	'  ',	431),
(432,	'ar',	'Prgaujas novads',	432),
(433,	'ar',	' ',	433),
(434,	'ar',	' ',	434),
(435,	'ar',	' ',	435),
(436,	'ar',	'Riebiu novads',	436),
(437,	'ar',	' ',	437),
(438,	'ar',	'Novads ',	438),
(439,	'ar',	' ',	439),
(440,	'ar',	' ',	440),
(441,	'ar',	' ',	441),
(442,	'ar',	'Radzeknes novads',	442),
(443,	'ar',	'Rjienas novads',	443),
(444,	'ar',	' ',	444),
(445,	'ar',	' ',	445),
(446,	'ar',	'Salaspils novads',	446),
(447,	'ar',	' ',	447),
(448,	'ar',	'Novuls Saulkrastu',	448),
(449,	'ar',	' ',	449),
(450,	'ar',	'Skrundas novads',	450),
(451,	'ar',	' Skrveri',	451),
(452,	'ar',	' ',	452),
(453,	'ar',	' Stopiu',	453),
(454,	'ar',	' Stren novu',	454),
(455,	'ar',	' ',	455),
(456,	'ar',	' ',	456),
(457,	'ar',	' ',	457),
(458,	'ar',	'Trvetes novads',	458),
(459,	'ar',	'Vaiodes novads',	459),
(460,	'ar',	' ',	460),
(461,	'ar',	' ',	461),
(462,	'ar',	' ',	462),
(463,	'ar',	'Vecpiebalgas novads',	463),
(464,	'ar',	' Vecumnieku',	464),
(465,	'ar',	' ',	465),
(466,	'ar',	'Viestes Novads',	466),
(467,	'ar',	'Viakas novads',	467),
(468,	'ar',	' ',	468),
(469,	'ar',	'Vrkavas novads',	469),
(470,	'ar',	' ',	470),
(471,	'ar',	' ',	471),
(472,	'ar',	' Erglu',	472),
(473,	'ar',	' ',	473),
(474,	'ar',	' ',	474),
(475,	'ar',	'Alytaus Apskritis',	475),
(476,	'ar',	' ',	476),
(477,	'ar',	'Klaipdos apskritis',	477),
(478,	'ar',	'Marijampol\'s apskritis',	478),
(479,	'ar',	'Panevio apskritis',	479),
(480,	'ar',	'uliauli apskritis',	480),
(481,	'ar',	'Taurag\'s apskritis',	481),
(482,	'ar',	'Teli apskritis',	482),
(483,	'ar',	'Utenos apskritis',	483),
(484,	'ar',	' ',	484),
(485,	'ar',	'',	485),
(486,	'ar',	'',	486),
(487,	'ar',	'',	487),
(488,	'ar',	'',	488),
(489,	'ar',	'',	489),
(490,	'ar',	'',	490),
(491,	'ar',	' ',	491),
(492,	'ar',	'',	492),
(493,	'ar',	'',	493),
(494,	'ar',	' ',	494),
(495,	'ar',	'   ',	495),
(496,	'ar',	' ',	496),
(497,	'ar',	'',	497),
(498,	'ar',	'',	498),
(499,	'ar',	'',	499),
(500,	'ar',	'',	500),
(501,	'ar',	'',	501),
(502,	'ar',	'  ',	502),
(503,	'ar',	'   ',	503),
(504,	'ar',	'   ',	504),
(505,	'ar',	'',	505),
(506,	'ar',	'',	506),
(507,	'ar',	' ',	507),
(508,	'ar',	' ',	508),
(509,	'ar',	'',	509),
(510,	'ar',	'',	510),
(511,	'ar',	'  ',	511),
(512,	'ar',	'Zagrebaka ',	512),
(513,	'ar',	'Krapinsko-zagorska ',	513),
(514,	'ar',	'Sisako-moslavaka ',	514),
(515,	'ar',	' ',	515),
(516,	'ar',	' ',	516),
(517,	'ar',	'Koprivniko-krievaka ',	517),
(518,	'ar',	'-',	518),
(519,	'ar',	'  ',	519),
(520,	'ar',	'  ',	520),
(521,	'ar',	'Virovitiko-podravska ',	521),
(522,	'ar',	'Poeko-slavonska upanija',	522),
(523,	'ar',	'Brodsko-posavska upanija',	523),
(524,	'ar',	' ',	524),
(525,	'ar',	'Osjeko-baranjska upanija',	525),
(526,	'ar',	'- ',	526),
(527,	'ar',	'Virovitiko-podravska ',	527),
(528,	'ar',	'Splitsko-dalmatinska ',	528),
(529,	'ar',	'Istarska ',	529),
(530,	'ar',	'Dubrovako-neretvanska ',	530),
(531,	'ar',	'Meimurska ',	531),
(532,	'ar',	' ',	532),
(533,	'ar',	'  ',	533),
(534,	'ar',	'  ',	534),
(535,	'ar',	' ',	535),
(536,	'ar',	'',	536),
(537,	'ar',	'',	537),
(538,	'ar',	'',	538),
(539,	'ar',	'',	539),
(540,	'ar',	'  ',	540),
(541,	'ar',	' ',	541),
(542,	'ar',	'',	542),
(543,	'ar',	'',	543),
(544,	'ar',	'',	544),
(545,	'ar',	'',	545),
(546,	'ar',	' ',	546),
(547,	'ar',	' ',	547),
(548,	'ar',	'',	548),
(549,	'ar',	'',	549),
(550,	'ar',	' ',	550),
(551,	'ar',	'',	551),
(552,	'ar',	' ',	552),
(553,	'ar',	'',	553),
(554,	'ar',	'',	554),
(555,	'ar',	'',	555),
(556,	'ar',	'',	556),
(557,	'ar',	'',	557),
(558,	'ar',	'',	558),
(559,	'ar',	'',	559),
(560,	'ar',	'',	560),
(561,	'ar',	'',	561),
(562,	'ar',	'',	562),
(563,	'ar',	' ',	563),
(564,	'ar',	'',	564),
(565,	'ar',	'',	565),
(566,	'ar',	'  ',	566),
(567,	'ar',	'',	567),
(568,	'ar',	' ',	568),
(569,	'fa',	'',	1),
(570,	'fa',	'',	2),
(571,	'fa',	' ',	3),
(572,	'fa',	'',	4),
(573,	'fa',	'',	5),
(574,	'fa',	'  ',	6),
(575,	'fa',	'Armed Forces America',	7),
(576,	'fa',	'  ',	8),
(577,	'fa',	'  ',	9),
(578,	'fa',	'  ',	10),
(579,	'fa',	'   ',	11),
(580,	'fa',	'',	12),
(581,	'fa',	'',	13),
(582,	'fa',	'',	14),
(583,	'fa',	'',	15),
(584,	'fa',	' ',	16),
(585,	'fa',	'  ',	17),
(586,	'fa',	'',	18),
(587,	'fa',	'',	19),
(588,	'fa',	'',	20),
(589,	'fa',	'',	21),
(590,	'fa',	'',	22),
(591,	'fa',	'',	23),
(592,	'fa',	'',	24),
(593,	'fa',	'',	25),
(594,	'fa',	'',	26),
(595,	'fa',	'',	27),
(596,	'fa',	'',	28),
(597,	'fa',	'',	29),
(598,	'fa',	'',	30),
(599,	'fa',	'',	31),
(600,	'fa',	' ',	32),
(601,	'fa',	'',	33),
(602,	'fa',	' ',	34),
(603,	'fa',	'   ',	35),
(604,	'fa',	'',	36),
(605,	'fa',	'',	37),
(606,	'fa',	'',	38),
(607,	'fa',	'',	39),
(608,	'fa',	'',	40),
(609,	'fa',	'',	41),
(610,	'fa',	'',	42),
(611,	'fa',	'',	43),
(612,	'fa',	' ',	44),
(613,	'fa',	' ',	45),
(614,	'fa',	'  ',	46),
(615,	'fa',	'',	47),
(616,	'fa',	'',	48),
(617,	'fa',	'',	49),
(618,	'fa',	'',	50),
(619,	'fa',	'',	51),
(620,	'fa',	'',	52),
(621,	'fa',	' ',	53),
(622,	'fa',	' ',	54),
(623,	'fa',	' ',	55),
(624,	'fa',	'',	56),
(625,	'fa',	'',	57),
(626,	'fa',	'',	58),
(627,	'fa',	'',	59),
(628,	'fa',	' ',	60),
(629,	'fa',	'',	61),
(630,	'fa',	'',	62),
(631,	'fa',	' ',	63),
(632,	'fa',	'',	64),
(633,	'fa',	'',	65),
(634,	'fa',	'',	66),
(635,	'fa',	' ',	67),
(636,	'fa',	'',	68),
(637,	'fa',	'  ',	69),
(638,	'fa',	'',	70),
(639,	'fa',	' ',	71),
(640,	'fa',	'  ',	72),
(641,	'fa',	'',	73),
(642,	'fa',	'',	74),
(643,	'fa',	'  ',	75),
(644,	'fa',	'',	76),
(645,	'fa',	'',	77),
(646,	'fa',	' ',	78),
(647,	'fa',	'',	79),
(648,	'fa',	'-',	80),
(649,	'fa',	'',	81),
(650,	'fa',	'',	82),
(651,	'fa',	'',	83),
(652,	'fa',	'',	84),
(653,	'fa',	'',	85),
(654,	'fa',	'',	86),
(655,	'fa',	'-',	87),
(656,	'fa',	'-',	88),
(657,	'fa',	'-',	89),
(658,	'fa',	'',	90),
(659,	'fa',	'',	91),
(660,	'fa',	'-',	92),
(661,	'fa',	'-',	93),
(662,	'fa',	'',	94),
(663,	'fa',	'',	95),
(664,	'fa',	' ',	96),
(665,	'fa',	' ',	97),
(666,	'fa',	'',	98),
(667,	'fa',	'',	99),
(668,	'fa',	'Steiermar',	100),
(669,	'fa',	'',	101),
(670,	'fa',	'',	102),
(671,	'fa',	'Vorarlber',	103),
(672,	'fa',	'',	104),
(673,	'fa',	'',	105),
(674,	'fa',	'',	106),
(675,	'fa',	'',	107),
(676,	'fa',	'-',	108),
(677,	'fa',	' ',	109),
(678,	'fa',	'',	110),
(679,	'fa',	'',	111),
(680,	'fa',	'',	112),
(681,	'fa',	'Graubnde',	113),
(682,	'fa',	'',	114),
(683,	'fa',	'',	115),
(684,	'fa',	'',	116),
(685,	'fa',	'',	117),
(686,	'fa',	'',	118),
(687,	'fa',	' ',	119),
(688,	'fa',	'',	120),
(689,	'fa',	'',	121),
(690,	'fa',	'',	122),
(691,	'fa',	'',	123),
(692,	'fa',	'',	124),
(693,	'fa',	'',	125),
(694,	'fa',	'',	126),
(695,	'fa',	'',	127),
(696,	'fa',	'',	128),
(697,	'fa',	'',	129),
(698,	'fa',	'',	130),
(699,	'fa',	'',	131),
(700,	'fa',	'',	132),
(701,	'fa',	'',	133),
(702,	'fa',	'',	134),
(703,	'fa',	'',	135),
(704,	'fa',	'',	136),
(705,	'fa',	'',	137),
(706,	'fa',	'  ',	138),
(707,	'fa',	'',	139),
(708,	'fa',	'',	140),
(709,	'fa',	'',	141),
(710,	'fa',	'',	142),
(711,	'fa',	'',	143),
(712,	'fa',	'',	144),
(713,	'fa',	'',	145),
(714,	'fa',	' ',	146),
(715,	'fa',	'',	147),
(716,	'fa',	'Cuenc',	148),
(717,	'fa',	'',	149),
(718,	'fa',	'',	150),
(719,	'fa',	'',	151),
(720,	'fa',	'Guipuzcoa',	152),
(721,	'fa',	'',	153),
(722,	'fa',	'',	154),
(723,	'fa',	'',	155),
(724,	'fa',	' ',	156),
(725,	'fa',	' ',	157),
(726,	'fa',	'',	158),
(727,	'fa',	'Lleid',	159),
(728,	'fa',	'',	160),
(729,	'fa',	'',	161),
(730,	'fa',	'',	162),
(731,	'fa',	'',	163),
(732,	'fa',	'',	164),
(733,	'fa',	'',	165),
(734,	'fa',	'',	166),
(735,	'fa',	'',	167),
(736,	'fa',	'',	168),
(737,	'fa',	'',	169),
(738,	'fa',	'   ',	170),
(739,	'fa',	'',	171),
(740,	'fa',	'',	172),
(741,	'fa',	'',	173),
(742,	'fa',	'',	174),
(743,	'fa',	'',	175),
(744,	'fa',	'',	176),
(745,	'fa',	'',	177),
(746,	'fa',	'',	178),
(747,	'fa',	'',	179),
(748,	'fa',	'',	180),
(749,	'fa',	'',	181),
(750,	'fa',	'',	182),
(751,	'fa',	'',	183),
(752,	'fa',	'',	184),
(753,	'fa',	'---',	185),
(754,	'fa',	' ',	186),
(755,	'fa',	'Alpes-Maritime',	187),
(756,	'fa',	'',	188),
(757,	'fa',	'',	189),
(758,	'fa',	'',	190),
(759,	'fa',	'',	191),
(760,	'fa',	'Aud',	192),
(761,	'fa',	'',	193),
(762,	'fa',	'BOCAS DO Rhne',	194),
(763,	'fa',	' ',	195),
(764,	'fa',	'',	196),
(765,	'fa',	'',	197),
(766,	'fa',	'-',	198),
(767,	'fa',	'',	199),
(768,	'fa',	'',	200),
(769,	'fa',	'  ',	201),
(770,	'fa',	' ',	202),
(771,	'fa',	' ',	203),
(772,	'fa',	' ',	204),
(773,	'fa',	'',	205),
(774,	'fa',	'',	206),
(775,	'fa',	'',	207),
(776,	'fa',	' ',	208),
(777,	'fa',	'',	209),
(778,	'fa',	'Eure-et-Loi',	210),
(779,	'fa',	'',	211),
(780,	'fa',	'',	212),
(781,	'fa',	'-',	213),
(782,	'fa',	'',	214),
(783,	'fa',	'',	215),
(784,	'fa',	'',	216),
(785,	'fa',	'   ',	217),
(786,	'fa',	'',	218),
(787,	'fa',	'Indre-et-Loir',	219),
(788,	'fa',	'',	220),
(789,	'fa',	'',	221),
(790,	'fa',	'',	222),
(791,	'fa',	'Loir-et-Che',	223),
(792,	'fa',	' ',	224),
(793,	'fa',	'Haute-Loir',	225),
(794,	'fa',	'Loire-Atlantiqu',	226),
(795,	'fa',	'',	227),
(796,	'fa',	'',	228),
(797,	'fa',	'  ',	229),
(798,	'fa',	'',	230),
(799,	'fa',	' et-Loire',	231),
(800,	'fa',	'',	232),
(801,	'fa',	'',	233),
(802,	'fa',	'-',	234),
(803,	'fa',	'',	235),
(804,	'fa',	'-et-Moselle',	236),
(805,	'fa',	' ',	237),
(806,	'fa',	'',	238),
(807,	'fa',	'',	239),
(808,	'fa',	'Nivr',	240),
(809,	'fa',	'',	241),
(810,	'fa',	'',	242),
(811,	'fa',	'',	243),
(812,	'fa',	'-',	244),
(813,	'fa',	'Puy-de-Dm',	245),
(814,	'fa',	'Pyrnes-Atlantiques',	246),
(815,	'fa',	'Hautes-Pyrne',	247),
(816,	'fa',	'Pyrnes-Orientales',	248),
(817,	'fa',	' ',	249),
(818,	'fa',	'-',	250),
(819,	'fa',	'',	251),
(820,	'fa',	'Haute-Sane',	252),
(821,	'fa',	'Sane-et-Loire',	253),
(822,	'fa',	'',	254),
(823,	'fa',	'',	255),
(824,	'fa',	'-',	256),
(825,	'fa',	'',	257),
(826,	'fa',	'Seine-Maritime',	258),
(827,	'fa',	'Seine-et-Marn',	259),
(828,	'fa',	'',	260),
(829,	'fa',	'Deux-Svres',	261),
(830,	'fa',	'',	262),
(831,	'fa',	'',	263),
(832,	'fa',	'Tarn-et-Garonne',	264),
(833,	'fa',	'',	265),
(834,	'fa',	'',	266),
(835,	'fa',	'',	267),
(836,	'fa',	'',	268),
(837,	'fa',	'-',	269),
(838,	'fa',	' ',	270),
(839,	'fa',	'',	271),
(840,	'fa',	'--',	272),
(841,	'fa',	'',	273),
(842,	'fa',	'  ',	274),
(843,	'fa',	'Seine-Saint-Deni',	275),
(844,	'fa',	' ',	276),
(845,	'fa',	'Val-d\'Ois',	277),
(846,	'fa',	'',	278),
(847,	'fa',	'',	279),
(848,	'fa',	'Arge',	280),
(849,	'fa',	'',	281),
(850,	'fa',	'',	282),
(851,	'fa',	'-',	283),
(852,	'fa',	'',	284),
(853,	'fa',	'',	285),
(854,	'fa',	'Brila',	286),
(855,	'fa',	'Bucureti',	287),
(856,	'fa',	'',	288),
(857,	'fa',	'- Severin',	289),
(858,	'fa',	'',	290),
(859,	'fa',	'',	291),
(860,	'fa',	'',	292),
(861,	'fa',	'',	293),
(862,	'fa',	'Dmbovia',	294),
(863,	'fa',	'',	295),
(864,	'fa',	'',	296),
(865,	'fa',	'',	297),
(866,	'fa',	'',	298),
(867,	'fa',	'',	299),
(868,	'fa',	'',	300),
(869,	'fa',	'',	301),
(870,	'fa',	'Iai',	302),
(871,	'fa',	'Ilfo',	303),
(872,	'fa',	'Maramure',	304),
(873,	'fa',	'Mehedini',	305),
(874,	'fa',	'Mure',	306),
(875,	'fa',	'Neam',	307),
(876,	'fa',	'',	308),
(877,	'fa',	'',	309),
(878,	'fa',	' ',	310),
(879,	'fa',	'',	311),
(880,	'fa',	'',	312),
(881,	'fa',	'',	313),
(882,	'fa',	'',	314),
(883,	'fa',	'',	315),
(884,	'fa',	'',	316),
(885,	'fa',	'',	317),
(886,	'fa',	'Vlcea',	318),
(887,	'fa',	'',	319),
(888,	'fa',	'',	320),
(889,	'fa',	'Pohjois-Pohjanmaa',	321),
(890,	'fa',	'',	322),
(891,	'fa',	'Pohjois-Karjala',	323),
(892,	'fa',	'Pohjois-Savo',	324),
(893,	'fa',	'-',	325),
(894,	'fa',	'-',	326),
(895,	'fa',	'Pohjanmaa',	327),
(896,	'fa',	'',	328),
(897,	'fa',	'',	329),
(898,	'fa',	'-',	330),
(899,	'fa',	'-',	331),
(900,	'fa',	'Varsinais-Suomi',	332),
(901,	'fa',	' ',	333),
(902,	'fa',	'Pijt-HAM',	334),
(903,	'fa',	'-',	335),
(904,	'fa',	'',	336),
(905,	'fa',	'',	337),
(906,	'fa',	'',	338),
(907,	'fa',	'',	339),
(908,	'fa',	'',	340),
(909,	'fa',	'',	341),
(910,	'fa',	'-',	342),
(911,	'fa',	'Jgevamaa',	343),
(912,	'fa',	'',	344),
(913,	'fa',	'',	345),
(914,	'fa',	'-',	346),
(915,	'fa',	'',	347),
(916,	'fa',	'',	348),
(917,	'fa',	'Raplama',	349),
(918,	'fa',	'',	350),
(919,	'fa',	'',	351),
(920,	'fa',	'',	352),
(921,	'fa',	'',	353),
(922,	'fa',	'Vrumaa',	354),
(923,	'fa',	'',	355),
(924,	'fa',	'',	356),
(925,	'fa',	'',	357),
(926,	'fa',	'',	358),
(927,	'fa',	'',	359),
(928,	'fa',	' ',	360),
(929,	'fa',	'',	361),
(930,	'fa',	'',	362),
(931,	'fa',	' ',	363),
(932,	'fa',	'',	364),
(933,	'fa',	'Ventspils',	365),
(934,	'fa',	' ',	366),
(935,	'fa',	'  ',	367),
(936,	'fa',	' ',	368),
(937,	'fa',	'',	369),
(938,	'fa',	' ',	370),
(939,	'fa',	'  ',	371),
(940,	'fa',	' ',	372),
(941,	'fa',	'  ',	373),
(942,	'fa',	'  ',	374),
(943,	'fa',	'    ',	375),
(944,	'fa',	' ',	376),
(945,	'fa',	'Baldones novad',	377),
(946,	'fa',	'  ',	378),
(947,	'fa',	'Balvu novad',	379),
(948,	'fa',	' ',	380),
(949,	'fa',	' ',	381),
(950,	'fa',	' ',	382),
(951,	'fa',	' ',	383),
(952,	'fa',	' ',	384),
(953,	'fa',	' ',	385),
(954,	'fa',	' Cibla',	386),
(955,	'fa',	' Cesis',	387),
(956,	'fa',	'  ',	388),
(957,	'fa',	' ',	389),
(958,	'fa',	' ',	390),
(959,	'fa',	'  ',	391),
(960,	'fa',	' ',	392),
(961,	'fa',	'   ',	393),
(962,	'fa',	' ',	394),
(963,	'fa',	'  ',	395),
(964,	'fa',	'  ',	396),
(965,	'fa',	'Iecavas novads',	397),
(966,	'fa',	' ',	398),
(967,	'fa',	' ',	399),
(968,	'fa',	'  ',	400),
(969,	'fa',	' Jaunjelgavas',	401),
(970,	'fa',	'  Jaunpiebalgas',	402),
(971,	'fa',	' ',	403),
(972,	'fa',	' ',	404),
(973,	'fa',	' ',	405),
(974,	'fa',	' ',	406),
(975,	'fa',	' ',	407),
(976,	'fa',	' ',	408),
(977,	'fa',	' ',	409),
(978,	'fa',	' ',	410),
(979,	'fa',	'  ',	411),
(980,	'fa',	'  ',	412),
(981,	'fa',	' ',	413),
(982,	'fa',	' ',	414),
(983,	'fa',	'  ',	415),
(984,	'fa',	' ',	416),
(985,	'fa',	' ',	417),
(986,	'fa',	' ',	418),
(987,	'fa',	' ',	419),
(988,	'fa',	' ',	420),
(989,	'fa',	' ',	421),
(990,	'fa',	' Mrupe',	422),
(991,	'fa',	'   ',	423),
(992,	'fa',	'  ',	424),
(993,	'fa',	' ',	425),
(994,	'fa',	' ',	426),
(995,	'fa',	' ',	427),
(996,	'fa',	' ',	428),
(997,	'fa',	' ',	429),
(998,	'fa',	' Priekule',	430),
(999,	'fa',	'Condado de Priekui',	431),
(1000,	'fa',	'   ',	432),
(1001,	'fa',	' ',	433),
(1002,	'fa',	' Plavinas',	4),
(1003,	'fa',	' ',	435),
(1004,	'fa',	' ',	436),
(1005,	'fa',	' ',	437),
(1006,	'fa',	' ',	438),
(1007,	'fa',	' ',	439),
(1008,	'fa',	' ',	440),
(1009,	'fa',	' ',	441),
(1010,	'fa',	' ',	442),
(1011,	'fa',	' ',	443),
(1012,	'fa',	' Salacgriva',	444),
(1013,	'fa',	' ',	445),
(1014,	'fa',	' Salaspils',	446),
(1015,	'fa',	' ',	447),
(1016,	'fa',	' ',	448),
(1017,	'fa',	' ',	449),
(1018,	'fa',	' Skrunda',	450),
(1019,	'fa',	' Skrveri',	451),
(1020,	'fa',	' Smiltene',	452),
(1021,	'fa',	' ',	453),
(1022,	'fa',	' ',	454),
(1023,	'fa',	' ',	455),
(1024,	'fa',	' ',	456),
(1025,	'fa',	'',	457),
(1026,	'fa',	' ',	458),
(1027,	'fa',	'  ',	459),
(1028,	'fa',	' ',	460),
(1029,	'fa',	' Valmiera',	461),
(1030,	'fa',	' ',	462),
(1031,	'fa',	' Vecpiebalga',	463),
(1032,	'fa',	' ',	464),
(1033,	'fa',	' ',	465),
(1034,	'fa',	'  ',	466),
(1035,	'fa',	' ',	467),
(1036,	'fa',	' ',	468),
(1037,	'fa',	' ',	469),
(1038,	'fa',	' ',	470),
(1039,	'fa',	' ',	471),
(1040,	'fa',	' ',	472),
(1041,	'fa',	' ',	473),
(1042,	'fa',	' ',	474),
(1043,	'fa',	' Alytus',	475),
(1044,	'fa',	' Kaunas',	476),
(1045,	'fa',	' ',	477),
(1046,	'fa',	' ',	478),
(1047,	'fa',	' ',	479),
(1048,	'fa',	' ',	480),
(1049,	'fa',	' ',	481),
(1050,	'fa',	' ',	482),
(1051,	'fa',	' ',	483),
(1052,	'fa',	' ',	484),
(1053,	'fa',	'',	485),
(1054,	'fa',	'',	486),
(1055,	'fa',	'',	487),
(1056,	'fa',	'',	488),
(1057,	'fa',	'',	489),
(1058,	'fa',	'',	490),
(1059,	'fa',	' ',	491),
(1060,	'fa',	'',	492),
(1061,	'fa',	'',	493),
(1062,	'fa',	' ',	494),
(1063,	'fa',	'Mato Grosso do Sul',	495),
(1064,	'fa',	'  ',	496),
(1065,	'fa',	'',	497),
(1066,	'fa',	'',	498),
(1067,	'fa',	'',	499),
(1068,	'fa',	'',	500),
(1069,	'fa',	'',	501),
(1070,	'fa',	' ',	502),
(1071,	'fa',	'   ',	503),
(1072,	'fa',	'   ',	504),
(1073,	'fa',	'Rondni',	505),
(1074,	'fa',	'Roraim',	506),
(1075,	'fa',	' ',	507),
(1076,	'fa',	'',	508),
(1077,	'fa',	'Sergip',	509),
(1078,	'fa',	'',	510),
(1079,	'fa',	' ',	511),
(1080,	'fa',	' ',	512),
(1081,	'fa',	'Condado de Krapina-Zagorj',	513),
(1082,	'fa',	' -',	514),
(1083,	'fa',	' ',	515),
(1084,	'fa',	' ',	516),
(1085,	'fa',	'Condo de Koprivnica-Krievci',	517),
(1086,	'fa',	'   -',	518),
(1087,	'fa',	'Condado de Primorje-Gorski kotar',	519),
(1088,	'fa',	' -',	520),
(1089,	'fa',	'Condado de Virovitica-Podravina',	521),
(1090,	'fa',	' -',	522),
(1091,	'fa',	'Condado de Brod-Posavina',	523),
(1092,	'fa',	' ',	524),
(1093,	'fa',	'Condado de Osijek-Baranja',	525),
(1094,	'fa',	'Condo de Sibenik-Knin',	526),
(1095,	'fa',	'Condado de Vukovar-Srijem',	527),
(1096,	'fa',	' -Dalmatia',	528),
(1097,	'fa',	' ',	529),
(1098,	'fa',	'Condado de Dubrovnik-Neretva',	530),
(1099,	'fa',	' Meimurje',	531),
(1100,	'fa',	' ',	532),
(1101,	'fa',	'   ',	533),
(1102,	'fa',	' ',	534),
(1103,	'fa',	' ',	535),
(1104,	'fa',	'',	536),
(1105,	'fa',	'Biha',	537),
(1106,	'fa',	'',	538),
(1107,	'fa',	'',	539),
(1108,	'fa',	'   ',	540),
(1109,	'fa',	'  ',	541),
(1110,	'fa',	'',	542),
(1111,	'fa',	'',	543),
(1112,	'fa',	'',	544),
(1113,	'fa',	'',	545),
(1114,	'fa',	' ',	546),
(1115,	'fa',	'  ',	547),
(1116,	'fa',	'',	548),
(1117,	'fa',	'',	549),
(1118,	'fa',	'',	550),
(1119,	'fa',	'',	551),
(1120,	'fa',	' ',	552),
(1121,	'fa',	'',	553),
(1122,	'fa',	' ',	554),
(1123,	'fa',	'',	555),
(1124,	'fa',	'',	556),
(1125,	'fa',	'',	557),
(1126,	'fa',	'',	558),
(1127,	'fa',	'',	559),
(1128,	'fa',	'',	560),
(1129,	'fa',	'',	561),
(1130,	'fa',	'',	562),
(1131,	'fa',	' ',	563),
(1132,	'fa',	'',	564),
(1133,	'fa',	'',	565),
(1134,	'fa',	' ',	566),
(1135,	'fa',	'',	567),
(1136,	'fa',	' ',	568),
(1137,	'pt_BR',	'Alabama',	1),
(1138,	'pt_BR',	'Alaska',	2),
(1139,	'pt_BR',	'Samoa Americana',	3),
(1140,	'pt_BR',	'Arizona',	4),
(1141,	'pt_BR',	'Arkansas',	5),
(1142,	'pt_BR',	'Foras Armadas da frica',	6),
(1143,	'pt_BR',	'Foras Armadas das Amricas',	7),
(1144,	'pt_BR',	'Foras Armadas do Canad',	8),
(1145,	'pt_BR',	'Foras Armadas da Europa',	9),
(1146,	'pt_BR',	'Foras Armadas do Oriente Mdio',	10),
(1147,	'pt_BR',	'Foras Armadas do Pacfico',	11),
(1148,	'pt_BR',	'California',	12),
(1149,	'pt_BR',	'Colorado',	13),
(1150,	'pt_BR',	'Connecticut',	14),
(1151,	'pt_BR',	'Delaware',	15),
(1152,	'pt_BR',	'Distrito de Columbia',	16),
(1153,	'pt_BR',	'Estados Federados da Micronsia',	17),
(1154,	'pt_BR',	'Florida',	18),
(1155,	'pt_BR',	'Gergia',	19),
(1156,	'pt_BR',	'Guam',	20),
(1157,	'pt_BR',	'Hava',	21),
(1158,	'pt_BR',	'Idaho',	22),
(1159,	'pt_BR',	'Illinois',	23),
(1160,	'pt_BR',	'Indiana',	24),
(1161,	'pt_BR',	'Iowa',	25),
(1162,	'pt_BR',	'Kansas',	26),
(1163,	'pt_BR',	'Kentucky',	27),
(1164,	'pt_BR',	'Louisiana',	28),
(1165,	'pt_BR',	'Maine',	29),
(1166,	'pt_BR',	'Ilhas Marshall',	30),
(1167,	'pt_BR',	'Maryland',	31),
(1168,	'pt_BR',	'Massachusetts',	32),
(1169,	'pt_BR',	'Michigan',	33),
(1170,	'pt_BR',	'Minnesota',	34),
(1171,	'pt_BR',	'Mississippi',	35),
(1172,	'pt_BR',	'Missouri',	36),
(1173,	'pt_BR',	'Montana',	37),
(1174,	'pt_BR',	'Nebraska',	38),
(1175,	'pt_BR',	'Nevada',	39),
(1176,	'pt_BR',	'New Hampshire',	40),
(1177,	'pt_BR',	'Nova Jersey',	41),
(1178,	'pt_BR',	'Novo Mxico',	42),
(1179,	'pt_BR',	'Nova York',	43),
(1180,	'pt_BR',	'Carolina do Norte',	44),
(1181,	'pt_BR',	'Dakota do Norte',	45),
(1182,	'pt_BR',	'Ilhas Marianas do Norte',	46),
(1183,	'pt_BR',	'Ohio',	47),
(1184,	'pt_BR',	'Oklahoma',	48),
(1185,	'pt_BR',	'Oregon',	4),
(1186,	'pt_BR',	'Palau',	50),
(1187,	'pt_BR',	'Pensilvnia',	51),
(1188,	'pt_BR',	'Porto Rico',	52),
(1189,	'pt_BR',	'Rhode Island',	53),
(1190,	'pt_BR',	'Carolina do Sul',	54),
(1191,	'pt_BR',	'Dakota do Sul',	55),
(1192,	'pt_BR',	'Tennessee',	56),
(1193,	'pt_BR',	'Texas',	57),
(1194,	'pt_BR',	'Utah',	58),
(1195,	'pt_BR',	'Vermont',	59),
(1196,	'pt_BR',	'Ilhas Virgens',	60),
(1197,	'pt_BR',	'Virginia',	61),
(1198,	'pt_BR',	'Washington',	62),
(1199,	'pt_BR',	'West Virginia',	63),
(1200,	'pt_BR',	'Wisconsin',	64),
(1201,	'pt_BR',	'Wyoming',	65),
(1202,	'pt_BR',	'Alberta',	66),
(1203,	'pt_BR',	'Colmbia Britnica',	67),
(1204,	'pt_BR',	'Manitoba',	68),
(1205,	'pt_BR',	'Terra Nova e Labrador',	69),
(1206,	'pt_BR',	'New Brunswick',	70),
(1207,	'pt_BR',	'Nova Esccia',	7),
(1208,	'pt_BR',	'Territrios do Noroeste',	72),
(1209,	'pt_BR',	'Nunavut',	73),
(1210,	'pt_BR',	'Ontario',	74),
(1211,	'pt_BR',	'Ilha do Prncipe Eduardo',	75),
(1212,	'pt_BR',	'Quebec',	76),
(1213,	'pt_BR',	'Saskatchewan',	77),
(1214,	'pt_BR',	'Territrio yukon',	78),
(1215,	'pt_BR',	'Niedersachsen',	79),
(1216,	'pt_BR',	'Baden-Wurttemberg',	80),
(1217,	'pt_BR',	'Bayern',	81),
(1218,	'pt_BR',	'Berlim',	82),
(1219,	'pt_BR',	'Brandenburg',	83),
(1220,	'pt_BR',	'Bremen',	84),
(1221,	'pt_BR',	'Hamburgo',	85),
(1222,	'pt_BR',	'Hessen',	86),
(1223,	'pt_BR',	'Mecklenburg-Vorpommern',	87),
(1224,	'pt_BR',	'Nordrhein-Westfalen',	88),
(1225,	'pt_BR',	'Rennia-Palatinado',	8),
(1226,	'pt_BR',	'Sarre',	90),
(1227,	'pt_BR',	'Sachsen',	91),
(1228,	'pt_BR',	'Sachsen-Anhalt',	92),
(1229,	'pt_BR',	'Schleswig-Holstein',	93),
(1230,	'pt_BR',	'Turngia',	94),
(1231,	'pt_BR',	'Viena',	95),
(1232,	'pt_BR',	'Baixa ustria',	96),
(1233,	'pt_BR',	'Obersterreich',	97),
(1234,	'pt_BR',	'Salzburg',	98),
(1235,	'pt_BR',	'Carntia',	99),
(1236,	'pt_BR',	'Steiermark',	100),
(1237,	'pt_BR',	'Tirol',	101),
(1238,	'pt_BR',	'Burgenland',	102),
(1239,	'pt_BR',	'Vorarlberg',	103),
(1240,	'pt_BR',	'Aargau',	104),
(1241,	'pt_BR',	'Appenzell Innerrhoden',	105),
(1242,	'pt_BR',	'Appenzell Ausserrhoden',	106),
(1243,	'pt_BR',	'Bern',	107),
(1244,	'pt_BR',	'Basel-Landschaft',	108),
(1245,	'pt_BR',	'Basel-Stadt',	109),
(1246,	'pt_BR',	'Freiburg',	110),
(1247,	'pt_BR',	'Genf',	111),
(1248,	'pt_BR',	'Glarus',	112),
(1249,	'pt_BR',	'Grisons',	113),
(1250,	'pt_BR',	'Jura',	114),
(1251,	'pt_BR',	'Luzern',	115),
(1252,	'pt_BR',	'Neuenburg',	116),
(1253,	'pt_BR',	'Nidwalden',	117),
(1254,	'pt_BR',	'Obwalden',	118),
(1255,	'pt_BR',	'St. Gallen',	119),
(1256,	'pt_BR',	'Schaffhausen',	120),
(1257,	'pt_BR',	'Solothurn',	121),
(1258,	'pt_BR',	'Schwyz',	122),
(1259,	'pt_BR',	'Thurgau',	123),
(1260,	'pt_BR',	'Tessin',	124),
(1261,	'pt_BR',	'Uri',	125),
(1262,	'pt_BR',	'Waadt',	126),
(1263,	'pt_BR',	'Wallis',	127),
(1264,	'pt_BR',	'Zug',	128),
(1265,	'pt_BR',	'Zurique',	129),
(1266,	'pt_BR',	'Corunha',	130),
(1267,	'pt_BR',	'lava',	131),
(1268,	'pt_BR',	'Albacete',	132),
(1269,	'pt_BR',	'Alicante',	133),
(1270,	'pt_BR',	'Almeria',	134),
(1271,	'pt_BR',	'Astrias',	135),
(1272,	'pt_BR',	'Avila',	136),
(1273,	'pt_BR',	'Badajoz',	137),
(1274,	'pt_BR',	'Baleares',	138),
(1275,	'pt_BR',	'Barcelona',	139),
(1276,	'pt_BR',	'Burgos',	140),
(1277,	'pt_BR',	'Caceres',	141),
(1278,	'pt_BR',	'Cadiz',	142),
(1279,	'pt_BR',	'Cantbria',	143),
(1280,	'pt_BR',	'Castellon',	144),
(1281,	'pt_BR',	'Ceuta',	145),
(1282,	'pt_BR',	'Ciudad Real',	146),
(1283,	'pt_BR',	'Cordoba',	147),
(1284,	'pt_BR',	'Cuenca',	148),
(1285,	'pt_BR',	'Girona',	149),
(1286,	'pt_BR',	'Granada',	150),
(1287,	'pt_BR',	'Guadalajara',	151),
(1288,	'pt_BR',	'Guipuzcoa',	152),
(1289,	'pt_BR',	'Huelva',	153),
(1290,	'pt_BR',	'Huesca',	154),
(1291,	'pt_BR',	'Jaen',	155),
(1292,	'pt_BR',	'La Rioja',	156),
(1293,	'pt_BR',	'Las Palmas',	157),
(1294,	'pt_BR',	'Leon',	158),
(1295,	'pt_BR',	'Lleida',	159),
(1296,	'pt_BR',	'Lugo',	160),
(1297,	'pt_BR',	'Madri',	161),
(1298,	'pt_BR',	'Mlaga',	162),
(1299,	'pt_BR',	'Melilla',	163),
(1300,	'pt_BR',	'Murcia',	164),
(1301,	'pt_BR',	'Navarra',	165),
(1302,	'pt_BR',	'Ourense',	166),
(1303,	'pt_BR',	'Palencia',	167),
(1304,	'pt_BR',	'Pontevedra',	168),
(1305,	'pt_BR',	'Salamanca',	169),
(1306,	'pt_BR',	'Santa Cruz de Tenerife',	170),
(1307,	'pt_BR',	'Segovia',	171),
(1308,	'pt_BR',	'Sevilla',	172),
(1309,	'pt_BR',	'Soria',	173),
(1310,	'pt_BR',	'Tarragona',	174),
(1311,	'pt_BR',	'Teruel',	175),
(1312,	'pt_BR',	'Toledo',	176),
(1313,	'pt_BR',	'Valencia',	177),
(1314,	'pt_BR',	'Valladolid',	178),
(1315,	'pt_BR',	'Vizcaya',	179),
(1316,	'pt_BR',	'Zamora',	180),
(1317,	'pt_BR',	'Zaragoza',	181),
(1318,	'pt_BR',	'Ain',	182),
(1319,	'pt_BR',	'Aisne',	183),
(1320,	'pt_BR',	'Allier',	184),
(1321,	'pt_BR',	'Alpes da Alta Provena',	185),
(1322,	'pt_BR',	'Altos Alpes',	186),
(1323,	'pt_BR',	'Alpes-Maritimes',	187),
(1324,	'pt_BR',	'Ardche',	188),
(1325,	'pt_BR',	'Ardennes',	189),
(1326,	'pt_BR',	'Ariege',	190),
(1327,	'pt_BR',	'Aube',	191),
(1328,	'pt_BR',	'Aude',	192),
(1329,	'pt_BR',	'Aveyron',	193),
(1330,	'pt_BR',	'BOCAS DO Rhne',	194),
(1331,	'pt_BR',	'Calvados',	195),
(1332,	'pt_BR',	'Cantal',	196),
(1333,	'pt_BR',	'Charente',	197),
(1334,	'pt_BR',	'Charente-Maritime',	198),
(1335,	'pt_BR',	'Cher',	199),
(1336,	'pt_BR',	'Corrze',	200),
(1337,	'pt_BR',	'Corse-du-Sud',	201),
(1338,	'pt_BR',	'Alta Crsega',	202),
(1339,	'pt_BR',	'Costa d\'OrCorrze',	203),
(1340,	'pt_BR',	'Cotes d\'Armor',	204),
(1341,	'pt_BR',	'Creuse',	205),
(1342,	'pt_BR',	'Dordogne',	206),
(1343,	'pt_BR',	'Doubs',	207),
(1344,	'pt_BR',	'DrmeFinistre',	208),
(1345,	'pt_BR',	'Eure',	209),
(1346,	'pt_BR',	'Eure-et-Loir',	210),
(1347,	'pt_BR',	'Finistre',	211),
(1348,	'pt_BR',	'Gard',	212),
(1349,	'pt_BR',	'Haute-Garonne',	213),
(1350,	'pt_BR',	'Gers',	214),
(1351,	'pt_BR',	'Gironde',	215),
(1352,	'pt_BR',	'Hrault',	216),
(1353,	'pt_BR',	'Ille-et-Vilaine',	217),
(1354,	'pt_BR',	'Indre',	218),
(1355,	'pt_BR',	'Indre-et-Loire',	219),
(1356,	'pt_BR',	'Isre',	220),
(1357,	'pt_BR',	'Jura',	221),
(1358,	'pt_BR',	'Landes',	222),
(1359,	'pt_BR',	'Loir-et-Cher',	223),
(1360,	'pt_BR',	'Loire',	224),
(1361,	'pt_BR',	'Haute-Loire',	22),
(1362,	'pt_BR',	'Loire-Atlantique',	226),
(1363,	'pt_BR',	'Loiret',	227),
(1364,	'pt_BR',	'Lot',	228),
(1365,	'pt_BR',	'Lot e Garona',	229),
(1366,	'pt_BR',	'Lozre',	230),
(1367,	'pt_BR',	'Maine-et-Loire',	231),
(1368,	'pt_BR',	'Manche',	232),
(1369,	'pt_BR',	'Marne',	233),
(1370,	'pt_BR',	'Haute-Marne',	234),
(1371,	'pt_BR',	'Mayenne',	235),
(1372,	'pt_BR',	'Meurthe-et-Moselle',	236),
(1373,	'pt_BR',	'Meuse',	237),
(1374,	'pt_BR',	'Morbihan',	238),
(1375,	'pt_BR',	'Moselle',	239),
(1376,	'pt_BR',	'Nivre',	240),
(1377,	'pt_BR',	'Nord',	241),
(1378,	'pt_BR',	'Oise',	242),
(1379,	'pt_BR',	'Orne',	243),
(1380,	'pt_BR',	'Pas-de-Calais',	244),
(1381,	'pt_BR',	'Puy-de-Dme',	24),
(1382,	'pt_BR',	'Pirineus Atlnticos',	246),
(1383,	'pt_BR',	'Hautes-Pyrnes',	247),
(1384,	'pt_BR',	'Pirineus Orientais',	248),
(1385,	'pt_BR',	'Bas-Rhin',	249),
(1386,	'pt_BR',	'Alto Reno',	250),
(1387,	'pt_BR',	'Rhne',	251),
(1388,	'pt_BR',	'Haute-Sane',	252),
(1389,	'pt_BR',	'Sane-et-Loire',	253),
(1390,	'pt_BR',	'Sarthe',	25),
(1391,	'pt_BR',	'Savoie',	255),
(1392,	'pt_BR',	'Alta Sabia',	256),
(1393,	'pt_BR',	'Paris',	257),
(1394,	'pt_BR',	'Seine-Maritime',	258),
(1395,	'pt_BR',	'Seine-et-Marne',	259),
(1396,	'pt_BR',	'Yvelines',	260),
(1397,	'pt_BR',	'Deux-Svres',	261),
(1398,	'pt_BR',	'Somme',	262),
(1399,	'pt_BR',	'Tarn',	263),
(1400,	'pt_BR',	'Tarn-et-Garonne',	264),
(1401,	'pt_BR',	'Var',	265),
(1402,	'pt_BR',	'Vaucluse',	266),
(1403,	'pt_BR',	'Compradora',	267),
(1404,	'pt_BR',	'Vienne',	268),
(1405,	'pt_BR',	'Haute-Vienne',	269),
(1406,	'pt_BR',	'Vosges',	270),
(1407,	'pt_BR',	'Yonne',	271),
(1408,	'pt_BR',	'Territrio de Belfort',	272),
(1409,	'pt_BR',	'Essonne',	273),
(1410,	'pt_BR',	'Altos do Sena',	274),
(1411,	'pt_BR',	'Seine-Saint-Denis',	275),
(1412,	'pt_BR',	'Val-de-Marne',	276),
(1413,	'pt_BR',	'Val-d\'Oise',	277),
(1414,	'pt_BR',	'Alba',	278),
(1415,	'pt_BR',	'Arad',	279),
(1416,	'pt_BR',	'Arges',	280),
(1417,	'pt_BR',	'Bacau',	281),
(1418,	'pt_BR',	'Bihor',	282),
(1419,	'pt_BR',	'Bistrita-Nasaud',	283),
(1420,	'pt_BR',	'Botosani',	284),
(1421,	'pt_BR',	'Braov',	285),
(1422,	'pt_BR',	'Braila',	286),
(1423,	'pt_BR',	'Bucareste',	287),
(1424,	'pt_BR',	'Buzau',	288),
(1425,	'pt_BR',	'Caras-Severin',	289),
(1426,	'pt_BR',	'Clrai',	290),
(1427,	'pt_BR',	'Cluj',	291),
(1428,	'pt_BR',	'Constanta',	292),
(1429,	'pt_BR',	'Covasna',	29),
(1430,	'pt_BR',	'Dambovita',	294),
(1431,	'pt_BR',	'Dolj',	295),
(1432,	'pt_BR',	'Galati',	296),
(1433,	'pt_BR',	'Giurgiu',	297),
(1434,	'pt_BR',	'Gorj',	298),
(1435,	'pt_BR',	'Harghita',	299),
(1436,	'pt_BR',	'Hunedoara',	300),
(1437,	'pt_BR',	'Ialomita',	301),
(1438,	'pt_BR',	'Iasi',	302),
(1439,	'pt_BR',	'Ilfov',	303),
(1440,	'pt_BR',	'Maramures',	304),
(1441,	'pt_BR',	'Maramures',	305),
(1442,	'pt_BR',	'Mures',	306),
(1443,	'pt_BR',	'alemo',	307),
(1444,	'pt_BR',	'Olt',	308),
(1445,	'pt_BR',	'Prahova',	309),
(1446,	'pt_BR',	'Satu-Mare',	310),
(1447,	'pt_BR',	'Salaj',	311),
(1448,	'pt_BR',	'Sibiu',	312),
(1449,	'pt_BR',	'Suceava',	313),
(1450,	'pt_BR',	'Teleorman',	314),
(1451,	'pt_BR',	'Timis',	315),
(1452,	'pt_BR',	'Tulcea',	316),
(1453,	'pt_BR',	'Vaslui',	317),
(1454,	'pt_BR',	'dale',	318),
(1455,	'pt_BR',	'Vrancea',	319),
(1456,	'pt_BR',	'Lappi',	320),
(1457,	'pt_BR',	'Pohjois-Pohjanmaa',	321),
(1458,	'pt_BR',	'Kainuu',	322),
(1459,	'pt_BR',	'Pohjois-Karjala',	323),
(1460,	'pt_BR',	'Pohjois-Savo',	324),
(1461,	'pt_BR',	'Sul Savo',	325),
(1462,	'pt_BR',	'Ostrobothnia do sul',	326),
(1463,	'pt_BR',	'Pohjanmaa',	327),
(1464,	'pt_BR',	'Pirkanmaa',	328),
(1465,	'pt_BR',	'Satakunta',	329),
(1466,	'pt_BR',	'Keski-Pohjanmaa',	330),
(1467,	'pt_BR',	'Keski-Suomi',	331),
(1468,	'pt_BR',	'Varsinais-Suomi',	332),
(1469,	'pt_BR',	'Carlia do Sul',	333),
(1470,	'pt_BR',	'Pijt-Hme',	334),
(1471,	'pt_BR',	'Kanta-Hme',	335),
(1472,	'pt_BR',	'Uusimaa',	336),
(1473,	'pt_BR',	'Uusimaa',	337),
(1474,	'pt_BR',	'Kymenlaakso',	338),
(1475,	'pt_BR',	'Ahvenanmaa',	339),
(1476,	'pt_BR',	'Harjumaa',	340),
(1477,	'pt_BR',	'Hiiumaa',	341),
(1478,	'pt_BR',	'Ida-Virumaa',	342),
(1479,	'pt_BR',	'Condado de Jgeva',	343),
(1480,	'pt_BR',	'Condado de Jrva',	344),
(1481,	'pt_BR',	'Lnemaa',	345),
(1482,	'pt_BR',	'Condado de Lne-Viru',	346),
(1483,	'pt_BR',	'Condado de Plva',	347),
(1484,	'pt_BR',	'Condado de Prnu',	348),
(1485,	'pt_BR',	'Raplamaa',	349),
(1486,	'pt_BR',	'Saaremaa',	350),
(1487,	'pt_BR',	'Tartumaa',	351),
(1488,	'pt_BR',	'Valgamaa',	352),
(1489,	'pt_BR',	'Viljandimaa',	353),
(1490,	'pt_BR',	'Vrumaa',	354),
(1491,	'pt_BR',	'Daugavpils',	355),
(1492,	'pt_BR',	'Jelgava',	356),
(1493,	'pt_BR',	'Jekabpils',	357),
(1494,	'pt_BR',	'Jurmala',	358),
(1495,	'pt_BR',	'Liepaja',	359),
(1496,	'pt_BR',	'Liepaja County',	360),
(1497,	'pt_BR',	'Rezekne',	361),
(1498,	'pt_BR',	'Riga',	362),
(1499,	'pt_BR',	'Condado de Riga',	363),
(1500,	'pt_BR',	'Valmiera',	364),
(1501,	'pt_BR',	'Ventspils',	365),
(1502,	'pt_BR',	'Aglonas novads',	366),
(1503,	'pt_BR',	'Aizkraukles novads',	367),
(1504,	'pt_BR',	'Aizputes novads',	368),
(1505,	'pt_BR',	'Condado de Akniste',	369),
(1506,	'pt_BR',	'Alojas novads',	370),
(1507,	'pt_BR',	'Alsungas novads',	371),
(1508,	'pt_BR',	'Aluksne County',	372),
(1509,	'pt_BR',	'Amatas novads',	373),
(1510,	'pt_BR',	'Macacos novads',	374),
(1511,	'pt_BR',	'Auces novads',	375),
(1512,	'pt_BR',	'Babtes novads',	376),
(1513,	'pt_BR',	'Baldones novads',	377),
(1514,	'pt_BR',	'Baltinavas novads',	378),
(1515,	'pt_BR',	'Balvu novads',	379),
(1516,	'pt_BR',	'Bauskas novads',	380),
(1517,	'pt_BR',	'Condado de Beverina',	381),
(1518,	'pt_BR',	'Condado de Broceni',	382),
(1519,	'pt_BR',	'Burtnieku novads',	383),
(1520,	'pt_BR',	'Carnikavas novads',	384),
(1521,	'pt_BR',	'Cesvaines novads',	385),
(1522,	'pt_BR',	'Ciblas novads',	386),
(1523,	'pt_BR',	'Cesis county',	387),
(1524,	'pt_BR',	'Dagdas novads',	388),
(1525,	'pt_BR',	'Daugavpils novads',	389),
(1526,	'pt_BR',	'Dobeles novads',	390),
(1527,	'pt_BR',	'Dundagas novads',	391),
(1528,	'pt_BR',	'Durbes novads',	392),
(1529,	'pt_BR',	'Engad novads',	393),
(1530,	'pt_BR',	'Garkalnes novads',	394),
(1531,	'pt_BR',	'O condado de Grobia',	395),
(1532,	'pt_BR',	'Gulbenes novads',	396),
(1533,	'pt_BR',	'Iecavas novads',	397),
(1534,	'pt_BR',	'Ikskile county',	398),
(1535,	'pt_BR',	'Ilkste county',	399),
(1536,	'pt_BR',	'Condado de Inukalns',	400),
(1537,	'pt_BR',	'Jaunjelgavas novads',	401),
(1538,	'pt_BR',	'Jaunpiebalgas novads',	402),
(1539,	'pt_BR',	'Jaunpils novads',	403),
(1540,	'pt_BR',	'Jelgavas novads',	404),
(1541,	'pt_BR',	'Jekabpils county',	405),
(1542,	'pt_BR',	'Kandavas novads',	406),
(1543,	'pt_BR',	'Kokneses novads',	407),
(1544,	'pt_BR',	'Krimuldas novads',	408),
(1545,	'pt_BR',	'Krustpils novads',	409),
(1546,	'pt_BR',	'Condado de Kraslava',	410),
(1547,	'pt_BR',	'Condado de Kuldga',	411),
(1548,	'pt_BR',	'Condado de Krsava',	412),
(1549,	'pt_BR',	'Condado de Lielvarde',	413),
(1550,	'pt_BR',	'Condado de Limbai',	414),
(1551,	'pt_BR',	'O distrito de Lubna',	415),
(1552,	'pt_BR',	'Ludzas novads',	416),
(1553,	'pt_BR',	'Ligatne county',	417),
(1554,	'pt_BR',	'Livani county',	418),
(1555,	'pt_BR',	'Madonas novads',	419),
(1556,	'pt_BR',	'Mazsalacas novads',	420),
(1557,	'pt_BR',	'Mlpils county',	421),
(1558,	'pt_BR',	'Mrupe county',	422),
(1559,	'pt_BR',	'O condado de Naukni',	423),
(1560,	'pt_BR',	'Neretas novads',	424),
(1561,	'pt_BR',	'Nca county',	425),
(1562,	'pt_BR',	'Ogres novads',	426),
(1563,	'pt_BR',	'Olaines novads',	427),
(1564,	'pt_BR',	'Ozolnieku novads',	428),
(1565,	'pt_BR',	'Preii county',	429),
(1566,	'pt_BR',	'Priekules novads',	430),
(1567,	'pt_BR',	'Condado de Priekui',	431),
(1568,	'pt_BR',	'Moving county',	432),
(1569,	'pt_BR',	'Condado de Pavilosta',	433),
(1570,	'pt_BR',	'Condado de Plavinas',	434),
(1571,	'pt_BR',	'Raunas novads',	435),
(1572,	'pt_BR',	'Condado de Riebii',	436),
(1573,	'pt_BR',	'Rojas novads',	437),
(1574,	'pt_BR',	'Ropazi county',	438),
(1575,	'pt_BR',	'Rucavas novads',	439),
(1576,	'pt_BR',	'Rugji county',	440),
(1577,	'pt_BR',	'Rundle county',	441),
(1578,	'pt_BR',	'Rezekne county',	442),
(1579,	'pt_BR',	'Rjiena county',	443),
(1580,	'pt_BR',	'O municpio de Salacgriva',	444),
(1581,	'pt_BR',	'Salas novads',	445),
(1582,	'pt_BR',	'Salaspils novads',	446),
(1583,	'pt_BR',	'Saldus novads',	447),
(1584,	'pt_BR',	'Saulkrastu novads',	448),
(1585,	'pt_BR',	'Siguldas novads',	449),
(1586,	'pt_BR',	'Skrundas novads',	450),
(1587,	'pt_BR',	'Skrveri county',	451),
(1588,	'pt_BR',	'Smiltenes novads',	452),
(1589,	'pt_BR',	'Condado de Stopini',	453),
(1590,	'pt_BR',	'Condado de Streni',	454),
(1591,	'pt_BR',	'Regio de semeadura',	455),
(1592,	'pt_BR',	'Talsu novads',	456),
(1593,	'pt_BR',	'Tukuma novads',	457),
(1594,	'pt_BR',	'Condado de Trvete',	458),
(1595,	'pt_BR',	'O condado de Vaiode',	459),
(1596,	'pt_BR',	'Valkas novads',	460),
(1597,	'pt_BR',	'Valmieras novads',	461),
(1598,	'pt_BR',	'Varaklani county',	462),
(1599,	'pt_BR',	'Vecpiebalgas novads',	463),
(1600,	'pt_BR',	'Vecumnieku novads',	464),
(1601,	'pt_BR',	'Ventspils novads',	465),
(1602,	'pt_BR',	'Condado de Viesite',	466),
(1603,	'pt_BR',	'Condado de Vilaka',	467),
(1604,	'pt_BR',	'Vilani county',	468),
(1605,	'pt_BR',	'Condado de Varkava',	469),
(1606,	'pt_BR',	'Zilupes novads',	470),
(1607,	'pt_BR',	'Adazi county',	471),
(1608,	'pt_BR',	'Erglu county',	472),
(1609,	'pt_BR',	'Kegums county',	473),
(1610,	'pt_BR',	'Kekava county',	474),
(1611,	'pt_BR',	'Alytaus Apskritis',	475),
(1612,	'pt_BR',	'Kauno Apskritis',	476),
(1613,	'pt_BR',	'Condado de Klaipeda',	477),
(1614,	'pt_BR',	'Marijampol county',	478),
(1615,	'pt_BR',	'Panevezys county',	479),
(1616,	'pt_BR',	'Siauliai county',	480),
(1617,	'pt_BR',	'Taurage county',	481),
(1618,	'pt_BR',	'Teliai county',	482),
(1619,	'pt_BR',	'Utenos Apskritis',	483),
(1620,	'pt_BR',	'Vilniaus Apskritis',	484),
(1621,	'pt_BR',	'Acre',	485),
(1622,	'pt_BR',	'Alagoas',	486),
(1623,	'pt_BR',	'Amap',	487),
(1624,	'pt_BR',	'Amazonas',	488),
(1625,	'pt_BR',	'Bahia',	489),
(1626,	'pt_BR',	'Cear',	490),
(1627,	'pt_BR',	'Esprito Santo',	491),
(1628,	'pt_BR',	'Gois',	492),
(1629,	'pt_BR',	'Maranho',	493),
(1630,	'pt_BR',	'Mato Grosso',	494),
(1631,	'pt_BR',	'Mato Grosso do Sul',	495),
(1632,	'pt_BR',	'Minas Gerais',	496),
(1633,	'pt_BR',	'Par',	497),
(1634,	'pt_BR',	'Paraba',	498),
(1635,	'pt_BR',	'Paran',	499),
(1636,	'pt_BR',	'Pernambuco',	500),
(1637,	'pt_BR',	'Piau',	501),
(1638,	'pt_BR',	'Rio de Janeiro',	502),
(1639,	'pt_BR',	'Rio Grande do Norte',	503),
(1640,	'pt_BR',	'Rio Grande do Sul',	504),
(1641,	'pt_BR',	'Rondnia',	505),
(1642,	'pt_BR',	'Roraima',	506),
(1643,	'pt_BR',	'Santa Catarina',	507),
(1644,	'pt_BR',	'So Paulo',	508),
(1645,	'pt_BR',	'Sergipe',	509),
(1646,	'pt_BR',	'Tocantins',	510),
(1647,	'pt_BR',	'Distrito Federal',	511),
(1648,	'pt_BR',	'Condado de Zagreb',	512),
(1649,	'pt_BR',	'Condado de Krapina-Zagorje',	513),
(1650,	'pt_BR',	'Condado de Sisak-Moslavina',	514),
(1651,	'pt_BR',	'Condado de Karlovac',	515),
(1652,	'pt_BR',	'Concelho de Varadin',	516),
(1653,	'pt_BR',	'Condado de Koprivnica-Krievci',	517),
(1654,	'pt_BR',	'Condado de Bjelovar-Bilogora',	518),
(1655,	'pt_BR',	'Condado de Primorje-Gorski kotar',	519),
(1656,	'pt_BR',	'Condado de Lika-Senj',	520),
(1657,	'pt_BR',	'Condado de Virovitica-Podravina',	521),
(1658,	'pt_BR',	'Condado de Poega-Slavonia',	522),
(1659,	'pt_BR',	'Condado de Brod-Posavina',	523),
(1660,	'pt_BR',	'Condado de Zadar',	524),
(1661,	'pt_BR',	'Condado de Osijek-Baranja',	525),
(1662,	'pt_BR',	'Condado de ibenik-Knin',	526),
(1663,	'pt_BR',	'Condado de Vukovar-Srijem',	527),
(1664,	'pt_BR',	'Condado de Split-Dalmcia',	528),
(1665,	'pt_BR',	'Condado de stria',	529),
(1666,	'pt_BR',	'Condado de Dubrovnik-Neretva',	530),
(1667,	'pt_BR',	'Meimurska upanija',	531),
(1668,	'pt_BR',	'Grad Zagreb',	532),
(1669,	'pt_BR',	'Ilhas Andaman e Nicobar',	533),
(1670,	'pt_BR',	'Andhra Pradesh',	534),
(1671,	'pt_BR',	'Arunachal Pradesh',	535),
(1672,	'pt_BR',	'Assam',	536),
(1673,	'pt_BR',	'Bihar',	537),
(1674,	'pt_BR',	'Chandigarh',	538),
(1675,	'pt_BR',	'Chhattisgarh',	539),
(1676,	'pt_BR',	'Dadra e Nagar Haveli',	540),
(1677,	'pt_BR',	'Daman e Diu',	541),
(1678,	'pt_BR',	'Delhi',	542),
(1679,	'pt_BR',	'Goa',	543),
(1680,	'pt_BR',	'Gujarat',	544),
(1681,	'pt_BR',	'Haryana',	545),
(1682,	'pt_BR',	'Himachal Pradesh',	546),
(1683,	'pt_BR',	'Jammu e Caxemira',	547),
(1684,	'pt_BR',	'Jharkhand',	548),
(1685,	'pt_BR',	'Karnataka',	549),
(1686,	'pt_BR',	'Kerala',	550),
(1687,	'pt_BR',	'Lakshadweep',	551),
(1688,	'pt_BR',	'Madhya Pradesh',	552),
(1689,	'pt_BR',	'Maharashtra',	553),
(1690,	'pt_BR',	'Manipur',	554),
(1691,	'pt_BR',	'Meghalaya',	555),
(1692,	'pt_BR',	'Mizoram',	556),
(1693,	'pt_BR',	'Nagaland',	557),
(1694,	'pt_BR',	'Odisha',	558),
(1695,	'pt_BR',	'Puducherry',	559),
(1696,	'pt_BR',	'Punjab',	560),
(1697,	'pt_BR',	'Rajasthan',	561),
(1698,	'pt_BR',	'Sikkim',	562),
(1699,	'pt_BR',	'Tamil Nadu',	563),
(1700,	'pt_BR',	'Telangana',	564),
(1701,	'pt_BR',	'Tripura',	565),
(1702,	'pt_BR',	'Uttar Pradesh',	566),
(1703,	'pt_BR',	'Uttarakhand',	567),
(1704,	'pt_BR',	'Bengala Ocidental',	568);

DROP TABLE IF EXISTS `country_translations`;
CREATE TABLE `country_translations` (
  `id` int(10) unsigned NOT NULL AUTO_INCREMENT,
  `locale` varchar(191) COLLATE utf8mb4_unicode_ci NOT NULL,
  `name` text COLLATE utf8mb4_unicode_ci,
  `country_id` int(10) unsigned NOT NULL,
  PRIMARY KEY (`id`),
  KEY `country_translations_country_id_foreign` (`country_id`),
  CONSTRAINT `country_translations_country_id_foreign` FOREIGN KEY (`country_id`) REFERENCES `countries` (`id`) ON DELETE CASCADE
) ENGINE=InnoDB DEFAULT CHARSET=utf8mb4 COLLATE=utf8mb4_unicode_ci ROW_FORMAT=DYNAMIC;

INSERT INTO `country_translations` (`id`, `locale`, `name`, `country_id`) VALUES
(1,	'ar',	'',	1),
(2,	'ar',	' ',	2),
(3,	'ar',	'',	3),
(4,	'ar',	'',	4),
(5,	'ar',	' ',	5),
(6,	'ar',	'',	6),
(7,	'ar',	'',	7),
(8,	'ar',	'',	8),
(9,	'ar',	'  ',	9),
(10,	'ar',	' ',	10),
(11,	'ar',	'',	11),
(12,	'ar',	'',	12),
(13,	'ar',	'',	13),
(14,	'ar',	' ',	14),
(15,	'ar',	'',	15),
(16,	'ar',	'',	16),
(17,	'ar',	'',	17),
(18,	'ar',	'',	18),
(19,	'ar',	'',	19),
(20,	'ar',	'',	20),
(21,	'ar',	'',	21),
(22,	'ar',	' ',	22),
(23,	'ar',	'',	23),
(24,	'ar',	'',	24),
(25,	'ar',	'',	25),
(26,	'ar',	'',	26),
(27,	'ar',	'',	27),
(28,	'ar',	'',	28),
(29,	'ar',	' ',	29),
(30,	'ar',	'',	30),
(31,	'ar',	'',	31),
(32,	'ar',	'   ',	32),
(33,	'ar',	'  ',	33),
(34,	'ar',	'',	34),
(35,	'ar',	'',	35),
(36,	'ar',	' ',	36),
(37,	'ar',	'',	37),
(38,	'ar',	'',	38),
(39,	'ar',	'',	39),
(40,	'ar',	'',	40),
(41,	'ar',	' ',	41),
(42,	'ar',	' ',	42),
(43,	'ar',	' ',	43),
(44,	'ar',	' ',	44),
(45,	'ar',	'  ',	45),
(46,	'ar',	' ',	46),
(47,	'ar',	'',	47),
(48,	'ar',	'',	48),
(49,	'ar',	'',	49),
(50,	'ar',	' ',	50),
(51,	'ar',	'  ()',	51),
(52,	'ar',	'',	52),
(53,	'ar',	' ',	53),
(54,	'ar',	' - ',	54),
(55,	'ar',	' - ',	55),
(56,	'ar',	' ',	56),
(57,	'ar',	'',	57),
(58,	'ar',	' ',	58),
(59,	'ar',	'',	59),
(60,	'ar',	'',	60),
(61,	'ar',	'',	61),
(62,	'ar',	'',	62),
(63,	'ar',	'',	63),
(64,	'ar',	'',	64),
(65,	'ar',	' ',	65),
(66,	'ar',	'',	66),
(67,	'ar',	'',	67),
(68,	'ar',	' ',	68),
(69,	'ar',	'',	69),
(70,	'ar',	'',	70),
(71,	'ar',	'',	71),
(72,	'ar',	' ',	72),
(73,	'ar',	'',	73),
(74,	'ar',	'',	74),
(75,	'ar',	'',	75),
(76,	'ar',	' ',	76),
(77,	'ar',	' ',	77),
(78,	'ar',	' ',	78),
(79,	'ar',	'',	79),
(80,	'ar',	'',	80),
(81,	'ar',	'',	81),
(82,	'ar',	' ',	82),
(83,	'ar',	' ',	83),
(84,	'ar',	'  ',	84),
(85,	'ar',	'',	85),
(86,	'ar',	'',	86),
(87,	'ar',	'',	87),
(88,	'ar',	'',	88),
(89,	'ar',	'',	89),
(90,	'ar',	' ',	90),
(91,	'ar',	'',	91),
(92,	'ar',	' ',	92),
(93,	'ar',	'',	93),
(94,	'ar',	'',	94),
(95,	'ar',	'',	95),
(96,	'ar',	'',	96),
(97,	'ar',	'',	97),
(98,	'ar',	'',	98),
(99,	'ar',	' ',	99),
(100,	'ar',	'',	100),
(101,	'ar',	'',	101),
(102,	'ar',	'',	102),
(103,	'ar',	'  SAR ',	103),
(104,	'ar',	'',	104),
(105,	'ar',	'',	105),
(106,	'ar',	'',	106),
(107,	'ar',	'',	107),
(108,	'ar',	'',	108),
(109,	'ar',	'',	109),
(110,	'ar',	'',	110),
(111,	'ar',	'   ',	111),
(112,	'ar',	'',	112),
(113,	'ar',	'',	113),
(114,	'ar',	'',	114),
(115,	'ar',	'',	115),
(116,	'ar',	'',	116),
(117,	'ar',	'',	117),
(118,	'ar',	'',	118),
(119,	'ar',	'',	119),
(120,	'ar',	'',	120),
(121,	'ar',	'',	121),
(122,	'ar',	'',	122),
(123,	'ar',	'',	123),
(124,	'ar',	'',	124),
(125,	'ar',	'',	125),
(126,	'ar',	'',	126),
(127,	'ar',	'',	127),
(128,	'ar',	'',	128),
(129,	'ar',	'',	129),
(130,	'ar',	'',	130),
(131,	'ar',	'',	131),
(132,	'ar',	'',	132),
(133,	'ar',	' SAR ',	133),
(134,	'ar',	'',	134),
(135,	'ar',	'',	135),
(136,	'ar',	'',	136),
(137,	'ar',	'',	137),
(138,	'ar',	' ',	138),
(139,	'ar',	'',	139),
(140,	'ar',	'',	140),
(141,	'ar',	' ',	141),
(142,	'ar',	'',	142),
(143,	'ar',	'',	143),
(144,	'ar',	'',	144),
(145,	'ar',	'',	145),
(146,	'ar',	'',	146),
(147,	'ar',	'',	147),
(148,	'ar',	'',	148),
(149,	'ar',	'',	149),
(150,	'ar',	'',	150),
(151,	'ar',	' ',	151),
(152,	'ar',	'',	152),
(153,	'ar',	'',	153),
(154,	'ar',	'',	154),
(155,	'ar',	' ()',	155),
(156,	'ar',	'',	156),
(157,	'ar',	'',	157),
(158,	'ar',	'',	158),
(159,	'ar',	'',	159),
(160,	'ar',	' ',	160),
(161,	'ar',	'',	161),
(162,	'ar',	'',	162),
(163,	'ar',	'',	163),
(164,	'ar',	'',	164),
(165,	'ar',	'',	165),
(166,	'ar',	' ',	166),
(167,	'ar',	' ',	167),
(168,	'ar',	'  ',	168),
(169,	'ar',	'',	169),
(170,	'ar',	' ',	170),
(171,	'ar',	'',	171),
(172,	'ar',	'',	172),
(173,	'ar',	' ',	173),
(174,	'ar',	'',	174),
(175,	'ar',	'  ',	175),
(176,	'ar',	'',	176),
(177,	'ar',	'',	177),
(178,	'ar',	'',	178),
(179,	'ar',	' ',	179),
(180,	'ar',	'',	180),
(181,	'ar',	'',	181),
(182,	'ar',	'',	182),
(183,	'ar',	' ',	183),
(184,	'ar',	' ',	184),
(185,	'ar',	'',	185),
(186,	'ar',	'',	186),
(187,	'ar',	'',	187),
(188,	'ar',	'',	188),
(189,	'ar',	' ',	189),
(190,	'ar',	'  ',	190),
(191,	'ar',	'  ',	191),
(192,	'ar',	'',	192),
(193,	'ar',	'',	193),
(194,	'ar',	'',	194),
(195,	'ar',	'',	195),
(196,	'ar',	'',	196),
(197,	'ar',	' ',	197),
(198,	'ar',	'',	198),
(199,	'ar',	'',	199),
(200,	'ar',	' ',	200),
(201,	'ar',	'',	201),
(202,	'ar',	' ',	202),
(203,	'ar',	'    ',	203),
(204,	'ar',	' ',	204),
(205,	'ar',	' ',	205),
(206,	'ar',	'',	206),
(207,	'ar',	'',	207),
(208,	'ar',	' ',	208),
(209,	'ar',	' ',	209),
(210,	'ar',	'  ',	210),
(211,	'ar',	' ',	211),
(212,	'ar',	' ',	212),
(213,	'ar',	'  ',	213),
(214,	'ar',	'   ',	214),
(215,	'ar',	'',	215),
(216,	'ar',	'',	216),
(217,	'ar',	'  ',	217),
(218,	'ar',	'',	218),
(219,	'ar',	'',	219),
(220,	'ar',	'',	220),
(221,	'ar',	'',	221),
(222,	'ar',	'',	222),
(223,	'ar',	'',	223),
(224,	'ar',	'',	224),
(225,	'ar',	'',	225),
(226,	'ar',	'',	226),
(227,	'ar',	'',	227),
(228,	'ar',	'',	228),
(229,	'ar',	'',	229),
(230,	'ar',	' ',	230),
(231,	'ar',	'  ',	231),
(232,	'ar',	'',	232),
(233,	'ar',	' ',	233),
(234,	'ar',	'',	234),
(235,	'ar',	'  ',	235),
(236,	'ar',	'',	236),
(237,	'ar',	'   ',	237),
(238,	'ar',	'  ',	238),
(239,	'ar',	'',	239),
(240,	'ar',	'',	240),
(241,	'ar',	'  ',	241),
(242,	'ar',	' ',	242),
(243,	'ar',	' ',	243),
(244,	'ar',	'  ',	244),
(245,	'ar',	'',	245),
(246,	'ar',	'',	246),
(247,	'ar',	'',	247),
(248,	'ar',	' ',	248),
(249,	'ar',	'',	249),
(250,	'ar',	'',	250),
(251,	'ar',	' ',	251),
(252,	'ar',	' ',	252),
(253,	'ar',	'',	253),
(254,	'ar',	'',	254),
(255,	'ar',	'',	255),
(256,	'fa',	'',	1),
(257,	'fa',	' ',	2),
(258,	'fa',	'',	3),
(259,	'fa',	'',	4),
(260,	'fa',	' ',	5),
(261,	'fa',	'',	6),
(262,	'fa',	'',	7),
(263,	'fa',	'',	8),
(264,	'fa',	'',	9),
(265,	'fa',	'  ',	10),
(266,	'fa',	'',	11),
(267,	'fa',	'',	12),
(268,	'fa',	'',	13),
(269,	'fa',	' ',	14),
(270,	'fa',	'',	15),
(271,	'fa',	'',	16),
(272,	'fa',	'',	17),
(273,	'fa',	'',	18),
(274,	'fa',	'',	19),
(275,	'fa',	'',	20),
(276,	'fa',	'',	21),
(277,	'fa',	'',	22),
(278,	'fa',	'',	23),
(279,	'fa',	'',	24),
(280,	'fa',	'',	25),
(281,	'fa',	'',	26),
(282,	'fa',	'',	27),
(283,	'fa',	'',	28),
(284,	'fa',	'  ',	29),
(285,	'fa',	'',	30),
(286,	'fa',	'',	31),
(287,	'fa',	'   ',	32),
(288,	'fa',	'  ',	33),
(289,	'fa',	'',	34),
(290,	'fa',	'',	35),
(291,	'fa',	' ',	36),
(292,	'fa',	'',	37),
(293,	'fa',	'',	38),
(294,	'fa',	'',	39),
(295,	'fa',	'',	40),
(296,	'fa',	' ',	41),
(297,	'fa',	' ',	42),
(298,	'fa',	' ',	43),
(299,	'fa',	'Cayman Islands',	44),
(300,	'fa',	'  ',	45),
(301,	'fa',	'  ',	46),
(302,	'fa',	'',	47),
(303,	'fa',	'',	48),
(304,	'fa',	'',	49),
(305,	'fa',	' ',	50),
(306,	'fa',	'  (Keeling)',	51),
(307,	'fa',	'',	52),
(308,	'fa',	'',	53),
(309,	'fa',	' - ',	54),
(310,	'fa',	' - ',	55),
(311,	'fa',	' ',	56),
(312,	'fa',	'',	57),
(313,	'fa',	' ',	58),
(314,	'fa',	'',	59),
(315,	'fa',	'',	60),
(316,	'fa',	'',	61),
(317,	'fa',	'',	62),
(318,	'fa',	'',	63),
(319,	'fa',	'',	64),
(320,	'fa',	' ',	65),
(321,	'fa',	'',	66),
(322,	'fa',	'',	67),
(323,	'fa',	' ',	68),
(324,	'fa',	'',	69),
(325,	'fa',	'',	70),
(326,	'fa',	'',	71),
(327,	'fa',	' ',	72),
(328,	'fa',	'',	73),
(329,	'fa',	'',	74),
(330,	'fa',	'',	75),
(331,	'fa',	' ',	76),
(332,	'fa',	' ',	77),
(333,	'fa',	' ',	78),
(334,	'fa',	'',	79),
(335,	'fa',	'',	80),
(336,	'fa',	'',	81),
(337,	'fa',	' ',	82),
(338,	'fa',	' ',	83),
(339,	'fa',	'   ',	84),
(340,	'fa',	'',	85),
(341,	'fa',	'',	86),
(342,	'fa',	'',	87),
(343,	'fa',	'',	88),
(344,	'fa',	'',	89),
(345,	'fa',	' ',	90),
(346,	'fa',	'',	91),
(347,	'fa',	'',	92),
(348,	'fa',	'',	93),
(349,	'fa',	'',	94),
(350,	'fa',	'',	95),
(351,	'fa',	'',	96),
(352,	'fa',	'',	97),
(353,	'fa',	'',	98),
(354,	'fa',	' ',	99),
(355,	'fa',	'',	100),
(356,	'fa',	'',	101),
(357,	'fa',	'',	102),
(358,	'fa',	'  SAR ',	103),
(359,	'fa',	'',	104),
(360,	'fa',	'',	105),
(361,	'fa',	'',	106),
(362,	'fa',	'',	107),
(363,	'fa',	'',	108),
(364,	'fa',	'',	109),
(365,	'fa',	'',	110),
(366,	'fa',	' ',	111),
(367,	'fa',	'',	112),
(368,	'fa',	'',	113),
(369,	'fa',	'',	114),
(370,	'fa',	'',	115),
(371,	'fa',	' ',	116),
(372,	'fa',	'',	117),
(373,	'fa',	'',	118),
(374,	'fa',	'',	119),
(375,	'fa',	'',	120),
(376,	'fa',	'',	121),
(377,	'fa',	'',	122),
(378,	'fa',	'',	123),
(379,	'fa',	'',	124),
(380,	'fa',	'',	125),
(381,	'fa',	'',	126),
(382,	'fa',	'',	127),
(383,	'fa',	'',	128),
(384,	'fa',	'',	129),
(385,	'fa',	' ',	130),
(386,	'fa',	'',	131),
(387,	'fa',	'',	132),
(388,	'fa',	' SAR ',	133),
(389,	'fa',	'',	134),
(390,	'fa',	'',	135),
(391,	'fa',	'',	136),
(392,	'fa',	'',	137),
(393,	'fa',	'',	138),
(394,	'fa',	'',	139),
(395,	'fa',	'',	140),
(396,	'fa',	' ',	141),
(397,	'fa',	'',	142),
(398,	'fa',	'',	143),
(399,	'fa',	'',	144),
(400,	'fa',	'',	145),
(401,	'fa',	'',	146),
(402,	'fa',	'',	147),
(403,	'fa',	'',	148),
(404,	'fa',	'',	149),
(405,	'fa',	'',	150),
(406,	'fa',	' ',	151),
(407,	'fa',	'',	152),
(408,	'fa',	'',	153),
(409,	'fa',	'',	154),
(410,	'fa',	' ()',	155),
(411,	'fa',	'',	156),
(412,	'fa',	'',	157),
(413,	'fa',	'',	158),
(414,	'fa',	'',	159),
(415,	'fa',	' ',	160),
(416,	'fa',	'',	161),
(417,	'fa',	'',	162),
(418,	'fa',	'',	163),
(419,	'fa',	'',	164),
(420,	'fa',	'',	165),
(421,	'fa',	' ',	166),
(422,	'fa',	' ',	167),
(423,	'fa',	'  ',	168),
(424,	'fa',	'',	169),
(425,	'fa',	'',	170),
(426,	'fa',	'',	171),
(427,	'fa',	'',	172),
(428,	'fa',	'  ',	173),
(429,	'fa',	'',	174),
(430,	'fa',	'  ',	175),
(431,	'fa',	'',	176),
(432,	'fa',	'',	177),
(433,	'fa',	'',	178),
(434,	'fa',	' ',	179),
(435,	'fa',	'',	180),
(436,	'fa',	' ',	181),
(437,	'fa',	'',	182),
(438,	'fa',	'',	183),
(439,	'fa',	' ',	184),
(440,	'fa',	'',	185),
(441,	'fa',	'',	186),
(442,	'fa',	'',	187),
(443,	'fa',	'',	188),
(444,	'fa',	' ',	189),
(445,	'fa',	'   ',	190),
(446,	'fa',	' ',	191),
(447,	'fa',	'',	192),
(448,	'fa',	'',	193),
(449,	'fa',	'',	194),
(450,	'fa',	'',	195),
(451,	'fa',	'',	196),
(452,	'fa',	' ',	197),
(453,	'fa',	'',	198),
(454,	'fa',	'',	199),
(455,	'fa',	' ',	200),
(456,	'fa',	'',	201),
(457,	'fa',	' ',	202),
(458,	'fa',	'      ',	203),
(459,	'fa',	' ',	204),
(460,	'fa',	' ',	205),
(461,	'fa',	'',	206),
(462,	'fa',	' ',	207),
(463,	'fa',	' ',	208),
(464,	'fa',	' ',	209),
(465,	'fa',	'   ',	210),
(466,	'fa',	' ',	211),
(467,	'fa',	' ',	212),
(468,	'fa',	'   ',	213),
(469,	'fa',	'   ',	214),
(470,	'fa',	'',	215),
(471,	'fa',	'',	216),
(472,	'fa',	'   ',	217),
(473,	'fa',	'',	218),
(474,	'fa',	'',	219),
(475,	'fa',	'',	220),
(476,	'fa',	'',	221),
(477,	'fa',	'',	222),
(478,	'fa',	'',	223),
(479,	'fa',	'',	224),
(480,	'fa',	'',	225),
(481,	'fa',	'-',	226),
(482,	'fa',	'',	227),
(483,	'fa',	'',	228),
(484,	'fa',	'',	229),
(485,	'fa',	'  ',	230),
(486,	'fa',	'  ',	231),
(487,	'fa',	'',	232),
(488,	'fa',	'',	233),
(489,	'fa',	'',	234),
(490,	'fa',	'   ',	235),
(491,	'fa',	'',	236),
(492,	'fa',	'     ',	237),
(493,	'fa',	'   ',	238),
(494,	'fa',	'',	239),
(495,	'fa',	'',	240),
(496,	'fa',	'  ',	241),
(497,	'fa',	'',	242),
(498,	'fa',	' ',	243),
(499,	'fa',	' ',	244),
(500,	'fa',	'',	245),
(501,	'fa',	'',	246),
(502,	'fa',	'',	247),
(503,	'fa',	' ',	248),
(504,	'fa',	'',	249),
(505,	'fa',	'',	250),
(506,	'fa',	'  ',	251),
(507,	'fa',	' ',	252),
(508,	'fa',	'',	253),
(509,	'fa',	'',	254),
(510,	'fa',	'',	255),
(511,	'pt_BR',	'Afeganisto',	1),
(512,	'pt_BR',	'Ilhas land',	2),
(513,	'pt_BR',	'Albnia',	3),
(514,	'pt_BR',	'Arglia',	4),
(515,	'pt_BR',	'Samoa Americana',	5),
(516,	'pt_BR',	'Andorra',	6),
(517,	'pt_BR',	'Angola',	7),
(518,	'pt_BR',	'Angola',	8),
(519,	'pt_BR',	'Antrtico',	9),
(520,	'pt_BR',	'Antgua e Barbuda',	10),
(521,	'pt_BR',	'Argentina',	11),
(522,	'pt_BR',	'Armnia',	12),
(523,	'pt_BR',	'Aruba',	13),
(524,	'pt_BR',	'Ilha de escalada',	14),
(525,	'pt_BR',	'Austrlia',	15),
(526,	'pt_BR',	'ustria',	16),
(527,	'pt_BR',	'Azerbaijo',	17),
(528,	'pt_BR',	'Bahamas',	18),
(529,	'pt_BR',	'Bahrain',	19),
(530,	'pt_BR',	'Bangladesh',	20),
(531,	'pt_BR',	'Barbados',	21),
(532,	'pt_BR',	'Bielorrssia',	22),
(533,	'pt_BR',	'Blgica',	23),
(534,	'pt_BR',	'Blgica',	24),
(535,	'pt_BR',	'Benin',	25),
(536,	'pt_BR',	'Bermuda',	26),
(537,	'pt_BR',	'Buto',	27),
(538,	'pt_BR',	'Bolvia',	28),
(539,	'pt_BR',	'Bsnia e Herzegovina',	29),
(540,	'pt_BR',	'Botsuana',	30),
(541,	'pt_BR',	'Brasil',	31),
(542,	'pt_BR',	'Territrio Britnico do Oceano ndico',	32),
(543,	'pt_BR',	'Ilhas Virgens Britnicas',	33),
(544,	'pt_BR',	'Brunei',	34),
(545,	'pt_BR',	'Bulgria',	35),
(546,	'pt_BR',	'Burkina Faso',	36),
(547,	'pt_BR',	'Burundi',	37),
(548,	'pt_BR',	'Camboja',	38),
(549,	'pt_BR',	'Camares',	39),
(550,	'pt_BR',	'Canad',	40),
(551,	'pt_BR',	'Ilhas Canrias',	41),
(552,	'pt_BR',	'Cabo Verde',	42),
(553,	'pt_BR',	'Holanda do Caribe',	43),
(554,	'pt_BR',	'Ilhas Cayman',	44),
(555,	'pt_BR',	'Repblica Centro-Africana',	45),
(556,	'pt_BR',	'Ceuta e Melilla',	46),
(557,	'pt_BR',	'Chade',	47),
(558,	'pt_BR',	'Chile',	48),
(559,	'pt_BR',	'China',	49),
(560,	'pt_BR',	'Ilha Christmas',	50),
(561,	'pt_BR',	'Ilhas Cocos (Keeling)',	51),
(562,	'pt_BR',	'Colmbia',	52),
(563,	'pt_BR',	'Comores',	53),
(564,	'pt_BR',	'Congo - Brazzaville',	54),
(565,	'pt_BR',	'Congo - Kinshasa',	55),
(566,	'pt_BR',	'Ilhas Cook',	56),
(567,	'pt_BR',	'Costa Rica',	57),
(568,	'pt_BR',	'Costa do Marfim',	58),
(569,	'pt_BR',	'Crocia',	59),
(570,	'pt_BR',	'Cuba',	60),
(571,	'pt_BR',	'Curaao',	61),
(572,	'pt_BR',	'Chipre',	62),
(573,	'pt_BR',	'Czechia',	63),
(574,	'pt_BR',	'Dinamarca',	64),
(575,	'pt_BR',	'Diego Garcia',	65),
(576,	'pt_BR',	'Djibuti',	66),
(577,	'pt_BR',	'Dominica',	67),
(578,	'pt_BR',	'Repblica Dominicana',	68),
(579,	'pt_BR',	'Equador',	69),
(580,	'pt_BR',	'Egito',	70),
(581,	'pt_BR',	'El Salvador',	71),
(582,	'pt_BR',	'Guin Equatorial',	72),
(583,	'pt_BR',	'Eritreia',	73),
(584,	'pt_BR',	'Estnia',	74),
(585,	'pt_BR',	'Etipia',	75),
(586,	'pt_BR',	'Zona Euro',	76),
(587,	'pt_BR',	'Ilhas Malvinas',	77),
(588,	'pt_BR',	'Ilhas Faroe',	78),
(589,	'pt_BR',	'Fiji',	79),
(590,	'pt_BR',	'Finlndia',	80),
(591,	'pt_BR',	'Frana',	81),
(592,	'pt_BR',	'Guiana Francesa',	82),
(593,	'pt_BR',	'Polinsia Francesa',	83),
(594,	'pt_BR',	'Territrios Franceses do Sul',	84),
(595,	'pt_BR',	'Gabo',	85),
(596,	'pt_BR',	'Gmbia',	86),
(597,	'pt_BR',	'Gergia',	87),
(598,	'pt_BR',	'Alemanha',	88),
(599,	'pt_BR',	'Gana',	89),
(600,	'pt_BR',	'Gibraltar',	90),
(601,	'pt_BR',	'Grcia',	91),
(602,	'pt_BR',	'Gronelndia',	92),
(603,	'pt_BR',	'Granada',	93),
(604,	'pt_BR',	'Guadalupe',	94),
(605,	'pt_BR',	'Guam',	95),
(606,	'pt_BR',	'Guatemala',	96),
(607,	'pt_BR',	'Guernsey',	97),
(608,	'pt_BR',	'Guin',	98),
(609,	'pt_BR',	'Guin-Bissau',	99),
(610,	'pt_BR',	'Guiana',	100),
(611,	'pt_BR',	'Haiti',	101),
(612,	'pt_BR',	'Honduras',	102),
(613,	'pt_BR',	'Regio Administrativa Especial de Hong Kong, China',	103),
(614,	'pt_BR',	'Hungria',	104),
(615,	'pt_BR',	'Islndia',	105),
(616,	'pt_BR',	'ndia',	106),
(617,	'pt_BR',	'Indonsia',	107),
(618,	'pt_BR',	'Ir',	108),
(619,	'pt_BR',	'Iraque',	109),
(620,	'pt_BR',	'Irlanda',	110),
(621,	'pt_BR',	'Ilha de Man',	111),
(622,	'pt_BR',	'Israel',	112),
(623,	'pt_BR',	'Itlia',	113),
(624,	'pt_BR',	'Jamaica',	114),
(625,	'pt_BR',	'Japo',	115),
(626,	'pt_BR',	'Jersey',	116),
(627,	'pt_BR',	'Jordnia',	117),
(628,	'pt_BR',	'Cazaquisto',	118),
(629,	'pt_BR',	'Qunia',	119),
(630,	'pt_BR',	'Quiribati',	120),
(631,	'pt_BR',	'Kosovo',	121),
(632,	'pt_BR',	'Kuwait',	122),
(633,	'pt_BR',	'Quirguisto',	123),
(634,	'pt_BR',	'Laos',	124),
(635,	'pt_BR',	'Letnia',	125),
(636,	'pt_BR',	'Lbano',	126),
(637,	'pt_BR',	'Lesoto',	127),
(638,	'pt_BR',	'Libria',	128),
(639,	'pt_BR',	'Lbia',	129),
(640,	'pt_BR',	'Liechtenstein',	130),
(641,	'pt_BR',	'Litunia',	131),
(642,	'pt_BR',	'Luxemburgo',	132),
(643,	'pt_BR',	'Macau SAR China',	133),
(644,	'pt_BR',	'Macednia',	134),
(645,	'pt_BR',	'Madagascar',	135),
(646,	'pt_BR',	'Malawi',	136),
(647,	'pt_BR',	'Malsia',	137),
(648,	'pt_BR',	'Maldivas',	138),
(649,	'pt_BR',	'Mali',	139),
(650,	'pt_BR',	'Malta',	140),
(651,	'pt_BR',	'Ilhas Marshall',	141),
(652,	'pt_BR',	'Martinica',	142),
(653,	'pt_BR',	'Mauritnia',	143),
(654,	'pt_BR',	'Maurcio',	144),
(655,	'pt_BR',	'Maiote',	145),
(656,	'pt_BR',	'Mxico',	146),
(657,	'pt_BR',	'Micronsia',	147),
(658,	'pt_BR',	'Moldvia',	148),
(659,	'pt_BR',	'Mnaco',	149),
(660,	'pt_BR',	'Monglia',	150),
(661,	'pt_BR',	'Montenegro',	151),
(662,	'pt_BR',	'Montserrat',	152),
(663,	'pt_BR',	'Marrocos',	153),
(664,	'pt_BR',	'Moambique',	154),
(665,	'pt_BR',	'Mianmar (Birmnia)',	155),
(666,	'pt_BR',	'Nambia',	156),
(667,	'pt_BR',	'Nauru',	157),
(668,	'pt_BR',	'Nepal',	158),
(669,	'pt_BR',	'Holanda',	159),
(670,	'pt_BR',	'Nova Calednia',	160),
(671,	'pt_BR',	'Nova Zelndia',	161),
(672,	'pt_BR',	'Nicargua',	162),
(673,	'pt_BR',	'Nger',	163),
(674,	'pt_BR',	'Nigria',	164),
(675,	'pt_BR',	'Niue',	165),
(676,	'pt_BR',	'Ilha Norfolk',	166),
(677,	'pt_BR',	'Coria do Norte',	167),
(678,	'pt_BR',	'Ilhas Marianas do Norte',	168),
(679,	'pt_BR',	'Noruega',	169),
(680,	'pt_BR',	'Om',	170),
(681,	'pt_BR',	'Paquisto',	171),
(682,	'pt_BR',	'Palau',	172),
(683,	'pt_BR',	'Territrios Palestinos',	173),
(684,	'pt_BR',	'Panam',	174),
(685,	'pt_BR',	'Papua Nova Guin',	175),
(686,	'pt_BR',	'Paraguai',	176),
(687,	'pt_BR',	'Peru',	177),
(688,	'pt_BR',	'Filipinas',	178),
(689,	'pt_BR',	'Ilhas Pitcairn',	179),
(690,	'pt_BR',	'Polnia',	180),
(691,	'pt_BR',	'Portugal',	181),
(692,	'pt_BR',	'Porto Rico',	182),
(693,	'pt_BR',	'Catar',	183),
(694,	'pt_BR',	'Reunio',	184),
(695,	'pt_BR',	'Romnia',	185),
(696,	'pt_BR',	'Rssia',	186),
(697,	'pt_BR',	'Ruanda',	187),
(698,	'pt_BR',	'Samoa',	188),
(699,	'pt_BR',	'So Marinho',	189),
(700,	'pt_BR',	'So Cristvo e Nevis',	190),
(701,	'pt_BR',	'Arbia Saudita',	191),
(702,	'pt_BR',	'Senegal',	192),
(703,	'pt_BR',	'Srvia',	193),
(704,	'pt_BR',	'Seychelles',	194),
(705,	'pt_BR',	'Serra Leoa',	195),
(706,	'pt_BR',	'Cingapura',	196),
(707,	'pt_BR',	'So Martinho',	197),
(708,	'pt_BR',	'Eslovquia',	198),
(709,	'pt_BR',	'Eslovnia',	199),
(710,	'pt_BR',	'Ilhas Salomo',	200),
(711,	'pt_BR',	'Somlia',	201),
(712,	'pt_BR',	'frica do Sul',	202),
(713,	'pt_BR',	'Ilhas Gergia do Sul e Sandwich do Sul',	203),
(714,	'pt_BR',	'Coria do Sul',	204),
(715,	'pt_BR',	'Sudo do Sul',	205),
(716,	'pt_BR',	'Espanha',	206),
(717,	'pt_BR',	'Sri Lanka',	207),
(718,	'pt_BR',	'So Bartolomeu',	208),
(719,	'pt_BR',	'Santa Helena',	209),
(720,	'pt_BR',	'So Cristvo e Nevis',	210),
(721,	'pt_BR',	'Santa Lcia',	211),
(722,	'pt_BR',	'So Martinho',	212),
(723,	'pt_BR',	'So Pedro e Miquelon',	213),
(724,	'pt_BR',	'So Vicente e Granadinas',	214),
(725,	'pt_BR',	'Sudo',	215),
(726,	'pt_BR',	'Suriname',	216),
(727,	'pt_BR',	'Svalbard e Jan Mayen',	217),
(728,	'pt_BR',	'Suazilndia',	218),
(729,	'pt_BR',	'Sucia',	219),
(730,	'pt_BR',	'Sua',	220),
(731,	'pt_BR',	'Sria',	221),
(732,	'pt_BR',	'Taiwan',	222),
(733,	'pt_BR',	'Tajiquisto',	223),
(734,	'pt_BR',	'Tanznia',	224),
(735,	'pt_BR',	'Tailndia',	225),
(736,	'pt_BR',	'Timor-Leste',	226),
(737,	'pt_BR',	'Togo',	227),
(738,	'pt_BR',	'Tokelau',	228),
(739,	'pt_BR',	'Tonga',	229),
(740,	'pt_BR',	'Trinidad e Tobago',	230),
(741,	'pt_BR',	'Tristan da Cunha',	231),
(742,	'pt_BR',	'Tunsia',	232),
(743,	'pt_BR',	'Turquia',	233),
(744,	'pt_BR',	'Turquemenisto',	234),
(745,	'pt_BR',	'Ilhas Turks e Caicos',	235),
(746,	'pt_BR',	'Tuvalu',	236),
(747,	'pt_BR',	'Ilhas perifricas dos EUA',	237),
(748,	'pt_BR',	'Ilhas Virgens dos EUA',	238),
(749,	'pt_BR',	'Uganda',	239),
(750,	'pt_BR',	'Ucrnia',	240),
(751,	'pt_BR',	'Emirados rabes Unidos',	241),
(752,	'pt_BR',	'Reino Unido',	242),
(753,	'pt_BR',	'Naes Unidas',	243),
(754,	'pt_BR',	'Estados Unidos',	244),
(755,	'pt_BR',	'Uruguai',	245),
(756,	'pt_BR',	'Uzbequisto',	246),
(757,	'pt_BR',	'Vanuatu',	247),
(758,	'pt_BR',	'Cidade do Vaticano',	248),
(759,	'pt_BR',	'Venezuela',	249),
(760,	'pt_BR',	'Vietn',	250),
(761,	'pt_BR',	'Wallis e Futuna',	251),
(762,	'pt_BR',	'Saara Ocidental',	252),
(763,	'pt_BR',	'Imen',	253),
(764,	'pt_BR',	'Zmbia',	254),
(765,	'pt_BR',	'Zimbbue',	255);

DROP TABLE IF EXISTS `currencies`;
CREATE TABLE `currencies` (
  `id` int(10) unsigned NOT NULL AUTO_INCREMENT,
  `code` varchar(191) COLLATE utf8mb4_unicode_ci NOT NULL,
  `name` varchar(191) COLLATE utf8mb4_unicode_ci NOT NULL,
  `created_at` timestamp NULL DEFAULT NULL,
  `updated_at` timestamp NULL DEFAULT NULL,
  `symbol` varchar(191) COLLATE utf8mb4_unicode_ci DEFAULT NULL,
  PRIMARY KEY (`id`)
) ENGINE=InnoDB DEFAULT CHARSET=utf8mb4 COLLATE=utf8mb4_unicode_ci ROW_FORMAT=DYNAMIC;

INSERT INTO `currencies` (`id`, `code`, `name`, `created_at`, `updated_at`, `symbol`) VALUES
(1,	'USD',	'US Dollar',	NULL,	NULL,	NULL),
(2,	'EUR',	'EUR',	'2020-03-19 09:40:41',	'2020-03-19 09:40:41',	''),
(3,	'GBP',	'GBP',	'2020-05-03 13:48:46',	'2020-05-03 13:48:46',	'');

DROP TABLE IF EXISTS `currency_exchange_rates`;
CREATE TABLE `currency_exchange_rates` (
  `id` int(10) unsigned NOT NULL AUTO_INCREMENT,
  `rate` decimal(24,12) NOT NULL,
  `target_currency` int(10) unsigned NOT NULL,
  `created_at` timestamp NULL DEFAULT NULL,
  `updated_at` timestamp NULL DEFAULT NULL,
  PRIMARY KEY (`id`),
  UNIQUE KEY `currency_exchange_rates_target_currency_unique` (`target_currency`),
  CONSTRAINT `currency_exchange_rates_target_currency_foreign` FOREIGN KEY (`target_currency`) REFERENCES `currencies` (`id`) ON DELETE CASCADE
) ENGINE=InnoDB DEFAULT CHARSET=utf8mb4 COLLATE=utf8mb4_unicode_ci ROW_FORMAT=DYNAMIC;


DROP TABLE IF EXISTS `customers`;
CREATE TABLE `customers` (
  `id` int(10) unsigned NOT NULL AUTO_INCREMENT,
  `first_name` varchar(191) COLLATE utf8mb4_unicode_ci NOT NULL,
  `last_name` varchar(191) COLLATE utf8mb4_unicode_ci NOT NULL,
  `gender` varchar(50) COLLATE utf8mb4_unicode_ci DEFAULT NULL,
  `date_of_birth` date DEFAULT NULL,
  `email` varchar(191) COLLATE utf8mb4_unicode_ci NOT NULL,
  `status` tinyint(4) NOT NULL DEFAULT '1',
  `password` varchar(191) COLLATE utf8mb4_unicode_ci NOT NULL,
  `api_token` varchar(80) COLLATE utf8mb4_unicode_ci DEFAULT NULL,
  `customer_group_id` int(10) unsigned DEFAULT NULL,
  `subscribed_to_news_letter` tinyint(1) NOT NULL DEFAULT '0',
  `remember_token` varchar(100) COLLATE utf8mb4_unicode_ci DEFAULT NULL,
  `created_at` timestamp NULL DEFAULT NULL,
  `updated_at` timestamp NULL DEFAULT NULL,
  `is_verified` tinyint(1) NOT NULL DEFAULT '0',
  `token` varchar(191) COLLATE utf8mb4_unicode_ci DEFAULT NULL,
  `notes` text COLLATE utf8mb4_unicode_ci,
  `phone` varchar(191) COLLATE utf8mb4_unicode_ci DEFAULT NULL,
  `business_address` text COLLATE utf8mb4_unicode_ci,
  `phone_number` varchar(191) COLLATE utf8mb4_unicode_ci DEFAULT NULL,
  PRIMARY KEY (`id`),
  UNIQUE KEY `customers_email_unique` (`email`),
  UNIQUE KEY `customers_api_token_unique` (`api_token`),
  KEY `customers_customer_group_id_foreign` (`customer_group_id`),
  CONSTRAINT `customers_customer_group_id_foreign` FOREIGN KEY (`customer_group_id`) REFERENCES `customer_groups` (`id`) ON DELETE SET NULL
) ENGINE=InnoDB DEFAULT CHARSET=utf8mb4 COLLATE=utf8mb4_unicode_ci ROW_FORMAT=DYNAMIC;

INSERT INTO `customers` (`id`, `first_name`, `last_name`, `gender`, `date_of_birth`, `email`, `status`, `password`, `api_token`, `customer_group_id`, `subscribed_to_news_letter`, `remember_token`, `created_at`, `updated_at`, `is_verified`, `token`, `notes`, `phone`, `business_address`, `phone_number`) VALUES
(1,	'sahil',	'kaushal',	NULL,	NULL,	'sahil19311@gmail.com',	1,	'$2y$10$QjKqaBaS1uZMzScvw.j.p.zedX1jUGOw7z0OU9UhKmaK6K04nFjc6',	'MHC2aZqAPPkvfKgA1OK4lYXvjP2vClvhGf9YU9YCfB91tsbXk6KGXiXGaRSQQMNHm187DqgsGyNfogu2',	2,	0,	NULL,	'2020-03-18 11:56:53',	'2020-03-18 11:56:53',	1,	'a539b86fbaf0c2e57ad0d45de1a721e9',	NULL,	NULL,	NULL,	NULL),
(2,	'piyush',	'sharma',	NULL,	NULL,	'psrocks009@gmail.com',	1,	'$2y$10$lvurWFOCZG3L2pIpymbZxOW6aXEH2ewMprUZ1NPyit7nkQQPyG7W6',	'QSW3yu83nrBPSy2ZBi6t82EDxizxKbzOvNOjMnqvyNyaSVpqN1sfwu1Hou412KvO47QyUqs2wAGEIaUq',	2,	0,	NULL,	'2020-03-27 14:29:09',	'2020-03-27 14:29:09',	0,	'd01f4550a1d1e40dd1776d4a64b82452',	NULL,	NULL,	NULL,	NULL),
(3,	'Aman',	'Bhatia',	NULL,	NULL,	'ninja.amigos07@gmail.com',	1,	'$2y$10$9ATLQ3D2QXhig8kN6VeJA.YSXI3WZc5XcI3CESNbwR2/mjb47kp36',	'ejrLHevrrmKS7hcpkHpcQBHu3AsiWKlkSzzyo7VnjTTA74mO6rzqGc2w1xz7mVDgbrPsL2UhB8Jg0s6T',	2,	0,	NULL,	'2020-03-27 14:36:21',	'2020-03-27 14:36:21',	0,	'113613eac17dbe566618bb733a25a3c2',	NULL,	NULL,	NULL,	NULL),
(4,	'Edward',	'Long',	NULL,	NULL,	'edward@gmail.com',	1,	'$2y$10$..Yh.4UKn6QXI0pxuVVM2OB6vbx1Ak.7pIK1h2grAqk7nbYYiR.eS',	'QhGJ1JrszNYkFIZNfQM4T9Z9SiZQY7PewiK4NIzKBQdLVJoE1Tt2JCfollGrSvFnGJDdYXLgDiHJ4IWn',	2,	0,	NULL,	'2020-03-27 16:53:26',	'2020-03-27 16:53:26',	0,	'0b36843870836059d58757efaa35c37a',	NULL,	NULL,	NULL,	NULL),
(5,	'Edward',	'Long',	NULL,	NULL,	'edward.long@nexcosolutions.com',	1,	'$2y$10$13/LSCu1gOx0Jmr26wtB4.Sq4qEbrJFxckIPlwJTY8H5pjAAwyq9m',	'jyBSJ5CNSAE6BxoruiwH6IUTdle085Yf2wPTYOdOgSrBv70MArXJkZXR2QSlLi0vGD4ReKSt2Yvqsmn7',	2,	0,	NULL,	'2020-03-27 20:12:41',	'2020-04-03 17:51:44',	0,	'9877ea6a0aaf4ffca6d574d2ab2e5a9b',	NULL,	NULL,	NULL,	NULL),
(7,	'mehak',	'dhuria',	'Female',	'1988-10-12',	'mehakdhuria1@gmail.com',	1,	'$2y$10$x3fp3N7gsGvvru7cxcBSQu05srBGaGs6BsJ7DcEoz52Xjxm3TRSiK',	'aRB65C1UF8ZgZHHrGPYUQWJnCMypwbONDN6zRDOCJYQeaMuQytQBgHbEGILNfeVWdZc7VrW2yQ34hJ65',	3,	0,	NULL,	'2020-03-28 13:59:39',	'2020-03-28 14:00:56',	0,	'2277955408229fd7de2c7268056e2512',	NULL,	'9988831443',	NULL,	NULL),
(11,	'SAHIL',	'kaushal',	'Male',	'1988-10-10',	'xz@gmail.com',	1,	'$2y$10$dDrDkuIhED/tAV1ztkla0u3djvSMXu1MMMRDjs5oHJxXNq6zGz8au',	'YmIDw9YjQw05AUJPiBuyz4qzZd7JL1H8xeffK2cdx8qds8vdzqfZyt6LOnPTTIH7PWUFKsRzhBzRBZ9U',	2,	0,	NULL,	'2020-03-30 12:54:57',	'2020-03-30 13:05:40',	1,	'3b11a171e0bcdb4fb79fa1d5ca0f639a',	NULL,	'',	NULL,	NULL),
(12,	'SAHIL',	'KAUSHAL',	'Male',	'0000-00-00',	'sahil1931@gmail.com',	1,	'$2y$10$5NrKKQr1Ec43WKpu.Uwz7OlfL9hPja6D70gSEFB.hVj7sXwXehvLW',	'oxue4WQa1wOkhIIkEoHocFTyBPvEl4rsRMNHs6FCnkAfmSnja9YHNVhKLyRI4EiBnYWTsDBG0qyUgMpG',	2,	0,	NULL,	'2020-03-30 13:42:53',	'2020-03-31 05:27:58',	1,	'dc28b5a7aadf7bd04c950cb47db0edb5',	NULL,	'',	NULL,	NULL),
(13,	'sam',	'kaushal',	NULL,	NULL,	'samcustomer@gmail.com',	1,	'$2y$10$Xxs/ex53GJZ083VEl5ZpT.3UudpVPchGCddE4dRSgex2kJME65qi6',	'GGp5HQ55iuOGcWShYLuQJ2VBzInJDTreSCupDu6Y9I314od2sYVOZhScFVPrjzzCYolZmKlXRMOUPWmG',	2,	0,	NULL,	'2020-03-31 06:18:41',	'2020-03-31 06:18:41',	1,	'57c3e182a9061e5241180a7ec33950b0',	NULL,	NULL,	NULL,	NULL),
(14,	'piyush',	'sharma',	NULL,	NULL,	'piyush_sharma91@yahoo.com',	1,	'$2y$10$M9r1GAOfcDjMlsPhy.exBOt5x/mg0tcsf8zlbuUN/Ccepj5tGsbNC',	'nPEFkIdeomGqASL5LrJPAqOTnVrm5wBv4XUH6hxiFGBzKigo3yAdFsKrDmPFMx4vsqNfSH5IrGpRgDnY',	2,	0,	NULL,	'2020-04-03 14:32:33',	'2020-04-03 14:32:33',	1,	'90b62fc74fe6fe4e3f4bd55b820822de',	NULL,	NULL,	NULL,	NULL),
(15,	'Ninja',	'Amigos',	NULL,	NULL,	'amanbht07@gmail.com',	1,	'$2y$10$S03KCbw5BVEVDcCFKXe9geExfY.KjnsAnMMJtkU7lDvak2pp68jZK',	'oJjiqXTa49SfOIGOpdLJqQBiM6AzqIjKKN0DfFENYieovenWT2H0SHRIUhdGcvf1RIG7QxaU2Uw2N7vy',	2,	0,	NULL,	'2020-04-03 15:28:04',	'2020-04-03 15:28:04',	1,	'5a3c00599363b0d71cf60c45db8f478d',	NULL,	NULL,	NULL,	NULL),
(16,	'Ninja',	'Amigos',	NULL,	NULL,	'fish1999@gmail.com',	1,	'$2y$10$Db6jM9IsxathgEaAg0l8JOfDhjPfe/1Wp9tkJ1t/rYtybHqG0rr..',	'8HULG2bi344FxTcWL0iWPQUo8Uq1W6Q6Rb6ung6eZUQR9EuqPNQtVK0gH0hrYlt5eZXBD7w0ySLmFoBW',	2,	0,	NULL,	'2020-04-03 16:13:09',	'2020-04-03 16:13:09',	1,	'76d7eb7308c3389178b6ca5251618263',	NULL,	NULL,	NULL,	NULL),
(17,	'Ninja',	'Amigos',	NULL,	NULL,	'amanbht786@gmail.com',	1,	'$2y$10$biUyggRia6ezfjGZSSZ0ZOmIXzzk.YSmStakYwqhKEocrV3xc3uvm',	'8B1oU3HbJOfMlzz0OXzVtfzBdNZewFzmFmzmepLNl8tvFq8DFaDsNxxfDaOzEuFWnq50yQ2fGLsFTdax',	2,	0,	NULL,	'2020-04-03 16:14:11',	'2020-04-03 16:14:11',	1,	'a58ebbad0ae090017f3501ded08cc62f',	NULL,	NULL,	NULL,	NULL),
(18,	'Ninjaa',	'Amigoss',	NULL,	NULL,	'amanmarket@gmail.com',	1,	'$2y$10$QKmrnEYdH3yxvAGCLkNdGetdj..JBRt2VmSnF.BO7We8qVHoImqHy',	'zGwx9gbZpxpKxIBsvzBiCXV6UUZP3stRK2znNBO1JnASIaMvRjlyLdQFxHGJLWmX5jwryYBNo0zDW1e3',	2,	0,	NULL,	'2020-04-03 16:15:23',	'2020-04-03 16:15:23',	1,	'fb416a125e15996818c3240eda3ad3b5',	NULL,	NULL,	NULL,	NULL),
(19,	'Edward',	'Long',	'Male',	'0000-00-00',	'edward.long10@gmail.com',	1,	'$2y$10$Z.pKmkCsjzuo6grsRip0QuxoUqlXs6Ehc2C0QS09Rz52nKgX9dJU6',	'sMGqPXLCo28ZkXL3b8eiqmeI1YrHPWg9MHEefRifIBZuQDwPMUpWdWrrUTrfYRYbS3ua6FZATYugNBt7',	2,	0,	NULL,	'2020-04-03 17:49:37',	'2020-04-03 21:20:58',	1,	'1ed4a2ec5230bb7d7d4b7b15fe0f1763',	NULL,	'',	NULL,	NULL),
(20,	'John',	'Alexander',	NULL,	NULL,	'edward.long@gmail.com',	1,	'$2y$10$hbM7ezZIplsQdTI7o90dU.Tj8fc.z0F.CpcTFbk7y/YO2ehoJnoeW',	'Fmc0rpF3FlvtGtLRQumBYwE9YwphS4ngKlxuXxBEk7r8taan2fFyIw1UcZbU2wsllbLCPVyLsK3IsY8O',	2,	0,	NULL,	'2020-04-05 16:31:08',	'2020-04-05 16:31:08',	1,	'baf78eb180205f7aa46bcc44ad8348bd',	NULL,	NULL,	NULL,	NULL),
(21,	'second',	'shop',	NULL,	NULL,	'secondshop@gmail.com',	1,	'$2y$10$FeadsuYngZdHytIQTigEiOIe8JQu2F5Ta.8raHRGM4/5qxomkBFSu',	'NnhOgcMx2KwctWCBuDhiZh3xbSUFThob2F7VEzVkKoJwPtzV2Ky3fqRUKkMRimG0zOlklGSFU0rgtdAr',	2,	0,	NULL,	'2020-04-07 17:27:41',	'2020-04-07 17:27:41',	1,	'cc719d783dec65163c56ba1ee532c830',	NULL,	NULL,	NULL,	NULL),
(22,	'third',	'shop',	NULL,	NULL,	'thirdshop@gmail.com',	1,	'$2y$10$PaIpKatwtBdg864Bgm0kZO3A/B3EtS8gXIwdEQ3sDr4FtA.hnYqgK',	'prr2cFWkqezsBzlHe0zo5sNVuth9K1OB99b4wWcyRxRJiyvCH2CEwQcd6FxxvVyVm82Vm2TQPvJ3Lo2F',	2,	0,	NULL,	'2020-04-07 18:21:00',	'2020-04-07 18:21:00',	1,	'e055838bf650c1a839f4689c26ffe53b',	NULL,	NULL,	NULL,	NULL),
(23,	'Ninja',	'Amigos',	NULL,	NULL,	'ninja.amigos007@gmail.com',	1,	'$2y$10$yMiiVY2Dkt7Tfun.OUA51eJzDCxvX1.E.qOyKnRkAmWjWj70g89TC',	'ynTbv3yEeKbAIYWEc7VsABHkTJwdOjq7xuq1PMGCTLvXa8x99orrnWu23qZ3Ism7LD5eNqsivfSFWpnK',	2,	0,	NULL,	'2020-04-10 12:50:58',	'2020-04-10 12:50:58',	1,	'882268aae8293d82b0d1d875417f0205',	NULL,	NULL,	NULL,	NULL),
(24,	'Piyush ',	'Sharma',	NULL,	NULL,	'test@testtest123.com',	1,	'$2y$10$XXs6o1cYa55rvNj3L49Dt.8umy3GETK.cIBa453g404jCHVGgsLli',	'QiqXFL9iRT0SrQs0n5LjvQ9QT9LIuPCOz7hWeowvQDNg6VW5CqxMXfCAEKZVPZdjD50uhkd6s9HChUUN',	2,	0,	NULL,	'2020-04-10 16:05:45',	'2020-04-10 16:05:45',	1,	'4b8e06f98db305c3dd0d89b119ebaf10',	NULL,	NULL,	NULL,	NULL),
(25,	'Edward',	'Long',	NULL,	NULL,	'test@sandysupplier.com',	1,	'$2y$10$8XKV2hIdKBnnNqAa5C.12eaKWEo.f.14nffoeinch/BrgopikAdY.',	'mOQQ7woytXz3yyTJOCyIccPo2xNs1YX5HvEfSFWpRupjTUO45SjPQg6vfKvDzCPhHx2820DSgBbT6fdg',	2,	0,	NULL,	'2020-04-12 19:20:11',	'2020-04-12 19:20:11',	1,	'86b550f9e73e7e3767bec26e1cd5d581',	NULL,	NULL,	NULL,	NULL),
(26,	'Edward',	'Long',	NULL,	NULL,	'test@marrfish2.com',	1,	'$2y$10$o9RhjoRhsEouRBsl38f3BeB1GB0Gmg3s3FTp.PnXYwPeIg16MXN.m',	'2ftJds3A1TwcOA0eWDSonUNLLFTlwXwLJD9cnr7dme0xRixmdnNkQSRQE4GurKuOLZ9VjIawv2YPAjVE',	2,	0,	NULL,	'2020-04-12 21:05:02',	'2020-04-12 21:05:02',	1,	'ba844684af4ba5cf304641d8aae4446c',	NULL,	NULL,	NULL,	NULL),
(27,	'Edward',	'Long',	NULL,	NULL,	'long@nexcosolutions.com',	1,	'$2y$10$jN7A2vYRHAd5/dWkGbK00uCbRjgVkc3KVkV5k4OAoJfWl5zMDzoQu',	'DdcrPnOqB6lxLLmwwDBpdiNB8yHbFjlXxgIVfgn1w84DX89sly7c2cjDmVWTJwy3Q6AffxuoToJeaYCG',	2,	0,	NULL,	'2020-04-12 22:43:21',	'2020-04-12 22:43:21',	1,	'79c7af4884d4ad3c0f0c4826c7310a28',	NULL,	NULL,	NULL,	NULL),
(28,	'Edward',	'Long',	NULL,	NULL,	'test@sandys.com',	1,	'$2y$10$oEU06DCwo2uxXywTRKrTUeaa3BUW9twCQ3N9eXfEn9K4DRnLYo6si',	'A8LU4KGDvU3ujC01Ka4Q5uo0uX8uds24zxNXIO0HZFxpo8BBmM25U7R7s7MvewjR60LPRaY0rKGfNCp6',	2,	0,	NULL,	'2020-04-13 03:45:49',	'2020-04-13 03:45:49',	1,	'ddef8f9970dcf64976cc18236a652e07',	NULL,	NULL,	NULL,	NULL),
(29,	'Edward',	'Long',	NULL,	NULL,	'test@test.com',	1,	'$2y$10$KEpa8lMYkVyvS8HZhdvR/eRKUXE218SMBJpIKdfCgpemaJZCJDTkK',	'7C4UQH2x56TwAI9B0m1tsQAm6FBoVSzGfgqAYUYLxEfa5uBqdhpQgrn91O9qGEoF89cPOJG0uPGw1qii',	2,	0,	NULL,	'2020-04-13 16:39:33',	'2020-04-13 16:39:33',	1,	'5946c8a5a7c5beb6957cb8469c8eb283',	NULL,	NULL,	NULL,	NULL),
(30,	'Edward',	'Long',	NULL,	NULL,	'test123@test.com',	1,	'$2y$10$ed7Z647YF3n9fWG0JjwjNe3Ng5G8xp/HYQ3T2OBZzNs6eRTB/7QyS',	'iI3wl4MiAwDz8HSUEjfEiuQgNFhTYE7LkT1TumvJ0LdLJdeNfnqHXULRAc4NCnxQwMrDlfjuUFSCPi5V',	2,	0,	NULL,	'2020-04-13 16:45:23',	'2020-04-13 16:45:23',	1,	'7a550d5b43de4b16cb2c851c47a7cd03',	NULL,	NULL,	NULL,	NULL),
(31,	'Edward',	'Long',	NULL,	NULL,	'etest@test.com',	1,	'$2y$10$R.1zUtVAG6McgvJaAAaCuu0nJUg.JxmCuZs9Flk49Ngq4OTRtSpoW',	'tvHqgFeyWvBZb69GDA90aDtneFrZ6UAnSfknwn0PEwhZdor9Qb3qaUIWbhhft6zzOtrEugbqT3V1fzm2',	2,	0,	NULL,	'2020-04-13 17:38:05',	'2020-04-13 17:38:05',	1,	'1a4ddbba96b210aa66fee7b1a1080c78',	NULL,	NULL,	NULL,	NULL),
(32,	'Edward',	'Long',	NULL,	NULL,	'shop1@shop.com',	1,	'$2y$10$xmMY3urfLWTKry.0VcYafO.ioUIKzx84mlTBTuXH4WBD52BLL90pi',	'vM2t7aqFPN8qjQDCsBhK2dI6HWJoop6jEBP20X88fSHNVgjIBqj0UElSa8ipl2f3E5vkClPnt0WjwCkx',	2,	0,	NULL,	'2020-04-13 17:52:03',	'2020-04-13 17:52:03',	1,	'fa8d863fb4ca1a7b1b77f73c7bedd7fe',	NULL,	NULL,	NULL,	NULL),
(33,	'Edward',	'Long',	NULL,	NULL,	'testing123@test.com',	1,	'$2y$10$jVLEK5ouWNe8a3QAYGFuYOVRlXdT6ynJ.yyIY.fqDxM7gmwYc2zWG',	'PpTVqrTGvmNAE0USK4PCU3Tm1iM5BwS2aZIeKXFXpNmhTDybATOWirJfzbSLz0QWxt4jvgsfzpy0Auij',	2,	0,	NULL,	'2020-04-13 17:53:14',	'2020-04-13 17:53:14',	1,	'e0030e6670b964d9b598901cab5fb3ec',	NULL,	NULL,	NULL,	NULL),
(34,	'Edward',	'Long',	NULL,	NULL,	'testtest@test.com',	1,	'$2y$10$qTt4b7/hSxZEDe2k1yNfDO7/9jtNBvroAMMMQNgJTPAuXVNSk6GHG',	'gYjETgSag3nbwgiZ7RRlYHW7gj4pzU61IMgYwmHOp0Wu2o6FFOW5Ya3BGnwTuMbA5o8udXA6GWwic2V8',	2,	0,	NULL,	'2020-04-14 22:57:11',	'2020-04-14 22:57:11',	1,	'6ef3d1420b15d9edde517f1f48a8533c',	NULL,	NULL,	NULL,	NULL),
(35,	'Edward',	'Long',	NULL,	NULL,	'testing@test.com',	1,	'$2y$10$9JfvF9Nd5Wa0HrwBoWPLeunU85uDhI3zYai08R1GqVPGobNj9fe/m',	'hqGVV6s2xuOOXulgpAwGdnzNHON8z4gxMIBfKrRidZUtYYDbyIQKbm4DQkmMckEKb0HzCarCzJLTYIPs',	2,	0,	NULL,	'2020-04-15 02:15:27',	'2020-04-15 02:15:27',	1,	'7ee429ee9914a272e0ca8fadde869a41',	NULL,	NULL,	NULL,	NULL),
(36,	'shop',	'name',	'Male',	'0000-00-00',	'shop@gmail.com',	1,	'$2y$10$Z9f4dfYCFEvcfPoqIDGuq.auMURixAL3W1iv.f2S31EymQyIziKMu',	'I9S36Z2evYzu1hIuHQs19nhBTNZqvrCkMcSlJIGPbuYaZ9yHaZWLdqZfMujjPHuoHSlOOpGl8op0XOpK',	2,	0,	NULL,	'2020-04-25 13:03:47',	'2020-05-11 17:32:31',	1,	'bc821398c2c68706b0c04b0dc27270ab',	NULL,	'',	NULL,	NULL),
(37,	'User',	'user',	NULL,	NULL,	'user@gmail.com',	1,	'$2y$10$VqzMahTTgnCypFZbdk.lM.XVsep/ta23XDAmQ9WqyStrV1InO93D6',	'stZwCcaNHqbxqVCi3KMYjxlDbDVSgPqVw62nxahpUXaIRHuUTqAz3X1wNHSVYvA4rif7vG1Grmb7uyja',	2,	0,	NULL,	'2020-05-07 14:31:15',	'2020-05-07 14:31:15',	1,	'2e981d769810a87373ce91536d801e39',	NULL,	NULL,	NULL,	NULL),
(38,	'test',	'test',	NULL,	NULL,	'tests@gmail.com',	1,	'$2y$10$.PxEmy1F5tivii2zgSuR8urwgkOYI/Wk3w1IaW/gRr21ajv.zAJQa',	'JVwvtWZqMSEFmmJs6Zp2g11gv4x8FMP5hfMVJSOBY1SK462HqakGIpaS3bpncDwOthlHfCvc6uge45Kb',	2,	0,	NULL,	'2020-05-07 19:42:04',	'2020-05-07 19:42:04',	1,	'0520bb3e571cbaf0b37cc38f8aef8678',	NULL,	NULL,	NULL,	NULL),
(39,	'test',	'test',	NULL,	NULL,	'test@test1234.com',	1,	'$2y$10$fe9BmYwkiDS/Eq5nIBHx3.8PjzLhBCz89MntFK7CRtiE70FsSluAW',	'vhyyqVmMndhRjaKEmskh9VYJjEpfTJIOu90KT6zS1kVWfHxpBP0z56qGvD3SkW1lAqG36M4y7HjGUhXk',	2,	0,	NULL,	'2020-05-09 17:39:38',	'2020-05-09 17:39:38',	1,	'60040e1cc072ec954a4bda035e717ce9',	NULL,	NULL,	NULL,	NULL),
(40,	'cbusiness',	'-',	NULL,	NULL,	'c@gmail.com',	1,	'$2y$10$vEVQ9FjSEmMFpAR8oYZhqe23UW84gWgkKEW78oc7QkPwYRT873bS6',	'FQATkOXB1utaBKQkW79xyEDDuERyrxOVSGVbf1Jn4cR4WG4J3wMNAOfqUodlRP7loNsc5tDggoFfQHTx',	2,	0,	NULL,	'2020-05-11 01:20:40',	'2020-05-11 01:20:40',	1,	'fa727f9b9545597dfa7787bdc6636879',	NULL,	NULL,	'c address',	'9876543210'),
(41,	'abc',	'-',	NULL,	NULL,	'abc@gmail.com',	1,	'$2y$10$kxcG0b1TUe.WkegdH0XUxufu4KlnZPtCAUJO/6/7nYoY4k9mMMPDy',	'CtHNIVt1nd5ATnRswLB2fs94LvnG14RTBqrUbGvLesLc4WWlpwx1y25l1rxocjjZU5rDBRlxSW8I9cX9',	2,	0,	NULL,	'2020-05-11 12:30:27',	'2020-05-11 12:30:27',	1,	'22be1593d5be2e3242585b3f167eb271',	NULL,	NULL,	'abc business',	'9876543210'),
(42,	'business',	'-',	'Male',	'0000-00-00',	'abc1@gmail.com',	1,	'$2y$10$vvm6LK1gsRAz5WzPotTbKe2By9V63qnqGzXFQ7NRBvI4vaRlWvAOC',	'VsZQO77JZNUno56XJBY5EozzanwXc0QqP9sgCXLTl7hiaWDbvdfAyyJMwbBdbnG2PA47zMtkgTJ3djAd',	3,	0,	NULL,	'2020-05-11 12:31:22',	'2020-05-11 15:30:54',	1,	'89fbba71774301d2275d645878252457',	NULL,	'',	'business address',	'9876543210');

DROP TABLE IF EXISTS `customer_addresses`;
CREATE TABLE `customer_addresses` (
  `id` int(10) unsigned NOT NULL AUTO_INCREMENT,
  `customer_id` int(10) unsigned NOT NULL,
  `company_name` varchar(191) COLLATE utf8mb4_unicode_ci DEFAULT NULL,
  `vat_id` varchar(191) COLLATE utf8mb4_unicode_ci DEFAULT NULL,
  `address1` varchar(191) COLLATE utf8mb4_unicode_ci NOT NULL,
  `address2` varchar(191) COLLATE utf8mb4_unicode_ci DEFAULT NULL,
  `country` varchar(191) COLLATE utf8mb4_unicode_ci NOT NULL,
  `state` varchar(191) COLLATE utf8mb4_unicode_ci NOT NULL,
  `city` varchar(191) COLLATE utf8mb4_unicode_ci NOT NULL,
  `postcode` varchar(191) COLLATE utf8mb4_unicode_ci NOT NULL,
  `phone` varchar(191) COLLATE utf8mb4_unicode_ci NOT NULL,
  `default_address` tinyint(1) NOT NULL DEFAULT '0',
  `first_name` varchar(191) COLLATE utf8mb4_unicode_ci DEFAULT NULL,
  `last_name` varchar(191) COLLATE utf8mb4_unicode_ci DEFAULT NULL,
  `created_at` timestamp NULL DEFAULT NULL,
  `updated_at` timestamp NULL DEFAULT NULL,
  PRIMARY KEY (`id`),
  KEY `customer_addresses_customer_id_foreign` (`customer_id`),
  CONSTRAINT `customer_addresses_customer_id_foreign` FOREIGN KEY (`customer_id`) REFERENCES `customers` (`id`) ON DELETE CASCADE
) ENGINE=InnoDB DEFAULT CHARSET=utf8mb4 COLLATE=utf8mb4_unicode_ci ROW_FORMAT=DYNAMIC;

INSERT INTO `customer_addresses` (`id`, `customer_id`, `company_name`, `vat_id`, `address1`, `address2`, `country`, `state`, `city`, `postcode`, `phone`, `default_address`, `first_name`, `last_name`, `created_at`, `updated_at`) VALUES
(1,	1,	'vqcodes',	NULL,	'amazon',	NULL,	'IN',	'PB',	'kharar',	'140401',	'9988831443',	0,	'sahil',	'kaushal',	'2020-03-23 15:45:09',	'2020-03-23 15:45:09'),
(2,	13,	NULL,	NULL,	'test',	NULL,	'IN',	'punjab',	'mohali',	'140401',	'99883144',	0,	'sam',	'kaushal',	'2020-03-31 06:25:30',	'2020-03-31 06:25:30'),
(3,	14,	NULL,	NULL,	'41',	NULL,	'IN',	'punjab',	'chandi',	'160104',	'999999999',	0,	'piyush',	'sharma',	'2020-04-03 15:39:30',	'2020-04-03 15:39:30'),
(4,	19,	NULL,	NULL,	'Flat 11',	NULL,	'GB',	'UK',	'London',	'Sw208aw',	'07511005891',	0,	'Edward',	'Long',	'2020-04-05 16:21:56',	'2020-04-05 16:21:56'),
(5,	24,	NULL,	NULL,	'w345536et',	NULL,	'AS',	'chandigarh',	'test',	'123123',	'456546767',	0,	'Piyush ',	'Sharma',	'2020-04-10 16:18:39',	'2020-04-10 16:18:39'),
(6,	25,	NULL,	NULL,	'adkfja',	NULL,	'GB',	'UK',	'London',	'sw20',	'01010101011',	0,	'Edward',	'Long',	'2020-04-13 02:33:47',	'2020-04-13 02:33:47');

DROP TABLE IF EXISTS `customer_groups`;
CREATE TABLE `customer_groups` (
  `id` int(10) unsigned NOT NULL AUTO_INCREMENT,
  `name` varchar(191) COLLATE utf8mb4_unicode_ci NOT NULL,
  `is_user_defined` tinyint(1) NOT NULL DEFAULT '1',
  `created_at` timestamp NULL DEFAULT NULL,
  `updated_at` timestamp NULL DEFAULT NULL,
  `code` varchar(191) COLLATE utf8mb4_unicode_ci NOT NULL,
  PRIMARY KEY (`id`),
  UNIQUE KEY `customer_groups_code_unique` (`code`)
) ENGINE=InnoDB DEFAULT CHARSET=utf8mb4 COLLATE=utf8mb4_unicode_ci ROW_FORMAT=DYNAMIC;

INSERT INTO `customer_groups` (`id`, `name`, `is_user_defined`, `created_at`, `updated_at`, `code`) VALUES
(1,	'Guest',	0,	NULL,	NULL,	'guest'),
(2,	'General',	0,	NULL,	NULL,	'general'),
(3,	'Wholesale',	0,	NULL,	NULL,	'wholesale'),
(4,	'new users',	1,	'2020-05-11 15:29:28',	'2020-05-11 15:29:28',	'xyz'),
(5,	'newuser',	1,	'2020-05-11 15:29:40',	'2020-05-11 15:29:40',	'newuser');

DROP TABLE IF EXISTS `customer_password_resets`;
CREATE TABLE `customer_password_resets` (
  `email` varchar(191) COLLATE utf8mb4_unicode_ci NOT NULL,
  `token` varchar(191) COLLATE utf8mb4_unicode_ci NOT NULL,
  `created_at` timestamp NULL DEFAULT NULL,
  KEY `customer_password_resets_email_index` (`email`)
) ENGINE=InnoDB DEFAULT CHARSET=utf8mb4 COLLATE=utf8mb4_unicode_ci ROW_FORMAT=DYNAMIC;


DROP TABLE IF EXISTS `downloadable_link_purchased`;
CREATE TABLE `downloadable_link_purchased` (
  `id` int(10) unsigned NOT NULL AUTO_INCREMENT,
  `product_name` varchar(191) COLLATE utf8mb4_unicode_ci DEFAULT NULL,
  `name` varchar(191) COLLATE utf8mb4_unicode_ci DEFAULT NULL,
  `url` varchar(191) COLLATE utf8mb4_unicode_ci DEFAULT NULL,
  `file` varchar(191) COLLATE utf8mb4_unicode_ci DEFAULT NULL,
  `file_name` varchar(191) COLLATE utf8mb4_unicode_ci DEFAULT NULL,
  `type` varchar(191) COLLATE utf8mb4_unicode_ci NOT NULL,
  `download_bought` int(11) NOT NULL DEFAULT '0',
  `download_used` int(11) NOT NULL DEFAULT '0',
  `status` varchar(191) COLLATE utf8mb4_unicode_ci DEFAULT NULL,
  `customer_id` int(10) unsigned NOT NULL,
  `order_id` int(10) unsigned NOT NULL,
  `order_item_id` int(10) unsigned NOT NULL,
  `created_at` timestamp NULL DEFAULT NULL,
  `updated_at` timestamp NULL DEFAULT NULL,
  PRIMARY KEY (`id`),
  KEY `downloadable_link_purchased_customer_id_foreign` (`customer_id`),
  KEY `downloadable_link_purchased_order_id_foreign` (`order_id`),
  KEY `downloadable_link_purchased_order_item_id_foreign` (`order_item_id`),
  CONSTRAINT `downloadable_link_purchased_customer_id_foreign` FOREIGN KEY (`customer_id`) REFERENCES `customers` (`id`) ON DELETE CASCADE,
  CONSTRAINT `downloadable_link_purchased_order_id_foreign` FOREIGN KEY (`order_id`) REFERENCES `orders` (`id`) ON DELETE CASCADE,
  CONSTRAINT `downloadable_link_purchased_order_item_id_foreign` FOREIGN KEY (`order_item_id`) REFERENCES `order_items` (`id`) ON DELETE CASCADE
) ENGINE=InnoDB DEFAULT CHARSET=utf8mb4 COLLATE=utf8mb4_unicode_ci ROW_FORMAT=DYNAMIC;


DROP TABLE IF EXISTS `inventory_sources`;
CREATE TABLE `inventory_sources` (
  `id` int(10) unsigned NOT NULL AUTO_INCREMENT,
  `code` varchar(191) COLLATE utf8mb4_unicode_ci NOT NULL,
  `name` varchar(191) COLLATE utf8mb4_unicode_ci NOT NULL,
  `description` text COLLATE utf8mb4_unicode_ci,
  `contact_name` varchar(191) COLLATE utf8mb4_unicode_ci NOT NULL,
  `contact_email` varchar(191) COLLATE utf8mb4_unicode_ci NOT NULL,
  `contact_number` varchar(191) COLLATE utf8mb4_unicode_ci NOT NULL,
  `contact_fax` varchar(191) COLLATE utf8mb4_unicode_ci DEFAULT NULL,
  `country` varchar(191) COLLATE utf8mb4_unicode_ci NOT NULL,
  `state` varchar(191) COLLATE utf8mb4_unicode_ci NOT NULL,
  `city` varchar(191) COLLATE utf8mb4_unicode_ci NOT NULL,
  `street` varchar(191) COLLATE utf8mb4_unicode_ci NOT NULL,
  `postcode` varchar(191) COLLATE utf8mb4_unicode_ci NOT NULL,
  `priority` int(11) NOT NULL DEFAULT '0',
  `latitude` decimal(10,5) DEFAULT NULL,
  `longitude` decimal(10,5) DEFAULT NULL,
  `status` tinyint(1) NOT NULL DEFAULT '1',
  `created_at` timestamp NULL DEFAULT NULL,
  `updated_at` timestamp NULL DEFAULT NULL,
  PRIMARY KEY (`id`),
  UNIQUE KEY `inventory_sources_code_unique` (`code`)
) ENGINE=InnoDB DEFAULT CHARSET=utf8mb4 COLLATE=utf8mb4_unicode_ci ROW_FORMAT=DYNAMIC;

INSERT INTO `inventory_sources` (`id`, `code`, `name`, `description`, `contact_name`, `contact_email`, `contact_number`, `contact_fax`, `country`, `state`, `city`, `street`, `postcode`, `priority`, `latitude`, `longitude`, `status`, `created_at`, `updated_at`) VALUES
(1,	'default',	'Default',	NULL,	'Detroit Warehouse',	'warehouse@example.com',	'1234567899',	NULL,	'US',	'MI',	'Detroit',	'12th Street',	'48127',	0,	NULL,	NULL,	1,	NULL,	NULL);

DROP TABLE IF EXISTS `invoices`;
CREATE TABLE `invoices` (
  `id` int(10) unsigned NOT NULL AUTO_INCREMENT,
  `increment_id` varchar(191) COLLATE utf8mb4_unicode_ci DEFAULT NULL,
  `state` varchar(191) COLLATE utf8mb4_unicode_ci DEFAULT NULL,
  `email_sent` tinyint(1) NOT NULL DEFAULT '0',
  `total_qty` int(11) DEFAULT NULL,
  `base_currency_code` varchar(191) COLLATE utf8mb4_unicode_ci DEFAULT NULL,
  `channel_currency_code` varchar(191) COLLATE utf8mb4_unicode_ci DEFAULT NULL,
  `order_currency_code` varchar(191) COLLATE utf8mb4_unicode_ci DEFAULT NULL,
  `sub_total` decimal(12,4) DEFAULT '0.0000',
  `base_sub_total` decimal(12,4) DEFAULT '0.0000',
  `grand_total` decimal(12,4) DEFAULT '0.0000',
  `base_grand_total` decimal(12,4) DEFAULT '0.0000',
  `shipping_amount` decimal(12,4) DEFAULT '0.0000',
  `base_shipping_amount` decimal(12,4) DEFAULT '0.0000',
  `tax_amount` decimal(12,4) DEFAULT '0.0000',
  `base_tax_amount` decimal(12,4) DEFAULT '0.0000',
  `discount_amount` decimal(12,4) DEFAULT '0.0000',
  `base_discount_amount` decimal(12,4) DEFAULT '0.0000',
  `order_id` int(10) unsigned DEFAULT NULL,
  `order_address_id` int(10) unsigned DEFAULT NULL,
  `created_at` timestamp NULL DEFAULT NULL,
  `updated_at` timestamp NULL DEFAULT NULL,
  `transaction_id` varchar(191) COLLATE utf8mb4_unicode_ci DEFAULT NULL,
  PRIMARY KEY (`id`),
  KEY `invoices_order_id_foreign` (`order_id`),
  KEY `invoices_order_address_id_foreign` (`order_address_id`),
  CONSTRAINT `invoices_order_address_id_foreign` FOREIGN KEY (`order_address_id`) REFERENCES `order_address` (`id`) ON DELETE SET NULL,
  CONSTRAINT `invoices_order_id_foreign` FOREIGN KEY (`order_id`) REFERENCES `orders` (`id`) ON DELETE CASCADE
) ENGINE=InnoDB DEFAULT CHARSET=utf8mb4 COLLATE=utf8mb4_unicode_ci ROW_FORMAT=DYNAMIC;

INSERT INTO `invoices` (`id`, `increment_id`, `state`, `email_sent`, `total_qty`, `base_currency_code`, `channel_currency_code`, `order_currency_code`, `sub_total`, `base_sub_total`, `grand_total`, `base_grand_total`, `shipping_amount`, `base_shipping_amount`, `tax_amount`, `base_tax_amount`, `discount_amount`, `base_discount_amount`, `order_id`, `order_address_id`, `created_at`, `updated_at`, `transaction_id`) VALUES
(1,	NULL,	'paid',	0,	1,	'USD',	'USD',	'USD',	9.0000,	9.0000,	9.0000,	9.0000,	0.0000,	0.0000,	0.0000,	0.0000,	0.0000,	0.0000,	1,	2,	'2020-03-23 16:02:05',	'2020-03-23 16:02:05',	NULL),
(2,	NULL,	'paid',	0,	1,	'USD',	'USD',	'USD',	21.0000,	21.0000,	21.0000,	21.0000,	0.0000,	0.0000,	0.0000,	0.0000,	0.0000,	0.0000,	2,	4,	'2020-03-31 06:26:59',	'2020-03-31 06:26:59',	NULL),
(3,	NULL,	'paid',	0,	1,	'USD',	'USD',	'USD',	11.0000,	11.0000,	11.0000,	11.0000,	0.0000,	0.0000,	0.0000,	0.0000,	0.0000,	0.0000,	14,	28,	'2020-04-03 15:43:27',	'2020-04-03 15:43:27',	NULL),
(4,	NULL,	'paid',	0,	2,	'USD',	'USD',	'USD',	22.0000,	22.0000,	22.0000,	22.0000,	0.0000,	0.0000,	0.0000,	0.0000,	0.0000,	0.0000,	15,	30,	'2020-04-03 16:36:26',	'2020-04-03 16:36:26',	NULL),
(5,	NULL,	'paid',	0,	1,	'USD',	'USD',	'USD',	90.0000,	90.0000,	90.0000,	90.0000,	0.0000,	0.0000,	0.0000,	0.0000,	0.0000,	0.0000,	17,	34,	'2020-04-10 16:22:23',	'2020-04-10 16:22:23',	NULL),
(6,	NULL,	'paid',	0,	2,	'USD',	'USD',	'USD',	20.0000,	20.0000,	20.0000,	20.0000,	0.0000,	0.0000,	0.0000,	0.0000,	0.0000,	0.0000,	18,	36,	'2020-04-13 03:05:06',	'2020-04-13 03:05:06',	NULL),
(7,	NULL,	'paid',	0,	2,	'GBP',	'GBP',	'GBP',	18.0000,	18.0000,	18.0000,	18.0000,	0.0000,	0.0000,	0.0000,	0.0000,	0.0000,	0.0000,	19,	38,	'2020-05-11 17:22:46',	'2020-05-11 17:22:46',	NULL);

DROP TABLE IF EXISTS `invoice_items`;
CREATE TABLE `invoice_items` (
  `id` int(10) unsigned NOT NULL AUTO_INCREMENT,
  `name` varchar(191) COLLATE utf8mb4_unicode_ci DEFAULT NULL,
  `description` varchar(191) COLLATE utf8mb4_unicode_ci DEFAULT NULL,
  `sku` varchar(191) COLLATE utf8mb4_unicode_ci DEFAULT NULL,
  `qty` int(11) DEFAULT NULL,
  `price` decimal(12,4) NOT NULL DEFAULT '0.0000',
  `base_price` decimal(12,4) NOT NULL DEFAULT '0.0000',
  `total` decimal(12,4) NOT NULL DEFAULT '0.0000',
  `base_total` decimal(12,4) NOT NULL DEFAULT '0.0000',
  `tax_amount` decimal(12,4) DEFAULT '0.0000',
  `base_tax_amount` decimal(12,4) DEFAULT '0.0000',
  `product_id` int(10) unsigned DEFAULT NULL,
  `product_type` varchar(191) COLLATE utf8mb4_unicode_ci DEFAULT NULL,
  `order_item_id` int(10) unsigned DEFAULT NULL,
  `invoice_id` int(10) unsigned DEFAULT NULL,
  `parent_id` int(10) unsigned DEFAULT NULL,
  `additional` json DEFAULT NULL,
  `created_at` timestamp NULL DEFAULT NULL,
  `updated_at` timestamp NULL DEFAULT NULL,
  `discount_percent` decimal(12,4) DEFAULT '0.0000',
  `discount_amount` decimal(12,4) DEFAULT '0.0000',
  `base_discount_amount` decimal(12,4) DEFAULT '0.0000',
  PRIMARY KEY (`id`),
  KEY `invoice_items_invoice_id_foreign` (`invoice_id`),
  KEY `invoice_items_parent_id_foreign` (`parent_id`),
  CONSTRAINT `invoice_items_invoice_id_foreign` FOREIGN KEY (`invoice_id`) REFERENCES `invoices` (`id`) ON DELETE CASCADE,
  CONSTRAINT `invoice_items_parent_id_foreign` FOREIGN KEY (`parent_id`) REFERENCES `invoice_items` (`id`) ON DELETE CASCADE
) ENGINE=InnoDB DEFAULT CHARSET=utf8mb4 COLLATE=utf8mb4_unicode_ci ROW_FORMAT=DYNAMIC;

INSERT INTO `invoice_items` (`id`, `name`, `description`, `sku`, `qty`, `price`, `base_price`, `total`, `base_total`, `tax_amount`, `base_tax_amount`, `product_id`, `product_type`, `order_item_id`, `invoice_id`, `parent_id`, `additional`, `created_at`, `updated_at`, `discount_percent`, `discount_amount`, `base_discount_amount`) VALUES
(1,	'Fish',	NULL,	'123',	1,	9.0000,	9.0000,	9.0000,	9.0000,	0.0000,	0.0000,	1,	'Webkul\\Product\\Models\\Product',	1,	1,	NULL,	'{\"_token\": \"GXKZN5Ou6qMQLLJa3iWoqxFHxWGdG3XHaMUkFQtt\", \"quantity\": \"1\", \"product_id\": \"1\"}',	'2020-03-23 16:02:05',	'2020-03-23 16:02:05',	0.0000,	0.0000,	0.0000),
(2,	'vegetables',	NULL,	'simple123',	1,	21.0000,	21.0000,	21.0000,	21.0000,	0.0000,	0.0000,	18,	'Webkul\\Product\\Models\\Product',	2,	2,	NULL,	'{\"_token\": \"zGd4Afzl9OaXUQfgjpJ2P6f7BD3udMkMwKUbUl3B\", \"quantity\": \"1\", \"is_buy_now\": \"0\", \"product_id\": \"18\"}',	'2020-03-31 06:26:59',	'2020-03-31 06:26:59',	0.0000,	0.0000,	0.0000),
(3,	'Wild Salmon',	NULL,	'wildsamon6',	1,	11.0000,	11.0000,	11.0000,	11.0000,	0.0000,	0.0000,	11,	'Webkul\\Product\\Models\\Product',	22,	3,	NULL,	'{\"_token\": \"jfb6iZrMPRsrL7TxXa11NgfAaWL6tVRpERoL1Ekm\", \"product\": \"11\", \"quantity\": \"1\", \"seller_info\": {\"is_owner\": \"0\", \"seller_id\": \"6\", \"product_id\": \"6\"}, \"is_configurable\": \"false\"}',	'2020-04-03 15:43:27',	'2020-04-03 15:43:27',	0.0000,	0.0000,	0.0000),
(4,	'Wild Salmon',	NULL,	'wildsamon6',	2,	11.0000,	11.0000,	22.0000,	22.0000,	0.0000,	0.0000,	11,	'Webkul\\Product\\Models\\Product',	23,	4,	NULL,	'{\"_token\": \"jfb6iZrMPRsrL7TxXa11NgfAaWL6tVRpERoL1Ekm\", \"product\": \"11\", \"quantity\": \"1\", \"seller_info\": {\"is_owner\": \"0\", \"seller_id\": \"6\", \"product_id\": \"6\"}, \"is_configurable\": \"false\"}',	'2020-04-03 16:36:26',	'2020-04-03 16:36:26',	0.0000,	0.0000,	0.0000),
(5,	'Table',	NULL,	'oiupi123',	1,	90.0000,	90.0000,	90.0000,	90.0000,	0.0000,	0.0000,	60,	'Webkul\\Product\\Models\\Product',	25,	5,	NULL,	'{\"_token\": \"BlJM1U27cubZSkx08EXOg24SDZr6dWpVnd9axnw0\", \"quantity\": \"1\", \"is_buy_now\": \"0\", \"product_id\": \"60\"}',	'2020-04-10 16:22:23',	'2020-04-10 16:22:23',	0.0000,	0.0000,	0.0000),
(6,	'Cod Cheek',	NULL,	'simple123',	1,	8.0000,	8.0000,	8.0000,	8.0000,	0.0000,	0.0000,	18,	'Webkul\\Product\\Models\\Product',	26,	6,	NULL,	'{\"_token\": \"LXy9aIS9279SZyWBJzFRRkETBb0NQhc18lYuddq4\", \"quantity\": \"1\", \"is_buy_now\": \"0\", \"product_id\": \"18\"}',	'2020-04-13 03:05:06',	'2020-04-13 03:05:06',	0.0000,	0.0000,	0.0000),
(7,	'John Dory',	NULL,	'123jdkf',	1,	12.0000,	12.0000,	12.0000,	12.0000,	0.0000,	0.0000,	63,	'Webkul\\Product\\Models\\Product',	27,	6,	NULL,	'{\"_token\": \"LXy9aIS9279SZyWBJzFRRkETBb0NQhc18lYuddq4\", \"quantity\": \"1\", \"is_buy_now\": \"0\", \"product_id\": \"63\"}',	'2020-04-13 03:05:06',	'2020-04-13 03:05:06',	0.0000,	0.0000,	0.0000),
(8,	'Just Shrimps',	NULL,	'123',	2,	9.0000,	9.0000,	18.0000,	18.0000,	0.0000,	0.0000,	1,	'Webkul\\Product\\Models\\Product',	28,	7,	NULL,	'{\"_token\": \"Fz1qS8SI7IGlCZjkldPrAccWs83rAgJ4ZOJVI3eB\", \"quantity\": 2, \"is_buy_now\": \"0\", \"product_id\": \"1\"}',	'2020-05-11 17:22:46',	'2020-05-11 17:22:46',	0.0000,	0.0000,	0.0000);

DROP TABLE IF EXISTS `locales`;
CREATE TABLE `locales` (
  `id` int(10) unsigned NOT NULL AUTO_INCREMENT,
  `code` varchar(191) COLLATE utf8mb4_unicode_ci NOT NULL,
  `name` varchar(191) COLLATE utf8mb4_unicode_ci NOT NULL,
  `created_at` timestamp NULL DEFAULT NULL,
  `updated_at` timestamp NULL DEFAULT NULL,
  `direction` enum('ltr','rtl') COLLATE utf8mb4_unicode_ci NOT NULL DEFAULT 'ltr',
  `locale_image` text COLLATE utf8mb4_unicode_ci,
  PRIMARY KEY (`id`),
  UNIQUE KEY `locales_code_unique` (`code`)
) ENGINE=InnoDB DEFAULT CHARSET=utf8mb4 COLLATE=utf8mb4_unicode_ci ROW_FORMAT=DYNAMIC;

INSERT INTO `locales` (`id`, `code`, `name`, `created_at`, `updated_at`, `direction`, `locale_image`) VALUES
(1,	'en',	'English',	NULL,	NULL,	'ltr',	NULL);

DROP TABLE IF EXISTS `marketplace_bulkupload_admin_dataflowprofile`;
CREATE TABLE `marketplace_bulkupload_admin_dataflowprofile` (
  `id` int(10) unsigned NOT NULL AUTO_INCREMENT,
  `profile_name` varchar(191) COLLATE utf8mb4_unicode_ci NOT NULL,
  `attribute_family_id` int(10) unsigned NOT NULL,
  `seller_id` varchar(191) COLLATE utf8mb4_unicode_ci NOT NULL,
  `created_at` timestamp NULL DEFAULT NULL,
  `updated_at` timestamp NULL DEFAULT NULL,
  PRIMARY KEY (`id`),
  KEY `mp_bulkupload_admin_foreign_attribute_family_id` (`attribute_family_id`),
  CONSTRAINT `mp_bulkupload_admin_foreign_attribute_family_id` FOREIGN KEY (`attribute_family_id`) REFERENCES `attribute_families` (`id`) ON DELETE CASCADE
) ENGINE=InnoDB DEFAULT CHARSET=utf8mb4 COLLATE=utf8mb4_unicode_ci ROW_FORMAT=DYNAMIC;


DROP TABLE IF EXISTS `marketplace_bulkupload_dataflowprofile`;
CREATE TABLE `marketplace_bulkupload_dataflowprofile` (
  `id` int(10) unsigned NOT NULL AUTO_INCREMENT,
  `profile_name` varchar(191) COLLATE utf8mb4_unicode_ci NOT NULL,
  `attribute_family_id` int(10) unsigned NOT NULL,
  `is_seller` tinyint(1) NOT NULL DEFAULT '0',
  `run_status` tinyint(1) NOT NULL DEFAULT '0',
  `seller_id` varchar(191) COLLATE utf8mb4_unicode_ci NOT NULL,
  `created_at` timestamp NULL DEFAULT NULL,
  `updated_at` timestamp NULL DEFAULT NULL,
  PRIMARY KEY (`id`),
  KEY `mp_bulkupload_foreign_attribute_family_id` (`attribute_family_id`),
  CONSTRAINT `mp_bulkupload_foreign_attribute_family_id` FOREIGN KEY (`attribute_family_id`) REFERENCES `attribute_families` (`id`) ON DELETE CASCADE
) ENGINE=InnoDB DEFAULT CHARSET=utf8mb4 COLLATE=utf8mb4_unicode_ci ROW_FORMAT=DYNAMIC;

INSERT INTO `marketplace_bulkupload_dataflowprofile` (`id`, `profile_name`, `attribute_family_id`, `is_seller`, `run_status`, `seller_id`, `created_at`, `updated_at`) VALUES
(1,	'Test',	1,	0,	0,	'admin',	'2020-04-10 13:30:15',	'2020-04-10 13:30:15'),
(2,	'newprofile',	1,	0,	0,	'admin',	'2020-04-10 13:34:18',	'2020-04-10 13:34:18'),
(3,	'checknew',	1,	0,	0,	'admin',	'2020-04-10 13:39:31',	'2020-04-10 13:39:31'),
(4,	'Edward\'s shop',	1,	0,	1,	'admin',	'2020-04-10 15:46:39',	'2020-04-10 15:48:50'),
(5,	'Shoes',	1,	0,	0,	'admin',	'2020-05-12 14:21:42',	'2020-05-12 14:21:42');

DROP TABLE IF EXISTS `marketplace_import_new_products`;
CREATE TABLE `marketplace_import_new_products` (
  `id` int(10) unsigned NOT NULL AUTO_INCREMENT,
  `customer_id` varchar(191) COLLATE utf8mb4_unicode_ci NOT NULL,
  `attribute_family_id` int(10) unsigned NOT NULL,
  `file_path` varchar(191) COLLATE utf8mb4_unicode_ci NOT NULL,
  `image_path` varchar(191) COLLATE utf8mb4_unicode_ci NOT NULL,
  `data_flow_profile_id` int(10) unsigned NOT NULL,
  `created_at` timestamp NULL DEFAULT NULL,
  `updated_at` timestamp NULL DEFAULT NULL,
  PRIMARY KEY (`id`),
  KEY `mp_import_foreign_attribute_family_id` (`attribute_family_id`),
  KEY `marketplace_import_new_products_data_flow_profile_id_foreign` (`data_flow_profile_id`),
  CONSTRAINT `marketplace_import_new_products_data_flow_profile_id_foreign` FOREIGN KEY (`data_flow_profile_id`) REFERENCES `marketplace_bulkupload_dataflowprofile` (`id`) ON DELETE CASCADE,
  CONSTRAINT `mp_import_foreign_attribute_family_id` FOREIGN KEY (`attribute_family_id`) REFERENCES `attribute_families` (`id`) ON DELETE CASCADE
) ENGINE=InnoDB DEFAULT CHARSET=utf8mb4 COLLATE=utf8mb4_unicode_ci ROW_FORMAT=DYNAMIC;


DROP TABLE IF EXISTS `marketplace_import_new_products_by_admin`;
CREATE TABLE `marketplace_import_new_products_by_admin` (
  `id` int(10) unsigned NOT NULL AUTO_INCREMENT,
  `customer_id` varchar(191) COLLATE utf8mb4_unicode_ci NOT NULL,
  `attribute_family_id` int(10) unsigned NOT NULL,
  `data_flow_profile_id` int(10) unsigned NOT NULL,
  `file_path` varchar(191) COLLATE utf8mb4_unicode_ci NOT NULL,
  `image_path` varchar(191) COLLATE utf8mb4_unicode_ci NOT NULL,
  `created_at` timestamp NULL DEFAULT NULL,
  `updated_at` timestamp NULL DEFAULT NULL,
  PRIMARY KEY (`id`),
  KEY `mp_import_admin_foreign_attribute_family_id` (`attribute_family_id`),
  KEY `mp_import_admin_foreign_data_flow_profile_id` (`data_flow_profile_id`),
  CONSTRAINT `mp_import_admin_foreign_attribute_family_id` FOREIGN KEY (`attribute_family_id`) REFERENCES `attribute_families` (`id`) ON DELETE CASCADE,
  CONSTRAINT `mp_import_admin_foreign_data_flow_profile_id` FOREIGN KEY (`data_flow_profile_id`) REFERENCES `marketplace_bulkupload_dataflowprofile` (`id`) ON DELETE CASCADE
) ENGINE=InnoDB DEFAULT CHARSET=utf8mb4 COLLATE=utf8mb4_unicode_ci ROW_FORMAT=DYNAMIC;

INSERT INTO `marketplace_import_new_products_by_admin` (`id`, `customer_id`, `attribute_family_id`, `data_flow_profile_id`, `file_path`, `image_path`, `created_at`, `updated_at`) VALUES
(1,	'19',	1,	1,	'imported-products/admin/files/5e902cdfd54d6.csv',	'',	'2020-04-10 13:52:55',	'2020-04-10 13:52:55'),
(2,	'0',	1,	4,	'imported-products/admin/files/5e9047ff842c7.csv',	'',	'2020-04-10 15:48:39',	'2020-04-10 15:48:39');

DROP TABLE IF EXISTS `marketplace_invoices`;
CREATE TABLE `marketplace_invoices` (
  `id` int(10) unsigned NOT NULL AUTO_INCREMENT,
  `state` varchar(191) COLLATE utf8mb4_unicode_ci DEFAULT NULL,
  `email_sent` tinyint(1) NOT NULL DEFAULT '0',
  `total_qty` int(11) DEFAULT NULL,
  `sub_total` decimal(12,4) DEFAULT '0.0000',
  `base_sub_total` decimal(12,4) DEFAULT '0.0000',
  `grand_total` decimal(12,4) DEFAULT '0.0000',
  `base_grand_total` decimal(12,4) DEFAULT '0.0000',
  `shipping_amount` decimal(12,4) DEFAULT '0.0000',
  `base_shipping_amount` decimal(12,4) DEFAULT '0.0000',
  `tax_amount` decimal(12,4) DEFAULT '0.0000',
  `base_tax_amount` decimal(12,4) DEFAULT '0.0000',
  `discount_amount` decimal(12,4) DEFAULT '0.0000',
  `base_discount_amount` decimal(12,4) DEFAULT '0.0000',
  `invoice_id` int(10) unsigned NOT NULL,
  `marketplace_order_id` int(10) unsigned NOT NULL,
  `created_at` timestamp NULL DEFAULT NULL,
  `updated_at` timestamp NULL DEFAULT NULL,
  PRIMARY KEY (`id`),
  KEY `marketplace_invoices_invoice_id_foreign` (`invoice_id`),
  KEY `marketplace_invoices_marketplace_order_id_foreign` (`marketplace_order_id`),
  CONSTRAINT `marketplace_invoices_invoice_id_foreign` FOREIGN KEY (`invoice_id`) REFERENCES `invoices` (`id`) ON DELETE CASCADE,
  CONSTRAINT `marketplace_invoices_marketplace_order_id_foreign` FOREIGN KEY (`marketplace_order_id`) REFERENCES `marketplace_orders` (`id`) ON DELETE CASCADE
) ENGINE=InnoDB DEFAULT CHARSET=utf8mb4 COLLATE=utf8mb4_unicode_ci ROW_FORMAT=DYNAMIC;

INSERT INTO `marketplace_invoices` (`id`, `state`, `email_sent`, `total_qty`, `sub_total`, `base_sub_total`, `grand_total`, `base_grand_total`, `shipping_amount`, `base_shipping_amount`, `tax_amount`, `base_tax_amount`, `discount_amount`, `base_discount_amount`, `invoice_id`, `marketplace_order_id`, `created_at`, `updated_at`) VALUES
(5,	'paid',	0,	1,	12.0000,	12.0000,	12.0000,	12.0000,	0.0000,	0.0000,	0.0000,	0.0000,	0.0000,	0.0000,	6,	7,	'2020-04-13 03:05:08',	'2020-04-13 03:05:08');

DROP TABLE IF EXISTS `marketplace_invoice_items`;
CREATE TABLE `marketplace_invoice_items` (
  `id` int(10) unsigned NOT NULL AUTO_INCREMENT,
  `marketplace_invoice_id` int(10) unsigned NOT NULL,
  `invoice_item_id` int(10) unsigned NOT NULL,
  PRIMARY KEY (`id`),
  KEY `marketplace_invoice_items_marketplace_invoice_id_foreign` (`marketplace_invoice_id`),
  KEY `marketplace_invoice_items_invoice_item_id_foreign` (`invoice_item_id`),
  CONSTRAINT `marketplace_invoice_items_invoice_item_id_foreign` FOREIGN KEY (`invoice_item_id`) REFERENCES `invoice_items` (`id`) ON DELETE CASCADE,
  CONSTRAINT `marketplace_invoice_items_marketplace_invoice_id_foreign` FOREIGN KEY (`marketplace_invoice_id`) REFERENCES `marketplace_invoices` (`id`) ON DELETE CASCADE
) ENGINE=InnoDB DEFAULT CHARSET=utf8mb4 COLLATE=utf8mb4_unicode_ci ROW_FORMAT=DYNAMIC;

INSERT INTO `marketplace_invoice_items` (`id`, `marketplace_invoice_id`, `invoice_item_id`) VALUES
(5,	5,	7);

DROP TABLE IF EXISTS `marketplace_orders`;
CREATE TABLE `marketplace_orders` (
  `id` int(10) unsigned NOT NULL AUTO_INCREMENT,
  `status` varchar(191) COLLATE utf8mb4_unicode_ci DEFAULT NULL,
  `is_withdrawal_requested` tinyint(1) NOT NULL DEFAULT '0',
  `seller_payout_status` varchar(191) COLLATE utf8mb4_unicode_ci DEFAULT NULL,
  `commission_percentage` decimal(12,4) DEFAULT '0.0000',
  `commission` decimal(12,4) DEFAULT '0.0000',
  `base_commission` decimal(12,4) DEFAULT '0.0000',
  `commission_invoiced` decimal(12,4) DEFAULT '0.0000',
  `base_commission_invoiced` decimal(12,4) DEFAULT '0.0000',
  `seller_total` decimal(12,4) DEFAULT '0.0000',
  `base_seller_total` decimal(12,4) DEFAULT '0.0000',
  `seller_total_invoiced` decimal(12,4) DEFAULT '0.0000',
  `base_seller_total_invoiced` decimal(12,4) DEFAULT '0.0000',
  `total_item_count` int(11) DEFAULT NULL,
  `total_qty_ordered` int(11) DEFAULT NULL,
  `grand_total` decimal(12,4) DEFAULT '0.0000',
  `base_grand_total` decimal(12,4) DEFAULT '0.0000',
  `grand_total_invoiced` decimal(12,4) DEFAULT '0.0000',
  `base_grand_total_invoiced` decimal(12,4) DEFAULT '0.0000',
  `grand_total_refunded` decimal(12,4) DEFAULT '0.0000',
  `base_grand_total_refunded` decimal(12,4) DEFAULT '0.0000',
  `sub_total` decimal(12,4) DEFAULT '0.0000',
  `base_sub_total` decimal(12,4) DEFAULT '0.0000',
  `sub_total_invoiced` decimal(12,4) DEFAULT '0.0000',
  `base_sub_total_invoiced` decimal(12,4) DEFAULT '0.0000',
  `sub_total_refunded` decimal(12,4) DEFAULT '0.0000',
  `base_sub_total_refunded` decimal(12,4) DEFAULT '0.0000',
  `discount_percent` decimal(12,4) DEFAULT '0.0000',
  `discount_amount` decimal(12,4) DEFAULT '0.0000',
  `base_discount_amount` decimal(12,4) DEFAULT '0.0000',
  `discount_amount_invoiced` decimal(12,4) DEFAULT '0.0000',
  `base_discount_amount_invoiced` decimal(12,4) DEFAULT '0.0000',
  `discount_refunded` decimal(12,4) DEFAULT '0.0000',
  `base_discount_refunded` decimal(12,4) DEFAULT '0.0000',
  `tax_amount` decimal(12,4) DEFAULT '0.0000',
  `base_tax_amount` decimal(12,4) DEFAULT '0.0000',
  `tax_amount_invoiced` decimal(12,4) DEFAULT '0.0000',
  `base_tax_amount_invoiced` decimal(12,4) DEFAULT '0.0000',
  `tax_amount_refunded` decimal(12,4) DEFAULT '0.0000',
  `base_tax_amount_refunded` decimal(12,4) DEFAULT '0.0000',
  `shipping_amount` decimal(12,4) DEFAULT '0.0000',
  `base_shipping_amount` decimal(12,4) DEFAULT '0.0000',
  `shipping_invoiced` decimal(12,4) DEFAULT '0.0000',
  `base_shipping_invoiced` decimal(12,4) DEFAULT '0.0000',
  `shipping_refunded` decimal(12,4) DEFAULT '0.0000',
  `base_shipping_refunded` decimal(12,4) DEFAULT '0.0000',
  `marketplace_seller_id` int(10) unsigned NOT NULL,
  `order_id` int(10) unsigned NOT NULL,
  `created_at` timestamp NULL DEFAULT NULL,
  `updated_at` timestamp NULL DEFAULT NULL,
  PRIMARY KEY (`id`),
  UNIQUE KEY `marketplace_orders_marketplace_seller_id_order_id_unique` (`marketplace_seller_id`,`order_id`),
  KEY `marketplace_orders_order_id_foreign` (`order_id`),
  CONSTRAINT `marketplace_orders_marketplace_seller_id_foreign` FOREIGN KEY (`marketplace_seller_id`) REFERENCES `marketplace_sellers` (`id`) ON DELETE CASCADE,
  CONSTRAINT `marketplace_orders_order_id_foreign` FOREIGN KEY (`order_id`) REFERENCES `orders` (`id`) ON DELETE CASCADE
) ENGINE=InnoDB DEFAULT CHARSET=utf8mb4 COLLATE=utf8mb4_unicode_ci ROW_FORMAT=DYNAMIC;

INSERT INTO `marketplace_orders` (`id`, `status`, `is_withdrawal_requested`, `seller_payout_status`, `commission_percentage`, `commission`, `base_commission`, `commission_invoiced`, `base_commission_invoiced`, `seller_total`, `base_seller_total`, `seller_total_invoiced`, `base_seller_total_invoiced`, `total_item_count`, `total_qty_ordered`, `grand_total`, `base_grand_total`, `grand_total_invoiced`, `base_grand_total_invoiced`, `grand_total_refunded`, `base_grand_total_refunded`, `sub_total`, `base_sub_total`, `sub_total_invoiced`, `base_sub_total_invoiced`, `sub_total_refunded`, `base_sub_total_refunded`, `discount_percent`, `discount_amount`, `base_discount_amount`, `discount_amount_invoiced`, `base_discount_amount_invoiced`, `discount_refunded`, `base_discount_refunded`, `tax_amount`, `base_tax_amount`, `tax_amount_invoiced`, `base_tax_amount_invoiced`, `tax_amount_refunded`, `base_tax_amount_refunded`, `shipping_amount`, `base_shipping_amount`, `shipping_invoiced`, `base_shipping_invoiced`, `shipping_refunded`, `base_shipping_refunded`, `marketplace_seller_id`, `order_id`, `created_at`, `updated_at`) VALUES
(7,	'completed',	0,	'pending',	10.0000,	1.2000,	1.2000,	1.2000,	1.2000,	10.8000,	10.8000,	10.8000,	10.8000,	1,	1,	12.0000,	12.0000,	12.0000,	12.0000,	0.0000,	0.0000,	12.0000,	12.0000,	12.0000,	12.0000,	0.0000,	0.0000,	0.0000,	0.0000,	0.0000,	0.0000,	0.0000,	0.0000,	0.0000,	0.0000,	0.0000,	0.0000,	0.0000,	0.0000,	0.0000,	0.0000,	0.0000,	0.0000,	0.0000,	0.0000,	0.0000,	18,	18,	'2020-04-13 02:35:50',	'2020-04-13 03:05:08');

DROP TABLE IF EXISTS `marketplace_order_items`;
CREATE TABLE `marketplace_order_items` (
  `id` int(10) unsigned NOT NULL AUTO_INCREMENT,
  `commission` decimal(12,4) DEFAULT '0.0000',
  `base_commission` decimal(12,4) DEFAULT '0.0000',
  `commission_invoiced` decimal(12,4) DEFAULT '0.0000',
  `base_commission_invoiced` decimal(12,4) DEFAULT '0.0000',
  `seller_total` decimal(12,4) DEFAULT '0.0000',
  `base_seller_total` decimal(12,4) DEFAULT '0.0000',
  `seller_total_invoiced` decimal(12,4) DEFAULT '0.0000',
  `base_seller_total_invoiced` decimal(12,4) DEFAULT '0.0000',
  `order_item_id` int(10) unsigned NOT NULL,
  `marketplace_product_id` int(10) unsigned DEFAULT NULL,
  `marketplace_order_id` int(10) unsigned NOT NULL,
  `parent_id` int(10) unsigned DEFAULT NULL,
  PRIMARY KEY (`id`),
  KEY `marketplace_order_items_order_item_id_foreign` (`order_item_id`),
  KEY `marketplace_order_items_marketplace_product_id_foreign` (`marketplace_product_id`),
  KEY `marketplace_order_items_marketplace_order_id_foreign` (`marketplace_order_id`),
  KEY `marketplace_order_items_parent_id_foreign` (`parent_id`),
  CONSTRAINT `marketplace_order_items_marketplace_order_id_foreign` FOREIGN KEY (`marketplace_order_id`) REFERENCES `marketplace_orders` (`id`) ON DELETE CASCADE,
  CONSTRAINT `marketplace_order_items_marketplace_product_id_foreign` FOREIGN KEY (`marketplace_product_id`) REFERENCES `marketplace_products` (`id`) ON DELETE SET NULL,
  CONSTRAINT `marketplace_order_items_order_item_id_foreign` FOREIGN KEY (`order_item_id`) REFERENCES `order_items` (`id`) ON DELETE CASCADE,
  CONSTRAINT `marketplace_order_items_parent_id_foreign` FOREIGN KEY (`parent_id`) REFERENCES `marketplace_order_items` (`id`) ON DELETE CASCADE
) ENGINE=InnoDB DEFAULT CHARSET=utf8mb4 COLLATE=utf8mb4_unicode_ci ROW_FORMAT=DYNAMIC;

INSERT INTO `marketplace_order_items` (`id`, `commission`, `base_commission`, `commission_invoiced`, `base_commission_invoiced`, `seller_total`, `base_seller_total`, `seller_total_invoiced`, `base_seller_total_invoiced`, `order_item_id`, `marketplace_product_id`, `marketplace_order_id`, `parent_id`) VALUES
(8,	1.2000,	1.2000,	1.2000,	1.2000,	10.8000,	10.8000,	10.8000,	10.8000,	27,	17,	7,	NULL);

DROP TABLE IF EXISTS `marketplace_products`;
CREATE TABLE `marketplace_products` (
  `id` int(10) unsigned NOT NULL AUTO_INCREMENT,
  `condition` varchar(191) COLLATE utf8mb4_unicode_ci DEFAULT NULL,
  `price` double NOT NULL DEFAULT '0',
  `description` text COLLATE utf8mb4_unicode_ci,
  `is_approved` tinyint(1) DEFAULT NULL,
  `is_owner` tinyint(1) NOT NULL DEFAULT '0',
  `parent_id` int(10) unsigned DEFAULT NULL,
  `product_id` int(10) unsigned NOT NULL,
  `marketplace_seller_id` int(10) unsigned NOT NULL,
  `created_at` timestamp NULL DEFAULT NULL,
  `updated_at` timestamp NULL DEFAULT NULL,
  PRIMARY KEY (`id`),
  UNIQUE KEY `marketplace_products_marketplace_seller_id_product_id_unique` (`marketplace_seller_id`,`product_id`),
  KEY `marketplace_products_product_id_foreign` (`product_id`),
  KEY `marketplace_products_parent_id_foreign` (`parent_id`),
  CONSTRAINT `marketplace_products_marketplace_seller_id_foreign` FOREIGN KEY (`marketplace_seller_id`) REFERENCES `marketplace_sellers` (`id`) ON DELETE CASCADE,
  CONSTRAINT `marketplace_products_parent_id_foreign` FOREIGN KEY (`parent_id`) REFERENCES `marketplace_products` (`id`) ON DELETE CASCADE,
  CONSTRAINT `marketplace_products_product_id_foreign` FOREIGN KEY (`product_id`) REFERENCES `products` (`id`) ON DELETE CASCADE
) ENGINE=InnoDB DEFAULT CHARSET=utf8mb4 COLLATE=utf8mb4_unicode_ci ROW_FORMAT=DYNAMIC;

INSERT INTO `marketplace_products` (`id`, `condition`, `price`, `description`, `is_approved`, `is_owner`, `parent_id`, `product_id`, `marketplace_seller_id`, `created_at`, `updated_at`) VALUES
(16,	'new',	9,	'Fresh Coley',	1,	0,	NULL,	23,	18,	'2020-04-12 21:15:02',	'2020-04-12 21:15:02'),
(17,	NULL,	0,	NULL,	1,	1,	NULL,	63,	18,	'2020-04-12 22:15:00',	'2020-04-12 22:15:00'),
(18,	NULL,	0,	NULL,	1,	1,	NULL,	64,	18,	'2020-04-13 03:17:20',	'2020-04-13 03:17:20'),
(19,	NULL,	0,	NULL,	1,	1,	NULL,	65,	19,	'2020-04-13 03:47:43',	'2020-04-13 03:47:43'),
(22,	NULL,	0,	NULL,	1,	1,	NULL,	68,	27,	'2020-04-25 13:05:17',	'2020-04-25 13:05:17'),
(23,	NULL,	0,	NULL,	1,	1,	NULL,	69,	16,	'2020-04-28 16:57:00',	'2020-04-28 16:57:00'),
(24,	NULL,	0,	NULL,	1,	1,	NULL,	70,	27,	'2020-05-03 11:56:07',	'2020-05-03 11:56:07'),
(25,	NULL,	0,	NULL,	1,	1,	NULL,	73,	27,	'2020-05-03 14:23:39',	'2020-05-03 14:23:39'),
(26,	NULL,	0,	NULL,	1,	1,	NULL,	74,	27,	'2020-05-03 15:06:43',	'2020-05-03 15:06:43'),
(27,	NULL,	0,	NULL,	1,	1,	NULL,	76,	27,	'2020-05-05 10:41:27',	'2020-05-05 10:41:27'),
(28,	NULL,	0,	NULL,	1,	1,	NULL,	80,	27,	'2020-05-08 14:12:34',	'2020-05-08 14:12:34'),
(29,	NULL,	0,	NULL,	1,	1,	NULL,	81,	29,	'2020-05-11 12:32:47',	'2020-05-11 12:32:47'),
(30,	NULL,	0,	NULL,	1,	1,	NULL,	82,	27,	'2020-05-11 17:24:23',	'2020-05-11 17:24:23');

DROP TABLE IF EXISTS `marketplace_product_images`;
CREATE TABLE `marketplace_product_images` (
  `id` int(10) unsigned NOT NULL AUTO_INCREMENT,
  `type` varchar(191) COLLATE utf8mb4_unicode_ci DEFAULT NULL,
  `path` varchar(191) COLLATE utf8mb4_unicode_ci NOT NULL,
  `marketplace_product_id` int(10) unsigned NOT NULL,
  `created_at` timestamp NULL DEFAULT NULL,
  `updated_at` timestamp NULL DEFAULT NULL,
  PRIMARY KEY (`id`),
  KEY `marketplace_product_images_marketplace_product_id_foreign` (`marketplace_product_id`),
  CONSTRAINT `marketplace_product_images_marketplace_product_id_foreign` FOREIGN KEY (`marketplace_product_id`) REFERENCES `marketplace_products` (`id`) ON DELETE CASCADE
) ENGINE=InnoDB DEFAULT CHARSET=utf8mb4 COLLATE=utf8mb4_unicode_ci ROW_FORMAT=DYNAMIC;

INSERT INTO `marketplace_product_images` (`id`, `type`, `path`, `marketplace_product_id`, `created_at`, `updated_at`) VALUES
(3,	NULL,	'assign-product/16/5K8EQdKZVygGR31x8koJe8UKmGSZlgKsZntlwOOY.jpeg',	16,	NULL,	NULL);

DROP TABLE IF EXISTS `marketplace_refunds`;
CREATE TABLE `marketplace_refunds` (
  `id` int(10) unsigned NOT NULL AUTO_INCREMENT,
  `increment_id` varchar(191) COLLATE utf8mb4_unicode_ci DEFAULT NULL,
  `state` varchar(191) COLLATE utf8mb4_unicode_ci DEFAULT NULL,
  `email_sent` tinyint(1) NOT NULL DEFAULT '0',
  `total_qty` int(11) DEFAULT NULL,
  `adjustment_refund` decimal(12,4) DEFAULT '0.0000',
  `base_adjustment_refund` decimal(12,4) DEFAULT '0.0000',
  `adjustment_fee` decimal(12,4) DEFAULT '0.0000',
  `base_adjustment_fee` decimal(12,4) DEFAULT '0.0000',
  `sub_total` decimal(12,4) DEFAULT '0.0000',
  `base_sub_total` decimal(12,4) DEFAULT '0.0000',
  `grand_total` decimal(12,4) DEFAULT '0.0000',
  `base_grand_total` decimal(12,4) DEFAULT '0.0000',
  `shipping_amount` decimal(12,4) DEFAULT '0.0000',
  `base_shipping_amount` decimal(12,4) DEFAULT '0.0000',
  `tax_amount` decimal(12,4) DEFAULT '0.0000',
  `base_tax_amount` decimal(12,4) DEFAULT '0.0000',
  `discount_percent` decimal(12,4) DEFAULT '0.0000',
  `discount_amount` decimal(12,4) DEFAULT '0.0000',
  `base_discount_amount` decimal(12,4) DEFAULT '0.0000',
  `refund_id` int(10) unsigned DEFAULT NULL,
  `marketplace_order_id` int(10) unsigned DEFAULT NULL,
  `created_at` timestamp NULL DEFAULT NULL,
  `updated_at` timestamp NULL DEFAULT NULL,
  PRIMARY KEY (`id`),
  KEY `marketplace_refunds_refund_id_foreign` (`refund_id`),
  KEY `marketplace_refunds_marketplace_order_id_foreign` (`marketplace_order_id`),
  CONSTRAINT `marketplace_refunds_marketplace_order_id_foreign` FOREIGN KEY (`marketplace_order_id`) REFERENCES `marketplace_orders` (`id`) ON DELETE CASCADE,
  CONSTRAINT `marketplace_refunds_refund_id_foreign` FOREIGN KEY (`refund_id`) REFERENCES `refunds` (`id`) ON DELETE CASCADE
) ENGINE=InnoDB DEFAULT CHARSET=utf8mb4 COLLATE=utf8mb4_unicode_ci ROW_FORMAT=DYNAMIC;


DROP TABLE IF EXISTS `marketplace_refund_items`;
CREATE TABLE `marketplace_refund_items` (
  `id` int(10) unsigned NOT NULL AUTO_INCREMENT,
  `marketplace_refund_id` int(10) unsigned NOT NULL,
  `refund_item_id` int(10) unsigned NOT NULL,
  `created_at` timestamp NULL DEFAULT NULL,
  `updated_at` timestamp NULL DEFAULT NULL,
  PRIMARY KEY (`id`),
  KEY `marketplace_refund_items_marketplace_refund_id_foreign` (`marketplace_refund_id`),
  KEY `marketplace_refund_items_refund_item_id_foreign` (`refund_item_id`),
  CONSTRAINT `marketplace_refund_items_marketplace_refund_id_foreign` FOREIGN KEY (`marketplace_refund_id`) REFERENCES `marketplace_refunds` (`id`) ON DELETE CASCADE,
  CONSTRAINT `marketplace_refund_items_refund_item_id_foreign` FOREIGN KEY (`refund_item_id`) REFERENCES `refund_items` (`id`) ON DELETE CASCADE
) ENGINE=InnoDB DEFAULT CHARSET=utf8mb4 COLLATE=utf8mb4_unicode_ci ROW_FORMAT=DYNAMIC;


DROP TABLE IF EXISTS `marketplace_sellers`;
CREATE TABLE `marketplace_sellers` (
  `id` int(10) unsigned NOT NULL AUTO_INCREMENT,
  `url` varchar(191) COLLATE utf8mb4_unicode_ci NOT NULL,
  `is_approved` tinyint(1) NOT NULL DEFAULT '0',
  `shop_title` varchar(191) COLLATE utf8mb4_unicode_ci DEFAULT NULL,
  `description` text COLLATE utf8mb4_unicode_ci,
  `banner` varchar(191) COLLATE utf8mb4_unicode_ci DEFAULT NULL,
  `logo` varchar(191) COLLATE utf8mb4_unicode_ci DEFAULT NULL,
  `tax_vat` varchar(191) COLLATE utf8mb4_unicode_ci DEFAULT NULL,
  `meta_title` text COLLATE utf8mb4_unicode_ci,
  `meta_description` text COLLATE utf8mb4_unicode_ci,
  `meta_keywords` text COLLATE utf8mb4_unicode_ci,
  `address1` varchar(191) COLLATE utf8mb4_unicode_ci DEFAULT NULL,
  `address2` varchar(191) COLLATE utf8mb4_unicode_ci DEFAULT NULL,
  `phone` varchar(191) COLLATE utf8mb4_unicode_ci DEFAULT NULL,
  `state` varchar(191) COLLATE utf8mb4_unicode_ci DEFAULT NULL,
  `city` varchar(191) COLLATE utf8mb4_unicode_ci DEFAULT NULL,
  `country` varchar(191) COLLATE utf8mb4_unicode_ci DEFAULT NULL,
  `postcode` varchar(191) COLLATE utf8mb4_unicode_ci DEFAULT NULL,
  `return_policy` text COLLATE utf8mb4_unicode_ci,
  `shipping_policy` text COLLATE utf8mb4_unicode_ci,
  `privacy_policy` text COLLATE utf8mb4_unicode_ci,
  `twitter` varchar(191) COLLATE utf8mb4_unicode_ci DEFAULT NULL,
  `facebook` varchar(191) COLLATE utf8mb4_unicode_ci DEFAULT NULL,
  `youtube` varchar(191) COLLATE utf8mb4_unicode_ci DEFAULT NULL,
  `instagram` varchar(191) COLLATE utf8mb4_unicode_ci DEFAULT NULL,
  `skype` varchar(191) COLLATE utf8mb4_unicode_ci DEFAULT NULL,
  `linked_in` varchar(191) COLLATE utf8mb4_unicode_ci DEFAULT NULL,
  `pinterest` varchar(191) COLLATE utf8mb4_unicode_ci DEFAULT NULL,
  `customer_id` int(10) unsigned DEFAULT NULL,
  `created_at` timestamp NULL DEFAULT NULL,
  `updated_at` timestamp NULL DEFAULT NULL,
  `commission_enable` tinyint(1) NOT NULL DEFAULT '0',
  `commission_percentage` decimal(12,4) DEFAULT '0.0000',
  PRIMARY KEY (`id`),
  UNIQUE KEY `marketplace_sellers_url_unique` (`url`),
  UNIQUE KEY `marketplace_sellers_customer_id_unique` (`customer_id`),
  CONSTRAINT `marketplace_sellers_customer_id_foreign` FOREIGN KEY (`customer_id`) REFERENCES `customers` (`id`) ON DELETE CASCADE
) ENGINE=InnoDB DEFAULT CHARSET=utf8mb4 COLLATE=utf8mb4_unicode_ci ROW_FORMAT=DYNAMIC;

INSERT INTO `marketplace_sellers` (`id`, `url`, `is_approved`, `shop_title`, `description`, `banner`, `logo`, `tax_vat`, `meta_title`, `meta_description`, `meta_keywords`, `address1`, `address2`, `phone`, `state`, `city`, `country`, `postcode`, `return_policy`, `shipping_policy`, `privacy_policy`, `twitter`, `facebook`, `youtube`, `instagram`, `skype`, `linked_in`, `pinterest`, `customer_id`, `created_at`, `updated_at`, `commission_enable`, `commission_percentage`) VALUES
(16,	'123123',	1,	NULL,	NULL,	NULL,	NULL,	NULL,	NULL,	NULL,	NULL,	NULL,	NULL,	NULL,	NULL,	NULL,	NULL,	NULL,	NULL,	NULL,	NULL,	NULL,	NULL,	NULL,	NULL,	NULL,	NULL,	NULL,	14,	'2020-04-12 20:46:46',	'2020-04-12 20:46:46',	0,	0.0000),
(18,	'marrfishsupplierr',	1,	'Marrfish',	'<p></p>\r\n<p>Marrfish was born from a long standing and rich fishing heritage.<o:p></o:p></p>\r\n<p>Going back nearly 150 years, the Marr family were pioneers of the trawling industry in the late 1800s, adopting new technologies and practices across the fishing industry making conditions better and improving quality of caught fish by trialing freezing at sea.</p>\r\n<p>Fast forward 142 years and Marrfish was born. Drawing upon the knowledge and access the Marr family has to the UK&rsquo;s top fishing waters and fish, we now supply top restaurants and hotels with the freshest fish.<o:p>&nbsp;</o:p></p>\r\n<p>Find out more about our varied and expert heritage.</p>',	'seller/18/ZjVXKXFqFqi3U90g64wO6Ha1UMmMZD8uwjE5XQl8.jpeg',	'seller/18/dJgQmtiub4BgJemIFV3FK2kZV6id1cq6Pe5SPfmy.jpeg',	'',	NULL,	'',	'',	'Wimbledon',	'',	'01010101011',	'UK',	'London',	'GB',	'sw20',	'<p>Return policy done by case by case basis. If customer is unhappy with the product we will do our best to delivery a satisfactory product in keeping with our standards</p>',	'<p>Next day delivery, times vary, minimum purchase of 1000 per week required</p>',	'<p>NA</p>',	'',	'',	'',	'',	'',	'',	'',	25,	'2020-04-12 21:07:25',	'2020-04-12 23:37:34',	0,	0.0000),
(19,	'sandys',	1,	'Sandys Fishmonger',	'',	NULL,	NULL,	'',	NULL,	'',	'',	'adkfja',	'',	'01010101011',	'UK',	'London',	'GB',	'sw20',	'',	'',	'',	'',	'',	'',	'',	'',	'',	'',	28,	'2020-04-13 03:45:49',	'2020-04-13 03:47:11',	0,	0.0000),
(20,	'testing',	1,	NULL,	NULL,	NULL,	NULL,	NULL,	NULL,	NULL,	NULL,	NULL,	NULL,	NULL,	NULL,	NULL,	NULL,	NULL,	NULL,	NULL,	NULL,	NULL,	NULL,	NULL,	NULL,	NULL,	NULL,	NULL,	29,	'2020-04-13 16:39:33',	'2020-04-13 16:39:33',	0,	0.0000),
(21,	'test123',	1,	NULL,	NULL,	NULL,	NULL,	NULL,	NULL,	NULL,	NULL,	NULL,	NULL,	NULL,	NULL,	NULL,	NULL,	NULL,	NULL,	NULL,	NULL,	NULL,	NULL,	NULL,	NULL,	NULL,	NULL,	NULL,	30,	'2020-04-13 16:45:23',	'2020-04-13 16:45:23',	0,	0.0000),
(22,	'tester',	1,	NULL,	NULL,	NULL,	NULL,	NULL,	NULL,	NULL,	NULL,	NULL,	NULL,	NULL,	NULL,	NULL,	NULL,	NULL,	NULL,	NULL,	NULL,	NULL,	NULL,	NULL,	NULL,	NULL,	NULL,	NULL,	26,	'2020-04-13 16:49:08',	'2020-04-13 16:49:08',	0,	0.0000),
(23,	'shop1',	1,	NULL,	NULL,	NULL,	NULL,	NULL,	NULL,	NULL,	NULL,	NULL,	NULL,	NULL,	NULL,	NULL,	NULL,	NULL,	NULL,	NULL,	NULL,	NULL,	NULL,	NULL,	NULL,	NULL,	NULL,	NULL,	32,	'2020-04-13 17:52:03',	'2020-04-13 17:52:03',	0,	0.0000),
(25,	'testing123',	1,	NULL,	NULL,	NULL,	NULL,	NULL,	NULL,	NULL,	NULL,	NULL,	NULL,	NULL,	NULL,	NULL,	NULL,	NULL,	NULL,	NULL,	NULL,	NULL,	NULL,	NULL,	NULL,	NULL,	NULL,	NULL,	35,	'2020-04-15 02:15:27',	'2020-04-15 02:15:27',	0,	0.0000),
(26,	'amysfishshop',	1,	NULL,	NULL,	NULL,	NULL,	NULL,	NULL,	NULL,	NULL,	NULL,	NULL,	NULL,	NULL,	NULL,	NULL,	NULL,	NULL,	NULL,	NULL,	NULL,	NULL,	NULL,	NULL,	NULL,	NULL,	NULL,	34,	'2020-04-17 12:22:57',	'2020-04-17 12:22:57',	0,	0.0000),
(27,	'shopname',	1,	'My Shop',	'',	NULL,	NULL,	'',	NULL,	'',	'',	'test',	'',	'9988831443',	'punjab',	'mohali',	'IN',	'140401',	'',	'',	'',	'',	'',	'',	'',	'',	'',	'',	36,	'2020-04-25 13:03:47',	'2020-05-11 17:32:31',	1,	10.0000),
(28,	'tests',	1,	NULL,	NULL,	NULL,	NULL,	NULL,	NULL,	NULL,	NULL,	NULL,	NULL,	NULL,	NULL,	NULL,	NULL,	NULL,	NULL,	NULL,	NULL,	NULL,	NULL,	NULL,	NULL,	NULL,	NULL,	NULL,	38,	'2020-05-07 19:42:04',	'2020-05-07 19:42:04',	0,	0.0000),
(29,	'abc1',	1,	NULL,	NULL,	NULL,	NULL,	NULL,	NULL,	NULL,	NULL,	NULL,	NULL,	NULL,	NULL,	NULL,	NULL,	NULL,	NULL,	NULL,	NULL,	NULL,	NULL,	NULL,	NULL,	NULL,	NULL,	NULL,	42,	'2020-05-11 12:31:22',	'2020-05-11 15:30:54',	0,	0.0000);

DROP TABLE IF EXISTS `marketplace_seller_reviews`;
CREATE TABLE `marketplace_seller_reviews` (
  `id` int(10) unsigned NOT NULL AUTO_INCREMENT,
  `rating` int(11) NOT NULL,
  `comment` text COLLATE utf8mb4_unicode_ci,
  `status` varchar(191) COLLATE utf8mb4_unicode_ci NOT NULL,
  `marketplace_seller_id` int(10) unsigned NOT NULL,
  `customer_id` int(10) unsigned NOT NULL,
  `created_at` timestamp NULL DEFAULT NULL,
  `updated_at` timestamp NULL DEFAULT NULL,
  PRIMARY KEY (`id`),
  KEY `marketplace_seller_reviews_marketplace_seller_id_foreign` (`marketplace_seller_id`),
  KEY `marketplace_seller_reviews_customer_id_foreign` (`customer_id`),
  CONSTRAINT `marketplace_seller_reviews_customer_id_foreign` FOREIGN KEY (`customer_id`) REFERENCES `customers` (`id`) ON DELETE CASCADE,
  CONSTRAINT `marketplace_seller_reviews_marketplace_seller_id_foreign` FOREIGN KEY (`marketplace_seller_id`) REFERENCES `marketplace_sellers` (`id`) ON DELETE CASCADE
) ENGINE=InnoDB DEFAULT CHARSET=utf8mb4 COLLATE=utf8mb4_unicode_ci ROW_FORMAT=DYNAMIC;


DROP TABLE IF EXISTS `marketplace_shipments`;
CREATE TABLE `marketplace_shipments` (
  `id` int(10) unsigned NOT NULL AUTO_INCREMENT,
  `total_qty` int(11) DEFAULT NULL,
  `shipment_id` int(10) unsigned NOT NULL,
  `marketplace_order_id` int(10) unsigned NOT NULL,
  `created_at` timestamp NULL DEFAULT NULL,
  `updated_at` timestamp NULL DEFAULT NULL,
  PRIMARY KEY (`id`),
  KEY `marketplace_shipments_shipment_id_foreign` (`shipment_id`),
  KEY `marketplace_shipments_marketplace_order_id_foreign` (`marketplace_order_id`),
  CONSTRAINT `marketplace_shipments_marketplace_order_id_foreign` FOREIGN KEY (`marketplace_order_id`) REFERENCES `marketplace_orders` (`id`) ON DELETE CASCADE,
  CONSTRAINT `marketplace_shipments_shipment_id_foreign` FOREIGN KEY (`shipment_id`) REFERENCES `shipments` (`id`) ON DELETE CASCADE
) ENGINE=InnoDB DEFAULT CHARSET=utf8mb4 COLLATE=utf8mb4_unicode_ci ROW_FORMAT=DYNAMIC;

INSERT INTO `marketplace_shipments` (`id`, `total_qty`, `shipment_id`, `marketplace_order_id`, `created_at`, `updated_at`) VALUES
(2,	1,	3,	7,	'2020-04-13 03:04:25',	'2020-04-13 03:04:25');

DROP TABLE IF EXISTS `marketplace_shipment_items`;
CREATE TABLE `marketplace_shipment_items` (
  `id` int(10) unsigned NOT NULL AUTO_INCREMENT,
  `marketplace_shipment_id` int(10) unsigned NOT NULL,
  `shipment_item_id` int(10) unsigned NOT NULL,
  PRIMARY KEY (`id`),
  KEY `marketplace_shipment_items_marketplace_shipment_id_foreign` (`marketplace_shipment_id`),
  KEY `marketplace_shipment_items_shipment_item_id_foreign` (`shipment_item_id`),
  CONSTRAINT `marketplace_shipment_items_marketplace_shipment_id_foreign` FOREIGN KEY (`marketplace_shipment_id`) REFERENCES `marketplace_shipments` (`id`) ON DELETE CASCADE,
  CONSTRAINT `marketplace_shipment_items_shipment_item_id_foreign` FOREIGN KEY (`shipment_item_id`) REFERENCES `shipment_items` (`id`) ON DELETE CASCADE
) ENGINE=InnoDB DEFAULT CHARSET=utf8mb4 COLLATE=utf8mb4_unicode_ci ROW_FORMAT=DYNAMIC;

INSERT INTO `marketplace_shipment_items` (`id`, `marketplace_shipment_id`, `shipment_item_id`) VALUES
(2,	2,	4);

DROP TABLE IF EXISTS `marketplace_transactions`;
CREATE TABLE `marketplace_transactions` (
  `id` int(10) unsigned NOT NULL AUTO_INCREMENT,
  `type` varchar(191) COLLATE utf8mb4_unicode_ci DEFAULT NULL,
  `transaction_id` varchar(191) COLLATE utf8mb4_unicode_ci NOT NULL,
  `method` varchar(191) COLLATE utf8mb4_unicode_ci DEFAULT NULL,
  `comment` text COLLATE utf8mb4_unicode_ci,
  `base_total` decimal(12,4) DEFAULT '0.0000',
  `marketplace_seller_id` int(10) unsigned NOT NULL,
  `marketplace_order_id` int(10) unsigned NOT NULL,
  `created_at` timestamp NULL DEFAULT NULL,
  `updated_at` timestamp NULL DEFAULT NULL,
  PRIMARY KEY (`id`),
  UNIQUE KEY `marketplace_transactions_transaction_id_unique` (`transaction_id`),
  KEY `marketplace_transactions_marketplace_seller_id_foreign` (`marketplace_seller_id`),
  KEY `marketplace_transactions_marketplace_order_id_foreign` (`marketplace_order_id`),
  CONSTRAINT `marketplace_transactions_marketplace_order_id_foreign` FOREIGN KEY (`marketplace_order_id`) REFERENCES `marketplace_orders` (`id`) ON DELETE CASCADE,
  CONSTRAINT `marketplace_transactions_marketplace_seller_id_foreign` FOREIGN KEY (`marketplace_seller_id`) REFERENCES `marketplace_sellers` (`id`) ON DELETE CASCADE
) ENGINE=InnoDB DEFAULT CHARSET=utf8mb4 COLLATE=utf8mb4_unicode_ci ROW_FORMAT=DYNAMIC;


DROP TABLE IF EXISTS `migrations`;
CREATE TABLE `migrations` (
  `id` int(10) unsigned NOT NULL AUTO_INCREMENT,
  `migration` varchar(191) COLLATE utf8mb4_unicode_ci NOT NULL,
  `batch` int(11) NOT NULL,
  PRIMARY KEY (`id`)
) ENGINE=InnoDB DEFAULT CHARSET=utf8mb4 COLLATE=utf8mb4_unicode_ci ROW_FORMAT=DYNAMIC;

INSERT INTO `migrations` (`id`, `migration`, `batch`) VALUES
(1,	'2014_10_12_000000_create_users_table',	1),
(2,	'2014_10_12_100000_create_admin_password_resets_table',	1),
(3,	'2014_10_12_100000_create_password_resets_table',	1),
(4,	'2018_06_12_111907_create_admins_table',	1),
(5,	'2018_06_13_055341_create_roles_table',	1),
(6,	'2018_07_05_130148_create_attributes_table',	1),
(7,	'2018_07_05_132854_create_attribute_translations_table',	1),
(8,	'2018_07_05_135150_create_attribute_families_table',	1),
(9,	'2018_07_05_135152_create_attribute_groups_table',	1),
(10,	'2018_07_05_140832_create_attribute_options_table',	1),
(11,	'2018_07_05_140856_create_attribute_option_translations_table',	1),
(12,	'2018_07_05_142820_create_categories_table',	1),
(13,	'2018_07_10_055143_create_locales_table',	1),
(14,	'2018_07_20_054426_create_countries_table',	1),
(15,	'2018_07_20_054502_create_currencies_table',	1),
(16,	'2018_07_20_054542_create_currency_exchange_rates_table',	1),
(17,	'2018_07_20_064849_create_channels_table',	1),
(18,	'2018_07_21_142836_create_category_translations_table',	1),
(19,	'2018_07_23_110040_create_inventory_sources_table',	1),
(20,	'2018_07_24_082635_create_customer_groups_table',	1),
(21,	'2018_07_24_082930_create_customers_table',	1),
(22,	'2018_07_24_083025_create_customer_addresses_table',	1),
(23,	'2018_07_27_065727_create_products_table',	1),
(24,	'2018_07_27_070011_create_product_attribute_values_table',	1),
(25,	'2018_07_27_092623_create_product_reviews_table',	1),
(26,	'2018_07_27_113941_create_product_images_table',	1),
(27,	'2018_07_27_113956_create_product_inventories_table',	1),
(28,	'2018_08_03_114203_create_sliders_table',	1),
(29,	'2018_08_30_064755_create_tax_categories_table',	1),
(30,	'2018_08_30_065042_create_tax_rates_table',	1),
(31,	'2018_08_30_065840_create_tax_mappings_table',	1),
(32,	'2018_09_05_150444_create_cart_table',	1),
(33,	'2018_09_05_150915_create_cart_items_table',	1),
(34,	'2018_09_11_064045_customer_password_resets',	1),
(35,	'2018_09_19_092845_create_cart_address',	1),
(36,	'2018_09_19_093453_create_cart_payment',	1),
(37,	'2018_09_19_093508_create_cart_shipping_rates_table',	1),
(38,	'2018_09_20_060658_create_core_config_table',	1),
(39,	'2018_09_27_113154_create_orders_table',	1),
(40,	'2018_09_27_113207_create_order_items_table',	1),
(41,	'2018_09_27_113405_create_order_address_table',	1),
(42,	'2018_09_27_115022_create_shipments_table',	1),
(43,	'2018_09_27_115029_create_shipment_items_table',	1),
(44,	'2018_09_27_115135_create_invoices_table',	1),
(45,	'2018_09_27_115144_create_invoice_items_table',	1),
(46,	'2018_10_01_095504_create_order_payment_table',	1),
(47,	'2018_10_03_025230_create_wishlist_table',	1),
(48,	'2018_10_12_101803_create_country_translations_table',	1),
(49,	'2018_10_12_101913_create_country_states_table',	1),
(50,	'2018_10_12_101923_create_country_state_translations_table',	1),
(51,	'2018_11_15_153257_alter_order_table',	1),
(52,	'2018_11_15_163729_alter_invoice_table',	1),
(53,	'2018_11_16_173504_create_subscribers_list_table',	1),
(54,	'2018_11_17_165758_add_is_verified_column_in_customers_table',	1),
(55,	'2018_11_21_144411_create_cart_item_inventories_table',	1),
(56,	'2018_11_26_110500_change_gender_column_in_customers_table',	1),
(57,	'2018_11_27_174449_change_content_column_in_sliders_table',	1),
(58,	'2018_12_05_132625_drop_foreign_key_core_config_table',	1),
(59,	'2018_12_05_132629_alter_core_config_table',	1),
(60,	'2018_12_06_185202_create_product_flat_table',	1),
(61,	'2018_12_21_101307_alter_channels_table',	1),
(62,	'2018_12_24_123812_create_channel_inventory_sources_table',	1),
(63,	'2018_12_24_184402_alter_shipments_table',	1),
(64,	'2018_12_26_165327_create_product_ordered_inventories_table',	1),
(65,	'2018_12_31_161114_alter_channels_category_table',	1),
(66,	'2019_01_11_122452_add_vendor_id_column_in_product_inventories_table',	1),
(67,	'2019_01_25_124522_add_updated_at_column_in_product_flat_table',	1),
(68,	'2019_01_29_123053_add_min_price_and_max_price_column_in_product_flat_table',	1),
(69,	'2019_01_31_164117_update_value_column_type_to_text_in_core_config_table',	1),
(70,	'2019_02_21_145238_alter_product_reviews_table',	1),
(71,	'2019_02_21_152709_add_swatch_type_column_in_attributes_table',	1),
(72,	'2019_02_21_153035_alter_customer_id_in_product_reviews_table',	1),
(73,	'2019_02_21_153851_add_swatch_value_columns_in_attribute_options_table',	1),
(74,	'2019_03_15_123337_add_display_mode_column_in_categories_table',	1),
(75,	'2019_03_28_103658_add_notes_column_in_customers_table',	1),
(76,	'2019_04_24_155820_alter_product_flat_table',	1),
(77,	'2019_05_13_024320_remove_tables',	1),
(78,	'2019_05_13_024321_create_cart_rules_table',	1),
(79,	'2019_05_13_024322_create_cart_rule_channels_table',	1),
(80,	'2019_05_13_024323_create_cart_rule_customer_groups_table',	1),
(81,	'2019_05_13_024324_create_cart_rule_translations_table',	1),
(82,	'2019_05_13_024325_create_cart_rule_customers_table',	1),
(83,	'2019_05_13_024326_create_cart_rule_coupons_table',	1),
(84,	'2019_05_13_024327_create_cart_rule_coupon_usage_table',	1),
(85,	'2019_05_22_165833_update_zipcode_column_type_to_varchar_in_cart_address_table',	1),
(86,	'2019_05_23_113407_add_remaining_column_in_product_flat_table',	1),
(87,	'2019_05_23_155520_add_discount_columns_in_invoice_items_table',	1),
(88,	'2019_05_23_184029_rename_discount_columns_in_cart_table',	1),
(89,	'2019_06_04_114009_add_phone_column_in_customers_table',	1),
(90,	'2019_06_06_195905_update_custom_price_to_nullable_in_cart_items',	1),
(91,	'2019_06_15_183412_add_code_column_in_customer_groups_table',	1),
(92,	'2019_06_17_180258_create_product_downloadable_samples_table',	1),
(93,	'2019_06_17_180314_create_product_downloadable_sample_translations_table',	1),
(94,	'2019_06_17_180325_create_product_downloadable_links_table',	1),
(95,	'2019_06_17_180346_create_product_downloadable_link_translations_table',	1),
(96,	'2019_06_19_162817_remove_unique_in_phone_column_in_customers_table',	1),
(97,	'2019_06_21_130512_update_weight_column_deafult_value_in_cart_items_table',	1),
(98,	'2019_06_21_202249_create_downloadable_link_purchased_table',	1),
(99,	'2019_07_05_114157_add_symbol_column_in_currencies_table',	1),
(100,	'2019_07_11_151210_add_locale_id_in_category_translations',	1),
(101,	'2019_07_23_033128_alter_locales_table',	1),
(102,	'2019_07_23_174708_create_velocity_contents_table',	1),
(103,	'2019_07_23_175212_create_velocity_contents_translations_table',	1),
(104,	'2019_07_29_142734_add_use_in_flat_column_in_attributes_table',	1),
(105,	'2019_07_30_153530_create_cms_pages_table',	1),
(106,	'2019_07_31_143339_create_category_filterable_attributes_table',	1),
(107,	'2019_08_02_105320_create_product_grouped_products_table',	1),
(108,	'2019_08_12_184925_add_additional_cloumn_in_wishlist_table',	1),
(109,	'2019_08_20_170510_create_product_bundle_options_table',	1),
(110,	'2019_08_20_170520_create_product_bundle_option_translations_table',	1),
(111,	'2019_08_20_170528_create_product_bundle_option_products_table',	1),
(112,	'2019_08_21_123707_add_seo_column_in_channels_table',	1),
(113,	'2019_09_11_184511_create_refunds_table',	1),
(114,	'2019_09_11_184519_create_refund_items_table',	1),
(115,	'2019_09_26_163950_remove_channel_id_from_customers_table',	1),
(116,	'2019_10_03_105451_change_rate_column_in_currency_exchange_rates_table',	1),
(117,	'2019_10_21_105136_order_brands',	1),
(118,	'2019_10_24_173358_change_postcode_column_type_in_order_address_table',	1),
(119,	'2019_10_24_173437_change_postcode_column_type_in_cart_address_table',	1),
(120,	'2019_10_24_173507_change_postcode_column_type_in_customer_addresses_table',	1),
(121,	'2019_11_21_194541_add_column_url_path_to_category_translations',	1),
(122,	'2019_11_21_194608_add_stored_function_to_get_url_path_of_category',	1),
(123,	'2019_11_21_194627_add_trigger_to_category_translations',	1),
(124,	'2019_11_21_194648_add_url_path_to_existing_category_translations',	1),
(125,	'2019_11_21_194703_add_trigger_to_categories',	1),
(126,	'2019_11_25_171136_add_applied_cart_rule_ids_column_in_cart_table',	1),
(127,	'2019_11_25_171208_add_applied_cart_rule_ids_column_in_cart_items_table',	1),
(128,	'2019_11_30_124437_add_applied_cart_rule_ids_column_in_orders_table',	1),
(129,	'2019_11_30_165644_add_discount_columns_in_cart_shipping_rates_table',	1),
(130,	'2019_12_03_175253_create_remove_catalog_rule_tables',	1),
(131,	'2019_12_03_184613_create_catalog_rules_table',	1),
(132,	'2019_12_03_184651_create_catalog_rule_channels_table',	1),
(133,	'2019_12_03_184732_create_catalog_rule_customer_groups_table',	1),
(134,	'2019_12_06_101110_create_catalog_rule_products_table',	1),
(135,	'2019_12_06_110507_create_catalog_rule_product_prices_table',	1),
(136,	'2019_12_30_155256_create_velocity_meta_data',	1),
(137,	'2020_01_02_201029_add_api_token_columns',	1),
(138,	'2020_01_06_173505_alter_trigger_category_translations',	1),
(139,	'2020_01_06_173524_alter_stored_function_url_path_category',	1),
(140,	'2020_01_06_195305_alter_trigger_on_categories',	1),
(141,	'2020_01_09_154851_add_shipping_discount_columns_in_orders_table',	1),
(142,	'2020_01_09_202815_add_inventory_source_name_column_in_shipments_table',	1),
(143,	'2020_01_10_122226_update_velocity_meta_data',	1),
(144,	'2020_01_10_151902_customer_address_improvements',	1),
(145,	'2020_01_13_131431_alter_float_value_column_type_in_product_attribute_values_table',	1),
(146,	'2020_01_13_155803_add_velocity_locale_icon',	1),
(147,	'2020_01_13_192149_add_category_velocity_meta_data',	1),
(148,	'2020_01_14_191854_create_cms_page_translations_table',	1),
(149,	'2020_01_14_192206_remove_columns_from_cms_pages_table',	1),
(150,	'2020_01_15_130209_create_cms_page_channels_table',	1),
(151,	'2020_01_15_145637_add_product_policy',	1),
(152,	'2020_01_15_152121_add_banner_link',	1),
(153,	'2020_01_28_102422_add_new_column_and_rename_name_column_in_customer_addresses_table',	1),
(154,	'2020_01_29_124748_alter_name_column_in_country_state_translations_table',	1),
(155,	'2018_12_07_164618_create_marketplace_sellers_table',	2),
(156,	'2018_12_19_103208_create_marketplace_products_table',	2),
(157,	'2018_12_19_130903_create_marketplace_seller_reviews_table',	2),
(158,	'2018_12_31_152453_create_marketplace_product_images_table',	2),
(159,	'2019_01_07_180846_create_marketplace_orders_table',	2),
(160,	'2019_01_07_185328_create_marketplace_order_items_table',	2),
(161,	'2019_01_11_163303_create_marketplace_shipments_table',	2),
(162,	'2019_01_11_163341_create_marketplace_shipment_items_table',	2),
(163,	'2019_01_11_182037_create_marketplace_invoices_table',	2),
(164,	'2019_01_11_182104_create_marketplace_invoice_items_table',	2),
(165,	'2019_01_16_130617_create_marketplace_transactions_table',	2),
(166,	'2019_05_24_184029_rename_discount_invoiced_columns_in_marketplace_orders_table',	2),
(167,	'2019_10_24_105250_create_marketplace_refunds_table',	2),
(168,	'2019_10_24_105315_create_marketplace_refund_items_table',	2),
(169,	'2019_11_18_125848_add_commission_enable_and_commission_percentage_to_marketplace_sellers_table',	2),
(170,	'2019_04_23_115227_create_marketplace_bulkupload_dataflowprofile_table',	3),
(171,	'2019_04_23_182018_create_marketplace_import_new_products_table',	3),
(172,	'2019_04_29_105529_create_marketplace__import_new_products_by_admin_table',	3),
(173,	'2019_06_21_102504_marketplace_bulkupload_admin_dataflowprofile',	3),
(174,	'2020_04_24_183846_create_usermarksellers_table',	4),
(175,	'2020_05_11_011607_add_address_to_customers_table',	5),
(176,	'2020_05_11_011936_add_address1_to_customers_table',	6);

DROP TABLE IF EXISTS `orders`;
CREATE TABLE `orders` (
  `id` int(10) unsigned NOT NULL AUTO_INCREMENT,
  `increment_id` varchar(191) COLLATE utf8mb4_unicode_ci NOT NULL,
  `status` varchar(191) COLLATE utf8mb4_unicode_ci DEFAULT NULL,
  `channel_name` varchar(191) COLLATE utf8mb4_unicode_ci DEFAULT NULL,
  `is_guest` tinyint(1) DEFAULT NULL,
  `customer_email` varchar(191) COLLATE utf8mb4_unicode_ci DEFAULT NULL,
  `customer_first_name` varchar(191) COLLATE utf8mb4_unicode_ci DEFAULT NULL,
  `customer_last_name` varchar(191) COLLATE utf8mb4_unicode_ci DEFAULT NULL,
  `customer_company_name` varchar(191) COLLATE utf8mb4_unicode_ci DEFAULT NULL,
  `customer_vat_id` varchar(191) COLLATE utf8mb4_unicode_ci DEFAULT NULL,
  `shipping_method` varchar(191) COLLATE utf8mb4_unicode_ci DEFAULT NULL,
  `shipping_title` varchar(191) COLLATE utf8mb4_unicode_ci DEFAULT NULL,
  `shipping_description` varchar(191) COLLATE utf8mb4_unicode_ci DEFAULT NULL,
  `coupon_code` varchar(191) COLLATE utf8mb4_unicode_ci DEFAULT NULL,
  `is_gift` tinyint(1) NOT NULL DEFAULT '0',
  `total_item_count` int(11) DEFAULT NULL,
  `total_qty_ordered` int(11) DEFAULT NULL,
  `base_currency_code` varchar(191) COLLATE utf8mb4_unicode_ci DEFAULT NULL,
  `channel_currency_code` varchar(191) COLLATE utf8mb4_unicode_ci DEFAULT NULL,
  `order_currency_code` varchar(191) COLLATE utf8mb4_unicode_ci DEFAULT NULL,
  `grand_total` decimal(12,4) DEFAULT '0.0000',
  `base_grand_total` decimal(12,4) DEFAULT '0.0000',
  `grand_total_invoiced` decimal(12,4) DEFAULT '0.0000',
  `base_grand_total_invoiced` decimal(12,4) DEFAULT '0.0000',
  `grand_total_refunded` decimal(12,4) DEFAULT '0.0000',
  `base_grand_total_refunded` decimal(12,4) DEFAULT '0.0000',
  `sub_total` decimal(12,4) DEFAULT '0.0000',
  `base_sub_total` decimal(12,4) DEFAULT '0.0000',
  `sub_total_invoiced` decimal(12,4) DEFAULT '0.0000',
  `base_sub_total_invoiced` decimal(12,4) DEFAULT '0.0000',
  `sub_total_refunded` decimal(12,4) DEFAULT '0.0000',
  `base_sub_total_refunded` decimal(12,4) DEFAULT '0.0000',
  `discount_percent` decimal(12,4) DEFAULT '0.0000',
  `discount_amount` decimal(12,4) DEFAULT '0.0000',
  `base_discount_amount` decimal(12,4) DEFAULT '0.0000',
  `discount_invoiced` decimal(12,4) DEFAULT '0.0000',
  `base_discount_invoiced` decimal(12,4) DEFAULT '0.0000',
  `discount_refunded` decimal(12,4) DEFAULT '0.0000',
  `base_discount_refunded` decimal(12,4) DEFAULT '0.0000',
  `tax_amount` decimal(12,4) DEFAULT '0.0000',
  `base_tax_amount` decimal(12,4) DEFAULT '0.0000',
  `tax_amount_invoiced` decimal(12,4) DEFAULT '0.0000',
  `base_tax_amount_invoiced` decimal(12,4) DEFAULT '0.0000',
  `tax_amount_refunded` decimal(12,4) DEFAULT '0.0000',
  `base_tax_amount_refunded` decimal(12,4) DEFAULT '0.0000',
  `shipping_amount` decimal(12,4) DEFAULT '0.0000',
  `base_shipping_amount` decimal(12,4) DEFAULT '0.0000',
  `shipping_invoiced` decimal(12,4) DEFAULT '0.0000',
  `base_shipping_invoiced` decimal(12,4) DEFAULT '0.0000',
  `shipping_refunded` decimal(12,4) DEFAULT '0.0000',
  `base_shipping_refunded` decimal(12,4) DEFAULT '0.0000',
  `customer_id` int(10) unsigned DEFAULT NULL,
  `customer_type` varchar(191) COLLATE utf8mb4_unicode_ci DEFAULT NULL,
  `channel_id` int(10) unsigned DEFAULT NULL,
  `channel_type` varchar(191) COLLATE utf8mb4_unicode_ci DEFAULT NULL,
  `created_at` timestamp NULL DEFAULT NULL,
  `updated_at` timestamp NULL DEFAULT NULL,
  `cart_id` int(11) DEFAULT NULL,
  `applied_cart_rule_ids` varchar(191) COLLATE utf8mb4_unicode_ci DEFAULT NULL,
  `shipping_discount_amount` decimal(12,4) DEFAULT '0.0000',
  `base_shipping_discount_amount` decimal(12,4) DEFAULT '0.0000',
  PRIMARY KEY (`id`),
  KEY `orders_customer_id_foreign` (`customer_id`),
  KEY `orders_channel_id_foreign` (`channel_id`),
  CONSTRAINT `orders_channel_id_foreign` FOREIGN KEY (`channel_id`) REFERENCES `channels` (`id`) ON DELETE SET NULL,
  CONSTRAINT `orders_customer_id_foreign` FOREIGN KEY (`customer_id`) REFERENCES `customers` (`id`) ON DELETE SET NULL
) ENGINE=InnoDB DEFAULT CHARSET=utf8mb4 COLLATE=utf8mb4_unicode_ci ROW_FORMAT=DYNAMIC;

INSERT INTO `orders` (`id`, `increment_id`, `status`, `channel_name`, `is_guest`, `customer_email`, `customer_first_name`, `customer_last_name`, `customer_company_name`, `customer_vat_id`, `shipping_method`, `shipping_title`, `shipping_description`, `coupon_code`, `is_gift`, `total_item_count`, `total_qty_ordered`, `base_currency_code`, `channel_currency_code`, `order_currency_code`, `grand_total`, `base_grand_total`, `grand_total_invoiced`, `base_grand_total_invoiced`, `grand_total_refunded`, `base_grand_total_refunded`, `sub_total`, `base_sub_total`, `sub_total_invoiced`, `base_sub_total_invoiced`, `sub_total_refunded`, `base_sub_total_refunded`, `discount_percent`, `discount_amount`, `base_discount_amount`, `discount_invoiced`, `base_discount_invoiced`, `discount_refunded`, `base_discount_refunded`, `tax_amount`, `base_tax_amount`, `tax_amount_invoiced`, `base_tax_amount_invoiced`, `tax_amount_refunded`, `base_tax_amount_refunded`, `shipping_amount`, `base_shipping_amount`, `shipping_invoiced`, `base_shipping_invoiced`, `shipping_refunded`, `base_shipping_refunded`, `customer_id`, `customer_type`, `channel_id`, `channel_type`, `created_at`, `updated_at`, `cart_id`, `applied_cart_rule_ids`, `shipping_discount_amount`, `base_shipping_discount_amount`) VALUES
(1,	'1',	'completed',	'Default',	0,	'sahil1931@gmail.com',	'sahil',	'kaushal',	NULL,	NULL,	'free_free',	'Free Shipping - Free Shipping',	'Free Shipping',	NULL,	0,	1,	1,	'USD',	'USD',	'USD',	9.0000,	9.0000,	9.0000,	9.0000,	0.0000,	0.0000,	9.0000,	9.0000,	9.0000,	9.0000,	0.0000,	0.0000,	0.0000,	0.0000,	0.0000,	0.0000,	0.0000,	0.0000,	0.0000,	0.0000,	0.0000,	0.0000,	0.0000,	0.0000,	0.0000,	0.0000,	0.0000,	0.0000,	0.0000,	0.0000,	0.0000,	1,	'Webkul\\Customer\\Models\\Customer',	1,	'Webkul\\Core\\Models\\Channel',	'2020-03-23 15:45:37',	'2020-03-23 16:02:05',	1,	'',	0.0000,	0.0000),
(2,	'2',	'completed',	'Default',	0,	'samcustomer@gmail.com',	'sam',	'kaushal',	NULL,	NULL,	'free_free',	'Free Shipping - Free Shipping',	'Free Shipping',	NULL,	0,	1,	1,	'USD',	'USD',	'USD',	21.0000,	21.0000,	21.0000,	21.0000,	0.0000,	0.0000,	21.0000,	21.0000,	21.0000,	21.0000,	0.0000,	0.0000,	0.0000,	0.0000,	0.0000,	0.0000,	0.0000,	0.0000,	0.0000,	0.0000,	0.0000,	0.0000,	0.0000,	0.0000,	0.0000,	0.0000,	0.0000,	0.0000,	0.0000,	0.0000,	0.0000,	13,	'Webkul\\Customer\\Models\\Customer',	1,	'Webkul\\Core\\Models\\Channel',	'2020-03-31 06:25:42',	'2020-03-31 06:27:23',	19,	'',	0.0000,	0.0000),
(3,	'3',	'pending',	'Default',	0,	'sahil1931@gmail.com',	'SAHIL',	'KAUSHAL',	NULL,	NULL,	'flatrate_flatrate',	'Flat Rate - Flat Rate',	'Flat Rate Shipping',	NULL,	0,	2,	2,	'USD',	'USD',	'USD',	61.0000,	61.0000,	0.0000,	0.0000,	0.0000,	0.0000,	41.0000,	41.0000,	0.0000,	0.0000,	0.0000,	0.0000,	0.0000,	0.0000,	0.0000,	0.0000,	0.0000,	0.0000,	0.0000,	0.0000,	0.0000,	0.0000,	0.0000,	0.0000,	0.0000,	20.0000,	20.0000,	0.0000,	0.0000,	0.0000,	0.0000,	12,	'Webkul\\Customer\\Models\\Customer',	1,	'Webkul\\Core\\Models\\Channel',	'2020-04-01 08:03:29',	'2020-04-01 08:03:29',	21,	'',	0.0000,	0.0000),
(4,	'4',	'pending',	'Default',	0,	'sahil1931@gmail.com',	'SAHIL',	'KAUSHAL',	NULL,	NULL,	'flatrate_flatrate',	'Flat Rate - Flat Rate',	'Flat Rate Shipping',	NULL,	0,	2,	2,	'USD',	'USD',	'USD',	49.0000,	49.0000,	0.0000,	0.0000,	0.0000,	0.0000,	29.0000,	29.0000,	0.0000,	0.0000,	0.0000,	0.0000,	0.0000,	0.0000,	0.0000,	0.0000,	0.0000,	0.0000,	0.0000,	0.0000,	0.0000,	0.0000,	0.0000,	0.0000,	0.0000,	20.0000,	20.0000,	0.0000,	0.0000,	0.0000,	0.0000,	12,	'Webkul\\Customer\\Models\\Customer',	1,	'Webkul\\Core\\Models\\Channel',	'2020-04-01 08:10:42',	'2020-04-01 08:10:42',	22,	'',	0.0000,	0.0000),
(5,	'5',	'pending',	'Default',	1,	'abc@gmail.com',	'kjkj',	'kjhkjh',	NULL,	NULL,	'flatrate_flatrate',	'Flat Rate - Flat Rate',	'Flat Rate Shipping',	NULL,	0,	1,	1,	'USD',	'USD',	'USD',	19.0000,	19.0000,	0.0000,	0.0000,	0.0000,	0.0000,	9.0000,	9.0000,	0.0000,	0.0000,	0.0000,	0.0000,	0.0000,	0.0000,	0.0000,	0.0000,	0.0000,	0.0000,	0.0000,	0.0000,	0.0000,	0.0000,	0.0000,	0.0000,	0.0000,	10.0000,	10.0000,	0.0000,	0.0000,	0.0000,	0.0000,	NULL,	NULL,	1,	'Webkul\\Core\\Models\\Channel',	'2020-04-01 08:13:52',	'2020-04-01 08:13:52',	23,	'',	0.0000,	0.0000),
(6,	'6',	'pending',	'Default',	1,	'test@gmail.com',	'test',	'sad',	NULL,	NULL,	'free_free',	'Free Shipping - Free Shipping',	'Free Shipping',	NULL,	0,	1,	1,	'USD',	'USD',	'USD',	9.0000,	9.0000,	0.0000,	0.0000,	0.0000,	0.0000,	9.0000,	9.0000,	0.0000,	0.0000,	0.0000,	0.0000,	0.0000,	0.0000,	0.0000,	0.0000,	0.0000,	0.0000,	0.0000,	0.0000,	0.0000,	0.0000,	0.0000,	0.0000,	0.0000,	0.0000,	0.0000,	0.0000,	0.0000,	0.0000,	0.0000,	NULL,	NULL,	1,	'Webkul\\Core\\Models\\Channel',	'2020-04-01 15:58:38',	'2020-04-01 15:58:38',	24,	'',	0.0000,	0.0000),
(7,	'7',	'pending',	'Default',	1,	'S*******1@GMAIL.COM',	'SAHIL',	'KAUSHAL',	NULL,	NULL,	'free_free',	'Free Shipping - Free Shipping',	'Free Shipping',	NULL,	0,	1,	1,	'USD',	'USD',	'USD',	9.0000,	9.0000,	0.0000,	0.0000,	0.0000,	0.0000,	9.0000,	9.0000,	0.0000,	0.0000,	0.0000,	0.0000,	0.0000,	0.0000,	0.0000,	0.0000,	0.0000,	0.0000,	0.0000,	0.0000,	0.0000,	0.0000,	0.0000,	0.0000,	0.0000,	0.0000,	0.0000,	0.0000,	0.0000,	0.0000,	0.0000,	NULL,	NULL,	1,	'Webkul\\Core\\Models\\Channel',	'2020-04-01 16:06:29',	'2020-04-01 16:06:29',	25,	'',	0.0000,	0.0000),
(8,	'8',	'pending',	'Default',	1,	'test@gmail.com',	'test',	'kjhkh',	NULL,	NULL,	'flatrate_flatrate',	'Flat Rate - Flat Rate',	'Flat Rate Shipping',	NULL,	0,	1,	1,	'USD',	'USD',	'USD',	19.0000,	19.0000,	0.0000,	0.0000,	0.0000,	0.0000,	9.0000,	9.0000,	0.0000,	0.0000,	0.0000,	0.0000,	0.0000,	0.0000,	0.0000,	0.0000,	0.0000,	0.0000,	0.0000,	0.0000,	0.0000,	0.0000,	0.0000,	0.0000,	0.0000,	10.0000,	10.0000,	0.0000,	0.0000,	0.0000,	0.0000,	NULL,	NULL,	1,	'Webkul\\Core\\Models\\Channel',	'2020-04-01 16:08:38',	'2020-04-01 16:08:38',	26,	'',	0.0000,	0.0000),
(9,	'9',	'pending',	'Default',	1,	'test@gmail.com',	'test',	'ghf',	NULL,	NULL,	'free_free',	'Free Shipping - Free Shipping',	'Free Shipping',	NULL,	0,	1,	2,	'USD',	'USD',	'USD',	18.0000,	18.0000,	0.0000,	0.0000,	0.0000,	0.0000,	18.0000,	18.0000,	0.0000,	0.0000,	0.0000,	0.0000,	0.0000,	0.0000,	0.0000,	0.0000,	0.0000,	0.0000,	0.0000,	0.0000,	0.0000,	0.0000,	0.0000,	0.0000,	0.0000,	0.0000,	0.0000,	0.0000,	0.0000,	0.0000,	0.0000,	NULL,	NULL,	1,	'Webkul\\Core\\Models\\Channel',	'2020-04-01 16:26:51',	'2020-04-01 16:26:51',	27,	'',	0.0000,	0.0000),
(10,	'10',	'pending',	'Default',	0,	'sahil1931@gmail.com',	'SAHIL',	'KAUSHAL',	NULL,	NULL,	'flatrate_flatrate',	'Flat Rate - Flat Rate',	'Flat Rate Shipping',	NULL,	0,	3,	3,	'USD',	'USD',	'USD',	79.0000,	79.0000,	0.0000,	0.0000,	0.0000,	0.0000,	49.0000,	49.0000,	0.0000,	0.0000,	0.0000,	0.0000,	0.0000,	0.0000,	0.0000,	0.0000,	0.0000,	0.0000,	0.0000,	0.0000,	0.0000,	0.0000,	0.0000,	0.0000,	0.0000,	30.0000,	30.0000,	0.0000,	0.0000,	0.0000,	0.0000,	12,	'Webkul\\Customer\\Models\\Customer',	1,	'Webkul\\Core\\Models\\Channel',	'2020-04-01 21:37:01',	'2020-04-01 21:37:01',	28,	'',	0.0000,	0.0000),
(11,	'11',	'pending',	'Default',	0,	'sahil1931@gmail.com',	'SAHIL',	'KAUSHAL',	NULL,	NULL,	'flatrate_flatrate',	'Flat Rate - Flat Rate',	'Flat Rate Shipping',	NULL,	0,	3,	3,	'USD',	'USD',	'USD',	70.0000,	70.0000,	0.0000,	0.0000,	0.0000,	0.0000,	40.0000,	40.0000,	0.0000,	0.0000,	0.0000,	0.0000,	0.0000,	0.0000,	0.0000,	0.0000,	0.0000,	0.0000,	0.0000,	0.0000,	0.0000,	0.0000,	0.0000,	0.0000,	0.0000,	30.0000,	30.0000,	0.0000,	0.0000,	0.0000,	0.0000,	12,	'Webkul\\Customer\\Models\\Customer',	1,	'Webkul\\Core\\Models\\Channel',	'2020-04-01 21:40:13',	'2020-04-01 21:40:13',	29,	'',	0.0000,	0.0000),
(12,	'12',	'pending',	'Default',	0,	'sahil1931@gmail.com',	'SAHIL',	'KAUSHAL',	NULL,	NULL,	'flatrate_flatrate',	'Flat Rate - Flat Rate',	'Flat Rate Shipping',	NULL,	0,	2,	2,	'USD',	'USD',	'USD',	51.0000,	51.0000,	0.0000,	0.0000,	0.0000,	0.0000,	31.0000,	31.0000,	0.0000,	0.0000,	0.0000,	0.0000,	0.0000,	0.0000,	0.0000,	0.0000,	0.0000,	0.0000,	0.0000,	0.0000,	0.0000,	0.0000,	0.0000,	0.0000,	0.0000,	20.0000,	20.0000,	0.0000,	0.0000,	0.0000,	0.0000,	12,	'Webkul\\Customer\\Models\\Customer',	1,	'Webkul\\Core\\Models\\Channel',	'2020-04-01 21:46:09',	'2020-04-01 21:46:09',	30,	'',	0.0000,	0.0000),
(13,	'13',	'pending',	'Default',	0,	'sahil1931@gmail.com',	'SAHIL',	'KAUSHAL',	NULL,	NULL,	'flatrate_flatrate',	'Flat Rate - Flat Rate',	'Flat Rate Shipping',	NULL,	0,	2,	6,	'USD',	'USD',	'USD',	135.0000,	135.0000,	0.0000,	0.0000,	0.0000,	0.0000,	75.0000,	75.0000,	0.0000,	0.0000,	0.0000,	0.0000,	0.0000,	0.0000,	0.0000,	0.0000,	0.0000,	0.0000,	0.0000,	0.0000,	0.0000,	0.0000,	0.0000,	0.0000,	0.0000,	60.0000,	60.0000,	0.0000,	0.0000,	0.0000,	0.0000,	12,	'Webkul\\Customer\\Models\\Customer',	1,	'Webkul\\Core\\Models\\Channel',	'2020-04-02 06:20:47',	'2020-04-02 06:20:47',	31,	'',	0.0000,	0.0000),
(14,	'14',	'processing',	'Default',	0,	'piyush_sharma91@yahoo.com',	'piyush',	'sharma',	NULL,	NULL,	'free_free',	'Free Shipping - Free Shipping',	'Free Shipping',	NULL,	0,	1,	1,	'USD',	'USD',	'USD',	11.0000,	11.0000,	11.0000,	11.0000,	0.0000,	0.0000,	11.0000,	11.0000,	11.0000,	11.0000,	0.0000,	0.0000,	0.0000,	0.0000,	0.0000,	0.0000,	0.0000,	0.0000,	0.0000,	0.0000,	0.0000,	0.0000,	0.0000,	0.0000,	0.0000,	0.0000,	0.0000,	0.0000,	0.0000,	0.0000,	0.0000,	14,	'Webkul\\Customer\\Models\\Customer',	1,	'Webkul\\Core\\Models\\Channel',	'2020-04-03 15:39:46',	'2020-04-03 15:43:27',	34,	'',	0.0000,	0.0000),
(15,	'15',	'processing',	'Default',	0,	'piyush_sharma91@yahoo.com',	'piyush',	'sharma',	NULL,	NULL,	'free_free',	'Free Shipping - Free Shipping',	'Free Shipping',	NULL,	0,	1,	2,	'USD',	'USD',	'USD',	22.0000,	22.0000,	22.0000,	22.0000,	0.0000,	0.0000,	22.0000,	22.0000,	22.0000,	22.0000,	0.0000,	0.0000,	0.0000,	0.0000,	0.0000,	0.0000,	0.0000,	0.0000,	0.0000,	0.0000,	0.0000,	0.0000,	0.0000,	0.0000,	0.0000,	0.0000,	0.0000,	0.0000,	0.0000,	0.0000,	0.0000,	14,	'Webkul\\Customer\\Models\\Customer',	1,	'Webkul\\Core\\Models\\Channel',	'2020-04-03 16:31:32',	'2020-04-03 16:36:26',	36,	'',	0.0000,	0.0000),
(16,	'16',	'pending',	'Default',	0,	'edward.long10@gmail.com',	'Edward',	'Long',	NULL,	NULL,	'free_free',	'Free Shipping - Free Shipping',	'Free Shipping',	NULL,	0,	1,	2,	'USD',	'USD',	'USD',	16.0000,	16.0000,	0.0000,	0.0000,	0.0000,	0.0000,	16.0000,	16.0000,	0.0000,	0.0000,	0.0000,	0.0000,	0.0000,	0.0000,	0.0000,	0.0000,	0.0000,	0.0000,	0.0000,	0.0000,	0.0000,	0.0000,	0.0000,	0.0000,	0.0000,	0.0000,	0.0000,	0.0000,	0.0000,	0.0000,	0.0000,	19,	'Webkul\\Customer\\Models\\Customer',	1,	'Webkul\\Core\\Models\\Channel',	'2020-04-05 16:23:10',	'2020-04-05 16:23:10',	38,	'',	0.0000,	0.0000),
(17,	'17',	'processing',	'Default',	0,	'test@testtest123.com',	'Piyush ',	'Sharma',	NULL,	NULL,	'free_free',	'Free Shipping - Free Shipping',	'Free Shipping',	NULL,	0,	1,	1,	'USD',	'USD',	'USD',	90.0000,	90.0000,	90.0000,	90.0000,	0.0000,	0.0000,	90.0000,	90.0000,	90.0000,	90.0000,	0.0000,	0.0000,	0.0000,	0.0000,	0.0000,	0.0000,	0.0000,	0.0000,	0.0000,	0.0000,	0.0000,	0.0000,	0.0000,	0.0000,	0.0000,	0.0000,	0.0000,	0.0000,	0.0000,	0.0000,	0.0000,	24,	'Webkul\\Customer\\Models\\Customer',	1,	'Webkul\\Core\\Models\\Channel',	'2020-04-10 16:19:14',	'2020-04-10 16:22:23',	41,	'',	0.0000,	0.0000),
(18,	'18',	'completed',	'Default',	0,	'test@sandysupplier.com',	'Edward',	'Long',	NULL,	NULL,	'free_free',	'Free Shipping - Free Shipping',	'Free Shipping',	NULL,	0,	2,	2,	'USD',	'USD',	'USD',	20.0000,	20.0000,	20.0000,	20.0000,	0.0000,	0.0000,	20.0000,	20.0000,	20.0000,	20.0000,	0.0000,	0.0000,	0.0000,	0.0000,	0.0000,	0.0000,	0.0000,	0.0000,	0.0000,	0.0000,	0.0000,	0.0000,	0.0000,	0.0000,	0.0000,	0.0000,	0.0000,	0.0000,	0.0000,	0.0000,	0.0000,	25,	'Webkul\\Customer\\Models\\Customer',	1,	'Webkul\\Core\\Models\\Channel',	'2020-04-13 02:35:48',	'2020-04-13 03:05:06',	44,	'',	0.0000,	0.0000),
(19,	'19',	'processing',	'Default',	0,	'user@gmail.com',	'User',	'user',	NULL,	NULL,	'free_free',	'Free Shipping - Free Shipping',	'Free Shipping',	NULL,	0,	1,	2,	'GBP',	'GBP',	'GBP',	18.0000,	18.0000,	18.0000,	18.0000,	0.0000,	0.0000,	18.0000,	18.0000,	18.0000,	18.0000,	0.0000,	0.0000,	0.0000,	0.0000,	0.0000,	0.0000,	0.0000,	0.0000,	0.0000,	0.0000,	0.0000,	0.0000,	0.0000,	0.0000,	0.0000,	0.0000,	0.0000,	0.0000,	0.0000,	0.0000,	0.0000,	37,	'Webkul\\Customer\\Models\\Customer',	1,	'Webkul\\Core\\Models\\Channel',	'2020-05-11 17:22:42',	'2020-05-11 17:22:46',	68,	'',	0.0000,	0.0000),
(20,	'20',	'pending',	'Default',	1,	'kdnfvkjdfv@dfngkdfj.com',	'fsdf',	'dfsdfsdfs',	NULL,	NULL,	'flatrate_flatrate',	'Flat Rate - Flat Rate',	'Flat Rate Shipping',	NULL,	0,	1,	1,	'GBP',	'GBP',	'GBP',	19.0000,	19.0000,	0.0000,	0.0000,	0.0000,	0.0000,	9.0000,	9.0000,	0.0000,	0.0000,	0.0000,	0.0000,	0.0000,	0.0000,	0.0000,	0.0000,	0.0000,	0.0000,	0.0000,	0.0000,	0.0000,	0.0000,	0.0000,	0.0000,	0.0000,	10.0000,	10.0000,	0.0000,	0.0000,	0.0000,	0.0000,	NULL,	NULL,	1,	'Webkul\\Core\\Models\\Channel',	'2020-05-12 14:40:48',	'2020-05-12 14:40:48',	70,	'',	0.0000,	0.0000);

DROP TABLE IF EXISTS `order_address`;
CREATE TABLE `order_address` (
  `id` int(10) unsigned NOT NULL AUTO_INCREMENT,
  `first_name` varchar(191) COLLATE utf8mb4_unicode_ci NOT NULL,
  `last_name` varchar(191) COLLATE utf8mb4_unicode_ci NOT NULL,
  `email` varchar(191) COLLATE utf8mb4_unicode_ci NOT NULL,
  `address1` varchar(191) COLLATE utf8mb4_unicode_ci NOT NULL,
  `address2` varchar(191) COLLATE utf8mb4_unicode_ci DEFAULT NULL,
  `country` varchar(191) COLLATE utf8mb4_unicode_ci NOT NULL,
  `state` varchar(191) COLLATE utf8mb4_unicode_ci NOT NULL,
  `city` varchar(191) COLLATE utf8mb4_unicode_ci NOT NULL,
  `postcode` varchar(191) COLLATE utf8mb4_unicode_ci NOT NULL,
  `phone` varchar(191) COLLATE utf8mb4_unicode_ci NOT NULL,
  `address_type` varchar(191) COLLATE utf8mb4_unicode_ci NOT NULL,
  `order_id` int(10) unsigned NOT NULL,
  `customer_id` int(10) unsigned DEFAULT NULL,
  `created_at` timestamp NULL DEFAULT NULL,
  `updated_at` timestamp NULL DEFAULT NULL,
  PRIMARY KEY (`id`),
  KEY `order_address_order_id_foreign` (`order_id`),
  KEY `order_address_customer_id_foreign` (`customer_id`),
  CONSTRAINT `order_address_customer_id_foreign` FOREIGN KEY (`customer_id`) REFERENCES `customers` (`id`) ON DELETE SET NULL,
  CONSTRAINT `order_address_order_id_foreign` FOREIGN KEY (`order_id`) REFERENCES `orders` (`id`) ON DELETE CASCADE
) ENGINE=InnoDB DEFAULT CHARSET=utf8mb4 COLLATE=utf8mb4_unicode_ci ROW_FORMAT=DYNAMIC;

INSERT INTO `order_address` (`id`, `first_name`, `last_name`, `email`, `address1`, `address2`, `country`, `state`, `city`, `postcode`, `phone`, `address_type`, `order_id`, `customer_id`, `created_at`, `updated_at`) VALUES
(1,	'sahil',	'kaushal',	'sahil1931@gmail.com',	'amazon',	NULL,	'IN',	'PB',	'kharar',	'140401',	'9988831443',	'shipping',	1,	NULL,	'2020-03-23 15:45:37',	'2020-03-23 15:45:37'),
(2,	'sahil',	'kaushal',	'sahil1931@gmail.com',	'amazon',	NULL,	'IN',	'PB',	'kharar',	'140401',	'9988831443',	'billing',	1,	NULL,	'2020-03-23 15:45:37',	'2020-03-23 15:45:37'),
(3,	'sam',	'kaushal',	'samcustomer@gmail.com',	'test',	NULL,	'IN',	'punjab',	'mohali',	'140401',	'99883144',	'shipping',	2,	NULL,	'2020-03-31 06:25:42',	'2020-03-31 06:25:42'),
(4,	'sam',	'kaushal',	'samcustomer@gmail.com',	'test',	NULL,	'IN',	'punjab',	'mohali',	'140401',	'99883144',	'billing',	2,	NULL,	'2020-03-31 06:25:42',	'2020-03-31 06:25:42'),
(5,	'SAHIL',	'KAUSHAL',	'sahil1931@gmail.com',	'ewrwer',	NULL,	'AU',	'ew',	'wer',	'2434',	'12345678',	'shipping',	3,	NULL,	'2020-04-01 08:03:29',	'2020-04-01 08:03:29'),
(6,	'SAHIL',	'KAUSHAL',	'sahil1931@gmail.com',	'ewrwer',	NULL,	'AU',	'ew',	'wer',	'2434',	'12345678',	'billing',	3,	NULL,	'2020-04-01 08:03:29',	'2020-04-01 08:03:29'),
(7,	'SAHIL',	'KAUSHAL',	'sahil1931@gmail.com',	'fdgd',	NULL,	'AM',	'fdg',	'dfg',	'463536',	'123456',	'shipping',	4,	NULL,	'2020-04-01 08:10:42',	'2020-04-01 08:10:42'),
(8,	'SAHIL',	'KAUSHAL',	'sahil1931@gmail.com',	'fdgd',	NULL,	'AM',	'fdg',	'dfg',	'463536',	'123456',	'billing',	4,	NULL,	'2020-04-01 08:10:42',	'2020-04-01 08:10:42'),
(9,	'kjkj',	'kjhkjh',	'abc@gmail.com',	'jkkjh',	NULL,	'AC',	'kjhkj',	'kjhk',	'765765',	'123456789',	'shipping',	5,	NULL,	'2020-04-01 08:13:52',	'2020-04-01 08:13:52'),
(10,	'kjkj',	'kjhkjh',	'abc@gmail.com',	'jkkjh',	NULL,	'AC',	'kjhkj',	'kjhk',	'765765',	'123456789',	'billing',	5,	NULL,	'2020-04-01 08:13:52',	'2020-04-01 08:13:52'),
(11,	'test',	'sad',	'test@gmail.com',	'test',	NULL,	'IN',	'punjab',	'kharar',	'140401',	'09875121216',	'shipping',	6,	NULL,	'2020-04-01 15:58:38',	'2020-04-01 15:58:38'),
(12,	'test',	'sad',	'test@gmail.com',	'test',	NULL,	'IN',	'punjab',	'kharar',	'140401',	'09875121216',	'billing',	6,	NULL,	'2020-04-01 15:58:38',	'2020-04-01 15:58:38'),
(13,	'SAHIL',	'KAUSHAL',	'S*******1@GMAIL.COM',	'HOUSE NO 307 WARD NO 15',	NULL,	'IN',	'PB',	'SIRHIND',	'147301',	'1443',	'shipping',	7,	NULL,	'2020-04-01 16:06:29',	'2020-04-01 16:06:29'),
(14,	'SAHIL',	'KAUSHAL',	'S*******1@GMAIL.COM',	'HOUSE NO 307 WARD NO 15',	NULL,	'IN',	'PB',	'SIRHIND',	'147301',	'1443',	'billing',	7,	NULL,	'2020-04-01 16:06:29',	'2020-04-01 16:06:29'),
(15,	'test',	'kjhkh',	'test@gmail.com',	'test',	NULL,	'IN',	'PB',	'kharar',	'140401',	'09875121216',	'shipping',	8,	NULL,	'2020-04-01 16:08:38',	'2020-04-01 16:08:38'),
(16,	'test',	'kjhkh',	'test@gmail.com',	'test',	NULL,	'IN',	'PB',	'kharar',	'140401',	'09875121216',	'billing',	8,	NULL,	'2020-04-01 16:08:38',	'2020-04-01 16:08:38'),
(17,	'test',	'ghf',	'test@gmail.com',	'test',	NULL,	'IN',	'PB',	'kharar',	'140401',	'09875121216',	'shipping',	9,	NULL,	'2020-04-01 16:26:51',	'2020-04-01 16:26:51'),
(18,	'test',	'ghf',	'test@gmail.com',	'test',	NULL,	'IN',	'PB',	'kharar',	'140401',	'09875121216',	'billing',	9,	NULL,	'2020-04-01 16:26:51',	'2020-04-01 16:26:51'),
(19,	'SAHIL',	'KAUSHAL',	'sahil1931@gmail.com',	'sdasd',	NULL,	'AU',	'asd',	'asdas',	'1213245',	'`1234546475',	'shipping',	10,	NULL,	'2020-04-01 21:37:01',	'2020-04-01 21:37:01'),
(20,	'SAHIL',	'KAUSHAL',	'sahil1931@gmail.com',	'sdasd',	NULL,	'AU',	'asd',	'asdas',	'1213245',	'`1234546475',	'billing',	10,	NULL,	'2020-04-01 21:37:01',	'2020-04-01 21:37:01'),
(21,	'SAHIL',	'KAUSHAL',	'sahil1931@gmail.com',	'egsdfg',	NULL,	'AU',	'dsgf',	'sdfgsd',	'3452',	'325235235',	'shipping',	11,	NULL,	'2020-04-01 21:40:13',	'2020-04-01 21:40:13'),
(22,	'SAHIL',	'KAUSHAL',	'sahil1931@gmail.com',	'egsdfg',	NULL,	'AU',	'dsgf',	'sdfgsd',	'3452',	'325235235',	'billing',	11,	NULL,	'2020-04-01 21:40:13',	'2020-04-01 21:40:13'),
(23,	'SAHIL',	'KAUSHAL',	'sahil1931@gmail.com',	'sasdas',	NULL,	'AC',	'asdasd',	'asdas',	'123123',	'234234234',	'shipping',	12,	NULL,	'2020-04-01 21:46:09',	'2020-04-01 21:46:09'),
(24,	'SAHIL',	'KAUSHAL',	'sahil1931@gmail.com',	'sasdas',	NULL,	'AC',	'asdasd',	'asdas',	'123123',	'234234234',	'billing',	12,	NULL,	'2020-04-01 21:46:09',	'2020-04-01 21:46:09'),
(25,	'SAHIL',	'KAUSHAL',	'sahil1931@gmail.com',	'zxvzV',	NULL,	'AC',	'ZXVZ',	'ZVZ',	'12345',	'12346547676879',	'shipping',	13,	NULL,	'2020-04-02 06:20:47',	'2020-04-02 06:20:47'),
(26,	'SAHIL',	'KAUSHAL',	'sahil1931@gmail.com',	'zxvzV',	NULL,	'AC',	'ZXVZ',	'ZVZ',	'12345',	'12346547676879',	'billing',	13,	NULL,	'2020-04-02 06:20:47',	'2020-04-02 06:20:47'),
(27,	'piyush',	'sharma',	'piyush_sharma91@yahoo.com',	'41',	NULL,	'IN',	'punjab',	'chandi',	'160104',	'999999999',	'shipping',	14,	NULL,	'2020-04-03 15:39:46',	'2020-04-03 15:39:46'),
(28,	'piyush',	'sharma',	'piyush_sharma91@yahoo.com',	'41',	NULL,	'IN',	'punjab',	'chandi',	'160104',	'999999999',	'billing',	14,	NULL,	'2020-04-03 15:39:46',	'2020-04-03 15:39:46'),
(29,	'piyush',	'sharma',	'piyush_sharma91@yahoo.com',	'41',	NULL,	'IN',	'punjab',	'chandi',	'160104',	'999999999',	'shipping',	15,	NULL,	'2020-04-03 16:31:32',	'2020-04-03 16:31:32'),
(30,	'piyush',	'sharma',	'piyush_sharma91@yahoo.com',	'41',	NULL,	'IN',	'punjab',	'chandi',	'160104',	'999999999',	'billing',	15,	NULL,	'2020-04-03 16:31:32',	'2020-04-03 16:31:32'),
(31,	'Edward',	'Long',	'edward.long10@gmail.com',	'Flat 11',	NULL,	'GB',	'UK',	'London',	'Sw208aw',	'07511005891',	'shipping',	16,	NULL,	'2020-04-05 16:23:10',	'2020-04-05 16:23:10'),
(32,	'Edward',	'Long',	'edward.long10@gmail.com',	'Flat 11',	NULL,	'GB',	'UK',	'London',	'Sw208aw',	'07511005891',	'billing',	16,	NULL,	'2020-04-05 16:23:10',	'2020-04-05 16:23:10'),
(33,	'Piyush ',	'Sharma',	'test@testtest123.com',	'w345536et',	NULL,	'AS',	'chandigarh',	'test',	'123123',	'456546767',	'shipping',	17,	NULL,	'2020-04-10 16:19:14',	'2020-04-10 16:19:14'),
(34,	'Piyush ',	'Sharma',	'test@testtest123.com',	'w345536et',	NULL,	'AS',	'chandigarh',	'test',	'123123',	'456546767',	'billing',	17,	NULL,	'2020-04-10 16:19:14',	'2020-04-10 16:19:14'),
(35,	'Edward',	'Long',	'test@sandysupplier.com',	'adkfja',	NULL,	'GB',	'UK',	'London',	'sw20',	'01010101011',	'shipping',	18,	NULL,	'2020-04-13 02:35:48',	'2020-04-13 02:35:48'),
(36,	'Edward',	'Long',	'test@sandysupplier.com',	'adkfja',	NULL,	'GB',	'UK',	'London',	'sw20',	'01010101011',	'billing',	18,	NULL,	'2020-04-13 02:35:48',	'2020-04-13 02:35:48'),
(37,	'sahil',	'user',	'sahil1931@gmail.com',	'HOUSE NO 307 WARD NO 15, DESHMESH COLONY SIRHIND, Address3',	NULL,	'IN',	'PB',	'SIRHIND',	'147301',	'09988831443',	'shipping',	19,	NULL,	'2020-05-11 17:22:42',	'2020-05-11 17:22:42'),
(38,	'sahil',	'user',	'sahil1931@gmail.com',	'HOUSE NO 307 WARD NO 15, DESHMESH COLONY SIRHIND, Address3',	NULL,	'IN',	'PB',	'SIRHIND',	'147301',	'09988831443',	'billing',	19,	NULL,	'2020-05-11 17:22:42',	'2020-05-11 17:22:42'),
(39,	'fsdf',	'dfsdfsdfs',	'kdnfvkjdfv@dfngkdfj.com',	'vpo sonkra tehsil nilokheri',	NULL,	'AQ',	'Georgia',	'Daman and Diu',	'132116',	'0423423423',	'shipping',	20,	NULL,	'2020-05-12 14:40:48',	'2020-05-12 14:40:48'),
(40,	'fsdf',	'dfsdfsdfs',	'kdnfvkjdfv@dfngkdfj.com',	'vpo sonkra tehsil nilokheri',	NULL,	'AQ',	'Georgia',	'Daman and Diu',	'132116',	'0423423423',	'billing',	20,	NULL,	'2020-05-12 14:40:48',	'2020-05-12 14:40:48');

DROP TABLE IF EXISTS `order_brands`;
CREATE TABLE `order_brands` (
  `id` int(10) unsigned NOT NULL AUTO_INCREMENT,
  `order_id` int(10) unsigned DEFAULT NULL,
  `order_item_id` int(10) unsigned DEFAULT NULL,
  `product_id` int(10) unsigned DEFAULT NULL,
  `brand` int(10) unsigned DEFAULT NULL,
  `created_at` timestamp NULL DEFAULT NULL,
  `updated_at` timestamp NULL DEFAULT NULL,
  PRIMARY KEY (`id`),
  KEY `order_brands_order_id_foreign` (`order_id`),
  KEY `order_brands_order_item_id_foreign` (`order_item_id`),
  KEY `order_brands_product_id_foreign` (`product_id`),
  KEY `order_brands_brand_foreign` (`brand`),
  CONSTRAINT `order_brands_brand_foreign` FOREIGN KEY (`brand`) REFERENCES `attribute_options` (`id`) ON DELETE CASCADE,
  CONSTRAINT `order_brands_order_id_foreign` FOREIGN KEY (`order_id`) REFERENCES `orders` (`id`) ON DELETE CASCADE,
  CONSTRAINT `order_brands_order_item_id_foreign` FOREIGN KEY (`order_item_id`) REFERENCES `order_items` (`id`) ON DELETE CASCADE,
  CONSTRAINT `order_brands_product_id_foreign` FOREIGN KEY (`product_id`) REFERENCES `products` (`id`) ON DELETE CASCADE
) ENGINE=InnoDB DEFAULT CHARSET=utf8mb4 COLLATE=utf8mb4_unicode_ci ROW_FORMAT=DYNAMIC;

INSERT INTO `order_brands` (`id`, `order_id`, `order_item_id`, `product_id`, `brand`, `created_at`, `updated_at`) VALUES
(1,	1,	1,	1,	NULL,	'2020-03-23 15:45:39',	'2020-03-23 15:45:39'),
(2,	2,	2,	18,	NULL,	'2020-03-31 06:25:45',	'2020-03-31 06:25:45'),
(3,	3,	3,	18,	NULL,	'2020-04-01 08:03:31',	'2020-04-01 08:03:31'),
(5,	4,	5,	7,	NULL,	'2020-04-01 08:10:44',	'2020-04-01 08:10:44'),
(6,	4,	6,	8,	NULL,	'2020-04-01 08:10:44',	'2020-04-01 08:10:44'),
(7,	5,	7,	1,	NULL,	'2020-04-01 08:13:54',	'2020-04-01 08:13:54'),
(8,	6,	8,	1,	NULL,	'2020-04-01 15:58:40',	'2020-04-01 15:58:40'),
(9,	7,	9,	1,	NULL,	'2020-04-01 16:06:30',	'2020-04-01 16:06:30'),
(10,	8,	10,	1,	NULL,	'2020-04-01 16:08:39',	'2020-04-01 16:08:39'),
(11,	9,	11,	1,	NULL,	'2020-04-01 16:26:53',	'2020-04-01 16:26:53'),
(12,	10,	12,	6,	NULL,	'2020-04-01 21:37:03',	'2020-04-01 21:37:03'),
(13,	10,	13,	7,	NULL,	'2020-04-01 21:37:03',	'2020-04-01 21:37:03'),
(14,	10,	14,	8,	NULL,	'2020-04-01 21:37:03',	'2020-04-01 21:37:03'),
(15,	11,	15,	6,	NULL,	'2020-04-01 21:40:15',	'2020-04-01 21:40:15'),
(16,	11,	16,	8,	NULL,	'2020-04-01 21:40:15',	'2020-04-01 21:40:15'),
(17,	11,	17,	10,	NULL,	'2020-04-01 21:40:15',	'2020-04-01 21:40:15'),
(18,	12,	18,	6,	NULL,	'2020-04-01 21:46:10',	'2020-04-01 21:46:10'),
(19,	12,	19,	11,	NULL,	'2020-04-01 21:46:10',	'2020-04-01 21:46:10'),
(20,	13,	20,	11,	NULL,	'2020-04-02 06:20:49',	'2020-04-02 06:20:49'),
(21,	13,	21,	6,	NULL,	'2020-04-02 06:20:49',	'2020-04-02 06:20:49'),
(22,	14,	22,	11,	NULL,	'2020-04-03 15:39:48',	'2020-04-03 15:39:48'),
(23,	15,	23,	11,	NULL,	'2020-04-03 16:31:34',	'2020-04-03 16:31:34'),
(24,	16,	24,	21,	NULL,	'2020-04-05 16:23:12',	'2020-04-05 16:23:12'),
(26,	18,	26,	18,	NULL,	'2020-04-13 02:35:50',	'2020-04-13 02:35:50'),
(27,	18,	27,	63,	NULL,	'2020-04-13 02:35:50',	'2020-04-13 02:35:50'),
(28,	19,	28,	1,	NULL,	'2020-05-11 17:22:44',	'2020-05-11 17:22:44'),
(29,	20,	29,	1,	NULL,	'2020-05-12 14:40:50',	'2020-05-12 14:40:50');

DROP TABLE IF EXISTS `order_items`;
CREATE TABLE `order_items` (
  `id` int(10) unsigned NOT NULL AUTO_INCREMENT,
  `sku` varchar(191) COLLATE utf8mb4_unicode_ci DEFAULT NULL,
  `type` varchar(191) COLLATE utf8mb4_unicode_ci DEFAULT NULL,
  `name` varchar(191) COLLATE utf8mb4_unicode_ci DEFAULT NULL,
  `coupon_code` varchar(191) COLLATE utf8mb4_unicode_ci DEFAULT NULL,
  `weight` decimal(12,4) DEFAULT '0.0000',
  `total_weight` decimal(12,4) DEFAULT '0.0000',
  `qty_ordered` int(11) DEFAULT '0',
  `qty_shipped` int(11) DEFAULT '0',
  `qty_invoiced` int(11) DEFAULT '0',
  `qty_canceled` int(11) DEFAULT '0',
  `qty_refunded` int(11) DEFAULT '0',
  `price` decimal(12,4) NOT NULL DEFAULT '0.0000',
  `base_price` decimal(12,4) NOT NULL DEFAULT '0.0000',
  `total` decimal(12,4) NOT NULL DEFAULT '0.0000',
  `base_total` decimal(12,4) NOT NULL DEFAULT '0.0000',
  `total_invoiced` decimal(12,4) NOT NULL DEFAULT '0.0000',
  `base_total_invoiced` decimal(12,4) NOT NULL DEFAULT '0.0000',
  `amount_refunded` decimal(12,4) NOT NULL DEFAULT '0.0000',
  `base_amount_refunded` decimal(12,4) NOT NULL DEFAULT '0.0000',
  `discount_percent` decimal(12,4) DEFAULT '0.0000',
  `discount_amount` decimal(12,4) DEFAULT '0.0000',
  `base_discount_amount` decimal(12,4) DEFAULT '0.0000',
  `discount_invoiced` decimal(12,4) DEFAULT '0.0000',
  `base_discount_invoiced` decimal(12,4) DEFAULT '0.0000',
  `discount_refunded` decimal(12,4) DEFAULT '0.0000',
  `base_discount_refunded` decimal(12,4) DEFAULT '0.0000',
  `tax_percent` decimal(12,4) DEFAULT '0.0000',
  `tax_amount` decimal(12,4) DEFAULT '0.0000',
  `base_tax_amount` decimal(12,4) DEFAULT '0.0000',
  `tax_amount_invoiced` decimal(12,4) DEFAULT '0.0000',
  `base_tax_amount_invoiced` decimal(12,4) DEFAULT '0.0000',
  `tax_amount_refunded` decimal(12,4) DEFAULT '0.0000',
  `base_tax_amount_refunded` decimal(12,4) DEFAULT '0.0000',
  `product_id` int(10) unsigned DEFAULT NULL,
  `product_type` varchar(191) COLLATE utf8mb4_unicode_ci DEFAULT NULL,
  `order_id` int(10) unsigned DEFAULT NULL,
  `parent_id` int(10) unsigned DEFAULT NULL,
  `additional` json DEFAULT NULL,
  `created_at` timestamp NULL DEFAULT NULL,
  `updated_at` timestamp NULL DEFAULT NULL,
  PRIMARY KEY (`id`),
  KEY `order_items_order_id_foreign` (`order_id`),
  KEY `order_items_parent_id_foreign` (`parent_id`),
  CONSTRAINT `order_items_order_id_foreign` FOREIGN KEY (`order_id`) REFERENCES `orders` (`id`) ON DELETE CASCADE,
  CONSTRAINT `order_items_parent_id_foreign` FOREIGN KEY (`parent_id`) REFERENCES `order_items` (`id`) ON DELETE CASCADE
) ENGINE=InnoDB DEFAULT CHARSET=utf8mb4 COLLATE=utf8mb4_unicode_ci ROW_FORMAT=DYNAMIC;

INSERT INTO `order_items` (`id`, `sku`, `type`, `name`, `coupon_code`, `weight`, `total_weight`, `qty_ordered`, `qty_shipped`, `qty_invoiced`, `qty_canceled`, `qty_refunded`, `price`, `base_price`, `total`, `base_total`, `total_invoiced`, `base_total_invoiced`, `amount_refunded`, `base_amount_refunded`, `discount_percent`, `discount_amount`, `base_discount_amount`, `discount_invoiced`, `base_discount_invoiced`, `discount_refunded`, `base_discount_refunded`, `tax_percent`, `tax_amount`, `base_tax_amount`, `tax_amount_invoiced`, `base_tax_amount_invoiced`, `tax_amount_refunded`, `base_tax_amount_refunded`, `product_id`, `product_type`, `order_id`, `parent_id`, `additional`, `created_at`, `updated_at`) VALUES
(1,	'123',	'simple',	'Fish',	NULL,	10.0000,	10.0000,	1,	1,	1,	0,	0,	9.0000,	9.0000,	9.0000,	9.0000,	9.0000,	9.0000,	0.0000,	0.0000,	0.0000,	0.0000,	0.0000,	0.0000,	0.0000,	0.0000,	0.0000,	0.0000,	0.0000,	0.0000,	0.0000,	0.0000,	0.0000,	0.0000,	1,	'Webkul\\Product\\Models\\Product',	1,	NULL,	'{\"_token\": \"GXKZN5Ou6qMQLLJa3iWoqxFHxWGdG3XHaMUkFQtt\", \"quantity\": \"1\", \"product_id\": \"1\"}',	'2020-03-23 15:45:37',	'2020-03-23 16:02:05'),
(2,	'simple123',	'simple',	'vegetables',	NULL,	21.0000,	21.0000,	1,	1,	1,	0,	0,	21.0000,	21.0000,	21.0000,	21.0000,	21.0000,	21.0000,	0.0000,	0.0000,	0.0000,	0.0000,	0.0000,	0.0000,	0.0000,	0.0000,	0.0000,	0.0000,	0.0000,	0.0000,	0.0000,	0.0000,	0.0000,	0.0000,	18,	'Webkul\\Product\\Models\\Product',	2,	NULL,	'{\"_token\": \"zGd4Afzl9OaXUQfgjpJ2P6f7BD3udMkMwKUbUl3B\", \"quantity\": \"1\", \"is_buy_now\": \"0\", \"product_id\": \"18\"}',	'2020-03-31 06:25:42',	'2020-03-31 06:27:23'),
(3,	'simple123',	'simple',	'vegetables',	NULL,	21.0000,	21.0000,	1,	0,	0,	0,	0,	21.0000,	21.0000,	21.0000,	21.0000,	0.0000,	0.0000,	0.0000,	0.0000,	0.0000,	0.0000,	0.0000,	0.0000,	0.0000,	0.0000,	0.0000,	0.0000,	0.0000,	0.0000,	0.0000,	0.0000,	0.0000,	0.0000,	18,	'Webkul\\Product\\Models\\Product',	3,	NULL,	'{\"_token\": \"1I89x5K4eLHtBP1sJUIMi8VX04eNnr5vX1KnPBmX\", \"product\": \"18\", \"quantity\": \"1\", \"is_configurable\": \"false\"}',	'2020-04-01 08:03:29',	'2020-04-01 08:03:29'),
(4,	'siple2',	'simple',	'vegatbales',	NULL,	21.0000,	21.0000,	1,	0,	0,	0,	0,	20.0000,	20.0000,	20.0000,	20.0000,	0.0000,	0.0000,	0.0000,	0.0000,	0.0000,	0.0000,	0.0000,	0.0000,	0.0000,	0.0000,	0.0000,	0.0000,	0.0000,	0.0000,	0.0000,	0.0000,	0.0000,	0.0000,	19,	'Webkul\\Product\\Models\\Product',	3,	NULL,	'{\"_token\": \"1I89x5K4eLHtBP1sJUIMi8VX04eNnr5vX1KnPBmX\", \"quantity\": \"1\", \"is_buy_now\": \"0\", \"product_id\": \"19\"}',	'2020-04-01 08:03:29',	'2020-04-01 08:03:29'),
(5,	'wildsamon1',	'simple',	'Wildsamon',	NULL,	12.0000,	12.0000,	1,	0,	0,	0,	0,	20.0000,	20.0000,	20.0000,	20.0000,	0.0000,	0.0000,	0.0000,	0.0000,	0.0000,	0.0000,	0.0000,	0.0000,	0.0000,	0.0000,	0.0000,	0.0000,	0.0000,	0.0000,	0.0000,	0.0000,	0.0000,	0.0000,	7,	'Webkul\\Product\\Models\\Product',	4,	NULL,	'{\"_token\": \"1I89x5K4eLHtBP1sJUIMi8VX04eNnr5vX1KnPBmX\", \"product\": \"7\", \"quantity\": \"1\", \"is_configurable\": \"false\"}',	'2020-04-01 08:10:42',	'2020-04-01 08:10:42'),
(6,	'rowpok',	'simple',	'Raw ',	NULL,	1.0000,	1.0000,	1,	0,	0,	0,	0,	9.0000,	9.0000,	9.0000,	9.0000,	0.0000,	0.0000,	0.0000,	0.0000,	0.0000,	0.0000,	0.0000,	0.0000,	0.0000,	0.0000,	0.0000,	0.0000,	0.0000,	0.0000,	0.0000,	0.0000,	0.0000,	0.0000,	8,	'Webkul\\Product\\Models\\Product',	4,	NULL,	'{\"_token\": \"1I89x5K4eLHtBP1sJUIMi8VX04eNnr5vX1KnPBmX\", \"quantity\": \"1\", \"is_buy_now\": \"0\", \"product_id\": \"8\"}',	'2020-04-01 08:10:42',	'2020-04-01 08:10:42'),
(7,	'123',	'simple',	'Just Shrimps',	NULL,	10.0000,	10.0000,	1,	0,	0,	0,	0,	9.0000,	9.0000,	9.0000,	9.0000,	0.0000,	0.0000,	0.0000,	0.0000,	0.0000,	0.0000,	0.0000,	0.0000,	0.0000,	0.0000,	0.0000,	0.0000,	0.0000,	0.0000,	0.0000,	0.0000,	0.0000,	0.0000,	1,	'Webkul\\Product\\Models\\Product',	5,	NULL,	'{\"_token\": \"emvBej812hsTiGkTt0NyVs4vWe7vpIohBgRsWG6p\", \"product\": \"1\", \"quantity\": \"1\", \"is_configurable\": \"false\"}',	'2020-04-01 08:13:52',	'2020-04-01 08:13:52'),
(8,	'123',	'simple',	'Just Shrimps',	NULL,	10.0000,	10.0000,	1,	0,	0,	0,	0,	9.0000,	9.0000,	9.0000,	9.0000,	0.0000,	0.0000,	0.0000,	0.0000,	0.0000,	0.0000,	0.0000,	0.0000,	0.0000,	0.0000,	0.0000,	0.0000,	0.0000,	0.0000,	0.0000,	0.0000,	0.0000,	0.0000,	1,	'Webkul\\Product\\Models\\Product',	6,	NULL,	'{\"_token\": \"dsDfEwNcjbFVlwzRkK9l7tqo1FmZ8GYaEfmIG60Z\", \"product\": \"1\", \"quantity\": \"1\", \"is_configurable\": \"false\"}',	'2020-04-01 15:58:38',	'2020-04-01 15:58:38'),
(9,	'123',	'simple',	'Just Shrimps',	NULL,	10.0000,	10.0000,	1,	0,	0,	0,	0,	9.0000,	9.0000,	9.0000,	9.0000,	0.0000,	0.0000,	0.0000,	0.0000,	0.0000,	0.0000,	0.0000,	0.0000,	0.0000,	0.0000,	0.0000,	0.0000,	0.0000,	0.0000,	0.0000,	0.0000,	0.0000,	0.0000,	1,	'Webkul\\Product\\Models\\Product',	7,	NULL,	'{\"_token\": \"dsDfEwNcjbFVlwzRkK9l7tqo1FmZ8GYaEfmIG60Z\", \"product\": \"1\", \"quantity\": \"1\", \"is_configurable\": \"false\"}',	'2020-04-01 16:06:29',	'2020-04-01 16:06:29'),
(10,	'123',	'simple',	'Just Shrimps',	NULL,	10.0000,	10.0000,	1,	0,	0,	0,	0,	9.0000,	9.0000,	9.0000,	9.0000,	0.0000,	0.0000,	0.0000,	0.0000,	0.0000,	0.0000,	0.0000,	0.0000,	0.0000,	0.0000,	0.0000,	0.0000,	0.0000,	0.0000,	0.0000,	0.0000,	0.0000,	0.0000,	1,	'Webkul\\Product\\Models\\Product',	8,	NULL,	'{\"_token\": \"dsDfEwNcjbFVlwzRkK9l7tqo1FmZ8GYaEfmIG60Z\", \"product\": \"1\", \"quantity\": \"1\", \"is_configurable\": \"false\"}',	'2020-04-01 16:08:38',	'2020-04-01 16:08:38'),
(11,	'123',	'simple',	'Just Shrimps',	NULL,	10.0000,	20.0000,	2,	0,	0,	0,	0,	9.0000,	9.0000,	18.0000,	18.0000,	0.0000,	0.0000,	0.0000,	0.0000,	0.0000,	0.0000,	0.0000,	0.0000,	0.0000,	0.0000,	0.0000,	0.0000,	0.0000,	0.0000,	0.0000,	0.0000,	0.0000,	0.0000,	1,	'Webkul\\Product\\Models\\Product',	9,	NULL,	'{\"_token\": \"dsDfEwNcjbFVlwzRkK9l7tqo1FmZ8GYaEfmIG60Z\", \"quantity\": 2, \"is_buy_now\": \"0\", \"product_id\": \"1\"}',	'2020-04-01 16:26:51',	'2020-04-01 16:26:51'),
(12,	'rowprok12',	'simple',	'Raw Pork Ribs',	NULL,	21.0000,	21.0000,	1,	0,	0,	0,	0,	20.0000,	20.0000,	20.0000,	20.0000,	0.0000,	0.0000,	0.0000,	0.0000,	0.0000,	0.0000,	0.0000,	0.0000,	0.0000,	0.0000,	0.0000,	0.0000,	0.0000,	0.0000,	0.0000,	0.0000,	0.0000,	0.0000,	6,	'Webkul\\Product\\Models\\Product',	10,	NULL,	'{\"_token\": \"6KETp2s7LtEssH04VYNKfymZmJxXCf4LYKtcxs2M\", \"product\": \"6\", \"quantity\": \"1\", \"is_configurable\": \"false\"}',	'2020-04-01 21:37:01',	'2020-04-01 21:37:01'),
(13,	'wildsamon1',	'simple',	'Wildsamon',	NULL,	12.0000,	12.0000,	1,	0,	0,	0,	0,	20.0000,	20.0000,	20.0000,	20.0000,	0.0000,	0.0000,	0.0000,	0.0000,	0.0000,	0.0000,	0.0000,	0.0000,	0.0000,	0.0000,	0.0000,	0.0000,	0.0000,	0.0000,	0.0000,	0.0000,	0.0000,	0.0000,	7,	'Webkul\\Product\\Models\\Product',	10,	NULL,	'{\"_token\": \"6KETp2s7LtEssH04VYNKfymZmJxXCf4LYKtcxs2M\", \"quantity\": \"1\", \"is_buy_now\": \"0\", \"product_id\": \"7\"}',	'2020-04-01 21:37:01',	'2020-04-01 21:37:01'),
(14,	'rowpok',	'simple',	'Raw ',	NULL,	1.0000,	1.0000,	1,	0,	0,	0,	0,	9.0000,	9.0000,	9.0000,	9.0000,	0.0000,	0.0000,	0.0000,	0.0000,	0.0000,	0.0000,	0.0000,	0.0000,	0.0000,	0.0000,	0.0000,	0.0000,	0.0000,	0.0000,	0.0000,	0.0000,	0.0000,	0.0000,	8,	'Webkul\\Product\\Models\\Product',	10,	NULL,	'{\"_token\": \"6KETp2s7LtEssH04VYNKfymZmJxXCf4LYKtcxs2M\", \"quantity\": \"1\", \"is_buy_now\": \"0\", \"product_id\": \"8\"}',	'2020-04-01 21:37:01',	'2020-04-01 21:37:01'),
(15,	'rowprok12',	'simple',	'Raw Pork Ribs',	NULL,	21.0000,	21.0000,	1,	0,	0,	0,	0,	20.0000,	20.0000,	20.0000,	20.0000,	0.0000,	0.0000,	0.0000,	0.0000,	0.0000,	0.0000,	0.0000,	0.0000,	0.0000,	0.0000,	0.0000,	0.0000,	0.0000,	0.0000,	0.0000,	0.0000,	0.0000,	0.0000,	6,	'Webkul\\Product\\Models\\Product',	11,	NULL,	'{\"_token\": \"6KETp2s7LtEssH04VYNKfymZmJxXCf4LYKtcxs2M\", \"product\": \"6\", \"quantity\": \"1\", \"is_configurable\": \"false\"}',	'2020-04-01 21:40:13',	'2020-04-01 21:40:13'),
(16,	'rowpok',	'simple',	'Raw ',	NULL,	1.0000,	1.0000,	1,	0,	0,	0,	0,	9.0000,	9.0000,	9.0000,	9.0000,	0.0000,	0.0000,	0.0000,	0.0000,	0.0000,	0.0000,	0.0000,	0.0000,	0.0000,	0.0000,	0.0000,	0.0000,	0.0000,	0.0000,	0.0000,	0.0000,	0.0000,	0.0000,	8,	'Webkul\\Product\\Models\\Product',	11,	NULL,	'{\"_token\": \"6KETp2s7LtEssH04VYNKfymZmJxXCf4LYKtcxs2M\", \"quantity\": \"1\", \"is_buy_now\": \"0\", \"product_id\": \"8\"}',	'2020-04-01 21:40:13',	'2020-04-01 21:40:13'),
(17,	'rawpork-33',	'simple',	'Raw Pork Ribs',	NULL,	2.0000,	2.0000,	1,	0,	0,	0,	0,	11.0000,	11.0000,	11.0000,	11.0000,	0.0000,	0.0000,	0.0000,	0.0000,	0.0000,	0.0000,	0.0000,	0.0000,	0.0000,	0.0000,	0.0000,	0.0000,	0.0000,	0.0000,	0.0000,	0.0000,	0.0000,	0.0000,	10,	'Webkul\\Product\\Models\\Product',	11,	NULL,	'{\"_token\": \"6KETp2s7LtEssH04VYNKfymZmJxXCf4LYKtcxs2M\", \"quantity\": \"1\", \"is_buy_now\": \"0\", \"product_id\": \"10\"}',	'2020-04-01 21:40:13',	'2020-04-01 21:40:13'),
(18,	'rowprok12',	'simple',	'Raw Pork Ribs',	NULL,	21.0000,	21.0000,	1,	0,	0,	0,	0,	20.0000,	20.0000,	20.0000,	20.0000,	0.0000,	0.0000,	0.0000,	0.0000,	0.0000,	0.0000,	0.0000,	0.0000,	0.0000,	0.0000,	0.0000,	0.0000,	0.0000,	0.0000,	0.0000,	0.0000,	0.0000,	0.0000,	6,	'Webkul\\Product\\Models\\Product',	12,	NULL,	'{\"_token\": \"6KETp2s7LtEssH04VYNKfymZmJxXCf4LYKtcxs2M\", \"product\": \"6\", \"quantity\": \"1\", \"is_configurable\": \"false\"}',	'2020-04-01 21:46:09',	'2020-04-01 21:46:09'),
(19,	'wildsamon6',	'simple',	'Wild Salmon',	NULL,	21.0000,	21.0000,	1,	0,	0,	0,	0,	11.0000,	11.0000,	11.0000,	11.0000,	0.0000,	0.0000,	0.0000,	0.0000,	0.0000,	0.0000,	0.0000,	0.0000,	0.0000,	0.0000,	0.0000,	0.0000,	0.0000,	0.0000,	0.0000,	0.0000,	0.0000,	0.0000,	11,	'Webkul\\Product\\Models\\Product',	12,	NULL,	'{\"_token\": \"6KETp2s7LtEssH04VYNKfymZmJxXCf4LYKtcxs2M\", \"quantity\": \"1\", \"is_buy_now\": \"0\", \"product_id\": \"11\"}',	'2020-04-01 21:46:09',	'2020-04-01 21:46:09'),
(20,	'wildsamon6',	'simple',	'Wild Salmon',	NULL,	21.0000,	105.0000,	5,	0,	0,	0,	0,	11.0000,	11.0000,	55.0000,	55.0000,	0.0000,	0.0000,	0.0000,	0.0000,	0.0000,	0.0000,	0.0000,	0.0000,	0.0000,	0.0000,	0.0000,	0.0000,	0.0000,	0.0000,	0.0000,	0.0000,	0.0000,	0.0000,	11,	'Webkul\\Product\\Models\\Product',	13,	NULL,	'{\"_token\": \"ZmEC0Gcki99vWq3HNfmi2ed9pGdjIKghs6uPS7p8\", \"quantity\": 5, \"is_buy_now\": \"0\", \"product_id\": \"11\"}',	'2020-04-02 06:20:47',	'2020-04-02 06:20:47'),
(21,	'rowprok12',	'simple',	'Raw Pork Ribs',	NULL,	21.0000,	21.0000,	1,	0,	0,	0,	0,	20.0000,	20.0000,	20.0000,	20.0000,	0.0000,	0.0000,	0.0000,	0.0000,	0.0000,	0.0000,	0.0000,	0.0000,	0.0000,	0.0000,	0.0000,	0.0000,	0.0000,	0.0000,	0.0000,	0.0000,	0.0000,	0.0000,	6,	'Webkul\\Product\\Models\\Product',	13,	NULL,	'{\"_token\": \"ZmEC0Gcki99vWq3HNfmi2ed9pGdjIKghs6uPS7p8\", \"quantity\": \"1\", \"is_buy_now\": \"0\", \"product_id\": \"6\"}',	'2020-04-02 06:20:47',	'2020-04-02 06:20:47'),
(22,	'wildsamon6',	'simple',	'Wild Salmon',	NULL,	21.0000,	21.0000,	1,	0,	1,	0,	0,	11.0000,	11.0000,	11.0000,	11.0000,	11.0000,	11.0000,	0.0000,	0.0000,	0.0000,	0.0000,	0.0000,	0.0000,	0.0000,	0.0000,	0.0000,	0.0000,	0.0000,	0.0000,	0.0000,	0.0000,	0.0000,	0.0000,	11,	'Webkul\\Product\\Models\\Product',	14,	NULL,	'{\"_token\": \"jfb6iZrMPRsrL7TxXa11NgfAaWL6tVRpERoL1Ekm\", \"product\": \"11\", \"quantity\": \"1\", \"seller_info\": {\"is_owner\": \"0\", \"seller_id\": \"6\", \"product_id\": \"6\"}, \"is_configurable\": \"false\"}',	'2020-04-03 15:39:46',	'2020-04-03 15:43:27'),
(23,	'wildsamon6',	'simple',	'Wild Salmon',	NULL,	21.0000,	42.0000,	2,	0,	2,	0,	0,	11.0000,	11.0000,	22.0000,	22.0000,	22.0000,	22.0000,	0.0000,	0.0000,	0.0000,	0.0000,	0.0000,	0.0000,	0.0000,	0.0000,	0.0000,	0.0000,	0.0000,	0.0000,	0.0000,	0.0000,	0.0000,	0.0000,	11,	'Webkul\\Product\\Models\\Product',	15,	NULL,	'{\"_token\": \"jfb6iZrMPRsrL7TxXa11NgfAaWL6tVRpERoL1Ekm\", \"product\": \"11\", \"quantity\": \"1\", \"seller_info\": {\"is_owner\": \"0\", \"seller_id\": \"6\", \"product_id\": \"6\"}, \"is_configurable\": \"false\"}',	'2020-04-03 16:31:32',	'2020-04-03 16:36:26'),
(24,	'01abc',	'simple',	'Chocolate powder',	NULL,	50.0000,	100.0000,	2,	0,	0,	0,	0,	8.0000,	8.0000,	16.0000,	16.0000,	0.0000,	0.0000,	0.0000,	0.0000,	0.0000,	0.0000,	0.0000,	0.0000,	0.0000,	0.0000,	0.0000,	0.0000,	0.0000,	0.0000,	0.0000,	0.0000,	0.0000,	0.0000,	21,	'Webkul\\Product\\Models\\Product',	16,	NULL,	'{\"_token\": \"fFrOVaYJa52leBEHdX7ZscfU407HQ80THdcBxNfn\", \"quantity\": 2, \"is_buy_now\": \"1\", \"product_id\": \"21\"}',	'2020-04-05 16:23:10',	'2020-04-05 16:23:10'),
(25,	'oiupi123',	'simple',	'Table',	NULL,	8.0000,	8.0000,	1,	0,	1,	0,	0,	90.0000,	90.0000,	90.0000,	90.0000,	90.0000,	90.0000,	0.0000,	0.0000,	0.0000,	0.0000,	0.0000,	0.0000,	0.0000,	0.0000,	0.0000,	0.0000,	0.0000,	0.0000,	0.0000,	0.0000,	0.0000,	0.0000,	60,	'Webkul\\Product\\Models\\Product',	17,	NULL,	'{\"_token\": \"BlJM1U27cubZSkx08EXOg24SDZr6dWpVnd9axnw0\", \"quantity\": \"1\", \"is_buy_now\": \"0\", \"product_id\": \"60\"}',	'2020-04-10 16:19:14',	'2020-04-10 16:22:23'),
(26,	'simple123',	'simple',	'Cod Cheek',	NULL,	21.0000,	21.0000,	1,	1,	1,	0,	0,	8.0000,	8.0000,	8.0000,	8.0000,	8.0000,	8.0000,	0.0000,	0.0000,	0.0000,	0.0000,	0.0000,	0.0000,	0.0000,	0.0000,	0.0000,	0.0000,	0.0000,	0.0000,	0.0000,	0.0000,	0.0000,	0.0000,	18,	'Webkul\\Product\\Models\\Product',	18,	NULL,	'{\"_token\": \"LXy9aIS9279SZyWBJzFRRkETBb0NQhc18lYuddq4\", \"quantity\": \"1\", \"is_buy_now\": \"0\", \"product_id\": \"18\"}',	'2020-04-13 02:35:48',	'2020-04-13 03:05:06'),
(27,	'123jdkf',	'simple',	'John Dory',	NULL,	10.0000,	10.0000,	1,	1,	1,	0,	0,	12.0000,	12.0000,	12.0000,	12.0000,	12.0000,	12.0000,	0.0000,	0.0000,	0.0000,	0.0000,	0.0000,	0.0000,	0.0000,	0.0000,	0.0000,	0.0000,	0.0000,	0.0000,	0.0000,	0.0000,	0.0000,	0.0000,	63,	'Webkul\\Product\\Models\\Product',	18,	NULL,	'{\"_token\": \"LXy9aIS9279SZyWBJzFRRkETBb0NQhc18lYuddq4\", \"quantity\": \"1\", \"is_buy_now\": \"0\", \"product_id\": \"63\"}',	'2020-04-13 02:35:48',	'2020-04-13 03:05:06'),
(28,	'123',	'simple',	'Just Shrimps',	NULL,	10.0000,	20.0000,	2,	0,	2,	0,	0,	9.0000,	9.0000,	18.0000,	18.0000,	18.0000,	18.0000,	0.0000,	0.0000,	0.0000,	0.0000,	0.0000,	0.0000,	0.0000,	0.0000,	0.0000,	0.0000,	0.0000,	0.0000,	0.0000,	0.0000,	0.0000,	0.0000,	1,	'Webkul\\Product\\Models\\Product',	19,	NULL,	'{\"_token\": \"Fz1qS8SI7IGlCZjkldPrAccWs83rAgJ4ZOJVI3eB\", \"quantity\": 2, \"is_buy_now\": \"0\", \"product_id\": \"1\"}',	'2020-05-11 17:22:42',	'2020-05-11 17:22:46'),
(29,	'123',	'simple',	'Just Shrimps',	NULL,	10.0000,	10.0000,	1,	0,	0,	0,	0,	9.0000,	9.0000,	9.0000,	9.0000,	0.0000,	0.0000,	0.0000,	0.0000,	0.0000,	0.0000,	0.0000,	0.0000,	0.0000,	0.0000,	0.0000,	0.0000,	0.0000,	0.0000,	0.0000,	0.0000,	0.0000,	0.0000,	1,	'Webkul\\Product\\Models\\Product',	20,	NULL,	'{\"_token\": \"SU40dWzbY1SIIpKmkuxnqM09FRUE3jBOTtrID8Y0\", \"quantity\": \"1\", \"is_buy_now\": \"0\", \"product_id\": \"1\"}',	'2020-05-12 14:40:48',	'2020-05-12 14:40:48');

DROP TABLE IF EXISTS `order_payment`;
CREATE TABLE `order_payment` (
  `id` int(10) unsigned NOT NULL AUTO_INCREMENT,
  `method` varchar(191) COLLATE utf8mb4_unicode_ci NOT NULL,
  `method_title` varchar(191) COLLATE utf8mb4_unicode_ci DEFAULT NULL,
  `order_id` int(10) unsigned DEFAULT NULL,
  `created_at` timestamp NULL DEFAULT NULL,
  `updated_at` timestamp NULL DEFAULT NULL,
  PRIMARY KEY (`id`),
  KEY `order_payment_order_id_foreign` (`order_id`),
  CONSTRAINT `order_payment_order_id_foreign` FOREIGN KEY (`order_id`) REFERENCES `orders` (`id`) ON DELETE CASCADE
) ENGINE=InnoDB DEFAULT CHARSET=utf8mb4 COLLATE=utf8mb4_unicode_ci ROW_FORMAT=DYNAMIC;

INSERT INTO `order_payment` (`id`, `method`, `method_title`, `order_id`, `created_at`, `updated_at`) VALUES
(1,	'cashondelivery',	NULL,	1,	'2020-03-23 15:45:37',	'2020-03-23 15:45:37'),
(2,	'cashondelivery',	NULL,	2,	'2020-03-31 06:25:42',	'2020-03-31 06:25:42'),
(3,	'cashondelivery',	NULL,	3,	'2020-04-01 08:03:29',	'2020-04-01 08:03:29'),
(4,	'cashondelivery',	NULL,	4,	'2020-04-01 08:10:42',	'2020-04-01 08:10:42'),
(5,	'cashondelivery',	NULL,	5,	'2020-04-01 08:13:52',	'2020-04-01 08:13:52'),
(6,	'cashondelivery',	NULL,	6,	'2020-04-01 15:58:38',	'2020-04-01 15:58:38'),
(7,	'cashondelivery',	NULL,	7,	'2020-04-01 16:06:29',	'2020-04-01 16:06:29'),
(8,	'cashondelivery',	NULL,	8,	'2020-04-01 16:08:38',	'2020-04-01 16:08:38'),
(9,	'cashondelivery',	NULL,	9,	'2020-04-01 16:26:51',	'2020-04-01 16:26:51'),
(10,	'cashondelivery',	NULL,	10,	'2020-04-01 21:37:01',	'2020-04-01 21:37:01'),
(11,	'cashondelivery',	NULL,	11,	'2020-04-01 21:40:13',	'2020-04-01 21:40:13'),
(12,	'cashondelivery',	NULL,	12,	'2020-04-01 21:46:09',	'2020-04-01 21:46:09'),
(13,	'cashondelivery',	NULL,	13,	'2020-04-02 06:20:47',	'2020-04-02 06:20:47'),
(14,	'cashondelivery',	NULL,	14,	'2020-04-03 15:39:46',	'2020-04-03 15:39:46'),
(15,	'cashondelivery',	NULL,	15,	'2020-04-03 16:31:32',	'2020-04-03 16:31:32'),
(16,	'cashondelivery',	NULL,	16,	'2020-04-05 16:23:10',	'2020-04-05 16:23:10'),
(17,	'cashondelivery',	NULL,	17,	'2020-04-10 16:19:14',	'2020-04-10 16:19:14'),
(18,	'cashondelivery',	NULL,	18,	'2020-04-13 02:35:48',	'2020-04-13 02:35:48'),
(19,	'paypal_standard',	NULL,	19,	'2020-05-11 17:22:42',	'2020-05-11 17:22:42'),
(20,	'cashondelivery',	NULL,	20,	'2020-05-12 14:40:48',	'2020-05-12 14:40:48');

DROP TABLE IF EXISTS `password_resets`;
CREATE TABLE `password_resets` (
  `email` varchar(191) COLLATE utf8mb4_unicode_ci NOT NULL,
  `token` varchar(191) COLLATE utf8mb4_unicode_ci NOT NULL,
  `created_at` timestamp NULL DEFAULT NULL,
  KEY `password_resets_email_index` (`email`)
) ENGINE=InnoDB DEFAULT CHARSET=utf8mb4 COLLATE=utf8mb4_unicode_ci ROW_FORMAT=DYNAMIC;


DROP TABLE IF EXISTS `products`;
CREATE TABLE `products` (
  `id` int(10) unsigned NOT NULL AUTO_INCREMENT,
  `sku` varchar(191) COLLATE utf8mb4_unicode_ci NOT NULL,
  `type` varchar(191) COLLATE utf8mb4_unicode_ci NOT NULL,
  `created_at` timestamp NULL DEFAULT NULL,
  `updated_at` timestamp NULL DEFAULT NULL,
  `parent_id` int(10) unsigned DEFAULT NULL,
  `attribute_family_id` int(10) unsigned DEFAULT NULL,
  PRIMARY KEY (`id`),
  UNIQUE KEY `products_sku_unique` (`sku`),
  KEY `products_attribute_family_id_foreign` (`attribute_family_id`),
  KEY `products_parent_id_foreign` (`parent_id`),
  CONSTRAINT `products_attribute_family_id_foreign` FOREIGN KEY (`attribute_family_id`) REFERENCES `attribute_families` (`id`),
  CONSTRAINT `products_parent_id_foreign` FOREIGN KEY (`parent_id`) REFERENCES `products` (`id`) ON DELETE CASCADE
) ENGINE=InnoDB DEFAULT CHARSET=utf8mb4 COLLATE=utf8mb4_unicode_ci ROW_FORMAT=DYNAMIC;

INSERT INTO `products` (`id`, `sku`, `type`, `created_at`, `updated_at`, `parent_id`, `attribute_family_id`) VALUES
(1,	'123',	'simple',	'2020-03-19 09:24:54',	'2020-03-19 09:24:54',	NULL,	1),
(2,	'212',	'simple',	'2020-03-19 10:24:12',	'2020-03-19 10:24:12',	NULL,	1),
(3,	'2122',	'simple',	'2020-03-19 10:26:58',	'2020-03-19 10:26:58',	NULL,	1),
(4,	'21312',	'simple',	'2020-03-19 10:29:17',	'2020-03-19 10:29:17',	NULL,	1),
(5,	'rawpork-1',	'simple',	'2020-03-26 17:31:03',	'2020-03-26 17:31:03',	NULL,	1),
(6,	'rowprok12',	'simple',	'2020-03-26 17:52:07',	'2020-03-26 17:52:07',	NULL,	1),
(7,	'wildsamon1',	'simple',	'2020-03-26 17:58:17',	'2020-03-26 17:58:17',	NULL,	1),
(8,	'rowpok',	'simple',	'2020-03-26 18:01:06',	'2020-03-26 18:01:06',	NULL,	1),
(9,	'wildsamon2',	'simple',	'2020-03-26 18:02:13',	'2020-03-26 18:02:13',	NULL,	1),
(10,	'rawpork-33',	'simple',	'2020-03-26 18:04:35',	'2020-03-26 18:04:35',	NULL,	1),
(11,	'wildsamon6',	'simple',	'2020-03-26 18:13:45',	'2020-03-26 18:13:45',	NULL,	1),
(12,	'vegatable',	'simple',	'2020-03-26 18:16:36',	'2020-03-26 18:16:36',	NULL,	1),
(13,	'12345',	'simple',	'2020-03-27 14:54:38',	'2020-03-27 14:54:38',	NULL,	1),
(14,	'abc1',	'simple',	'2020-03-30 12:56:34',	'2020-03-30 12:56:34',	NULL,	1),
(18,	'simple123',	'simple',	'2020-03-31 04:08:03',	'2020-03-31 04:08:03',	NULL,	1),
(20,	'1231243',	'simple',	'2020-04-03 15:36:11',	'2020-04-03 15:36:11',	NULL,	1),
(21,	'01abc',	'simple',	'2020-04-03 17:56:45',	'2020-04-03 21:30:29',	NULL,	1),
(22,	'product123',	'simple',	'2020-04-07 17:33:13',	'2020-04-07 17:33:13',	NULL,	1),
(23,	'product1234',	'simple',	'2020-04-07 18:23:18',	'2020-04-07 18:23:18',	NULL,	1),
(24,	'178653',	'simple',	'2020-04-10 13:09:01',	'2020-04-10 13:09:01',	NULL,	1),
(61,	'erty12',	'simple',	'2020-04-12 20:47:10',	'2020-04-12 20:47:10',	NULL,	1),
(63,	'123jdkf',	'simple',	'2020-04-12 22:15:00',	'2020-04-12 22:15:00',	NULL,	1),
(64,	'tst123',	'simple',	'2020-04-13 03:17:20',	'2020-04-13 03:17:20',	NULL,	1),
(65,	'test123',	'simple',	'2020-04-13 03:47:43',	'2020-04-13 03:47:43',	NULL,	1),
(66,	'cod001',	'simple',	'2020-04-13 18:01:55',	'2020-04-13 18:01:55',	NULL,	2),
(67,	'123jdks',	'simple',	'2020-04-17 12:20:35',	'2020-04-17 12:20:35',	NULL,	2),
(68,	'newshop',	'simple',	'2020-04-25 13:05:17',	'2020-04-25 13:05:17',	NULL,	1),
(69,	'123dfz',	'simple',	'2020-04-28 16:57:00',	'2020-04-28 16:57:00',	NULL,	2),
(70,	'newproduct',	'simple',	'2020-05-03 11:56:06',	'2020-05-03 11:56:06',	NULL,	2),
(71,	'tet',	'simple',	'2020-05-03 13:30:27',	'2020-05-03 13:30:27',	NULL,	1),
(72,	'dassd',	'simple',	'2020-05-03 13:35:40',	'2020-05-03 13:35:40',	NULL,	2),
(73,	'test1231432',	'simple',	'2020-05-03 14:23:39',	'2020-05-11 11:13:55',	NULL,	1),
(74,	'product3',	'simple',	'2020-05-03 15:06:43',	'2020-05-11 11:15:27',	NULL,	1),
(75,	'adf32',	'simple',	'2020-05-04 13:47:06',	'2020-05-04 13:47:06',	NULL,	1),
(76,	'tsst',	'simple',	'2020-05-05 10:41:27',	'2020-05-05 10:41:27',	NULL,	1),
(77,	'jh86',	'simple',	'2020-05-05 15:25:59',	'2020-05-05 15:25:59',	NULL,	2),
(78,	'tesdasd',	'simple',	'2020-05-06 13:41:11',	'2020-05-06 13:41:11',	NULL,	1),
(79,	'dsadasdasd',	'simple',	'2020-05-07 19:44:05',	'2020-05-07 19:44:05',	NULL,	1),
(80,	'dsadas',	'simple',	'2020-05-08 14:12:34',	'2020-05-08 14:12:34',	NULL,	1),
(81,	'sdadas',	'simple',	'2020-05-11 12:32:47',	'2020-05-11 12:32:47',	NULL,	1),
(82,	'reads',	'simple',	'2020-05-11 17:24:22',	'2020-05-11 17:24:22',	NULL,	1);

DROP TABLE IF EXISTS `product_attribute_values`;
CREATE TABLE `product_attribute_values` (
  `id` int(10) unsigned NOT NULL AUTO_INCREMENT,
  `locale` varchar(191) COLLATE utf8mb4_unicode_ci DEFAULT NULL,
  `channel` varchar(191) COLLATE utf8mb4_unicode_ci DEFAULT NULL,
  `text_value` text COLLATE utf8mb4_unicode_ci,
  `boolean_value` tinyint(1) DEFAULT NULL,
  `integer_value` int(11) DEFAULT NULL,
  `float_value` decimal(12,4) DEFAULT NULL,
  `datetime_value` datetime DEFAULT NULL,
  `date_value` date DEFAULT NULL,
  `json_value` json DEFAULT NULL,
  `product_id` int(10) unsigned NOT NULL,
  `attribute_id` int(10) unsigned NOT NULL,
  PRIMARY KEY (`id`),
  UNIQUE KEY `chanel_locale_attribute_value_index_unique` (`channel`,`locale`,`attribute_id`,`product_id`),
  KEY `product_attribute_values_product_id_foreign` (`product_id`),
  KEY `product_attribute_values_attribute_id_foreign` (`attribute_id`),
  CONSTRAINT `product_attribute_values_attribute_id_foreign` FOREIGN KEY (`attribute_id`) REFERENCES `attributes` (`id`) ON DELETE CASCADE,
  CONSTRAINT `product_attribute_values_product_id_foreign` FOREIGN KEY (`product_id`) REFERENCES `products` (`id`) ON DELETE CASCADE
) ENGINE=InnoDB DEFAULT CHARSET=utf8mb4 COLLATE=utf8mb4_unicode_ci ROW_FORMAT=DYNAMIC;

INSERT INTO `product_attribute_values` (`id`, `locale`, `channel`, `text_value`, `boolean_value`, `integer_value`, `float_value`, `datetime_value`, `date_value`, `json_value`, `product_id`, `attribute_id`) VALUES
(1,	'en',	'default',	'<p>Lorem Ipsum is simply dummy text of the printing and typesetting industry. Lorem Ipsum has been the industry\'s standard dummy text ever since the 1500s, when an unknown printer took a galley of type and scrambled it to make a type specimen book</p>',	NULL,	NULL,	NULL,	NULL,	NULL,	NULL,	1,	9),
(2,	'en',	'default',	'<p>Lorem Ipsum is simply dummy text of the printing and typesetting industry. Lorem Ipsum has been the industry\'s standard dummy text ever since the 1500s, when an unknown printer took a galley of type and scrambled it to make a type specimen book</p>',	NULL,	NULL,	NULL,	NULL,	NULL,	NULL,	1,	10),
(3,	NULL,	NULL,	'123',	NULL,	NULL,	NULL,	NULL,	NULL,	NULL,	1,	1),
(4,	'en',	'default',	'Just Shrimps',	NULL,	NULL,	NULL,	NULL,	NULL,	NULL,	1,	2),
(5,	NULL,	NULL,	'just-shrimps',	NULL,	NULL,	NULL,	NULL,	NULL,	NULL,	1,	3),
(6,	NULL,	'default',	NULL,	NULL,	0,	NULL,	NULL,	NULL,	NULL,	1,	4),
(7,	NULL,	NULL,	NULL,	0,	NULL,	NULL,	NULL,	NULL,	NULL,	1,	5),
(8,	NULL,	NULL,	NULL,	1,	NULL,	NULL,	NULL,	NULL,	NULL,	1,	6),
(9,	NULL,	NULL,	NULL,	1,	NULL,	NULL,	NULL,	NULL,	NULL,	1,	7),
(10,	NULL,	NULL,	NULL,	1,	NULL,	NULL,	NULL,	NULL,	NULL,	1,	8),
(11,	NULL,	NULL,	NULL,	NULL,	1,	NULL,	NULL,	NULL,	NULL,	1,	23),
(12,	NULL,	NULL,	NULL,	NULL,	6,	NULL,	NULL,	NULL,	NULL,	1,	24),
(13,	NULL,	NULL,	NULL,	1,	NULL,	NULL,	NULL,	NULL,	NULL,	1,	26),
(14,	'en',	'default',	'',	NULL,	NULL,	NULL,	NULL,	NULL,	NULL,	1,	16),
(15,	'en',	'default',	'',	NULL,	NULL,	NULL,	NULL,	NULL,	NULL,	1,	17),
(16,	'en',	'default',	'',	NULL,	NULL,	NULL,	NULL,	NULL,	NULL,	1,	18),
(17,	NULL,	NULL,	NULL,	NULL,	NULL,	10.0000,	NULL,	NULL,	NULL,	1,	11),
(18,	NULL,	'default',	NULL,	NULL,	NULL,	10.0000,	NULL,	NULL,	NULL,	1,	12),
(19,	NULL,	NULL,	NULL,	NULL,	NULL,	9.0000,	NULL,	NULL,	NULL,	1,	13),
(20,	NULL,	'default',	NULL,	NULL,	NULL,	NULL,	NULL,	NULL,	NULL,	1,	14),
(21,	NULL,	'default',	NULL,	NULL,	NULL,	NULL,	NULL,	NULL,	NULL,	1,	15),
(22,	NULL,	NULL,	'',	NULL,	NULL,	NULL,	NULL,	NULL,	NULL,	1,	19),
(23,	NULL,	NULL,	'',	NULL,	NULL,	NULL,	NULL,	NULL,	NULL,	1,	20),
(24,	NULL,	NULL,	'',	NULL,	NULL,	NULL,	NULL,	NULL,	NULL,	1,	21),
(25,	NULL,	NULL,	'10',	NULL,	NULL,	NULL,	NULL,	NULL,	NULL,	1,	22),
(26,	'en',	'default',	'<p>Lorem Ipsum is simply dummy text of the printing and typesetting industry. Lorem Ipsum has been the industry\'s standard dummy text ever since the 1500s, when an unknown printer took a galley of type and scrambled it to make a type specimen book</p>',	NULL,	NULL,	NULL,	NULL,	NULL,	NULL,	2,	9),
(27,	'en',	'default',	'<p>Lorem Ipsum is simply dummy text of the printing and typesetting industry. Lorem Ipsum has been the industry\'s standard dummy text ever since the 1500s, when an unknown printer took a galley of type and scrambled it to make a type specimen book</p>',	NULL,	NULL,	NULL,	NULL,	NULL,	NULL,	2,	10),
(28,	NULL,	NULL,	'212',	NULL,	NULL,	NULL,	NULL,	NULL,	NULL,	2,	1),
(29,	'en',	'default',	'The Vegetable Shop',	NULL,	NULL,	NULL,	NULL,	NULL,	NULL,	2,	2),
(30,	NULL,	NULL,	'the-vegetable-shop1',	NULL,	NULL,	NULL,	NULL,	NULL,	NULL,	2,	3),
(31,	NULL,	'default',	NULL,	NULL,	0,	NULL,	NULL,	NULL,	NULL,	2,	4),
(32,	NULL,	NULL,	NULL,	0,	NULL,	NULL,	NULL,	NULL,	NULL,	2,	5),
(33,	NULL,	NULL,	NULL,	1,	NULL,	NULL,	NULL,	NULL,	NULL,	2,	6),
(34,	NULL,	NULL,	NULL,	1,	NULL,	NULL,	NULL,	NULL,	NULL,	2,	7),
(35,	NULL,	NULL,	NULL,	1,	NULL,	NULL,	NULL,	NULL,	NULL,	2,	8),
(36,	NULL,	NULL,	NULL,	NULL,	1,	NULL,	NULL,	NULL,	NULL,	2,	23),
(37,	NULL,	NULL,	NULL,	NULL,	6,	NULL,	NULL,	NULL,	NULL,	2,	24),
(38,	NULL,	NULL,	NULL,	1,	NULL,	NULL,	NULL,	NULL,	NULL,	2,	26),
(39,	'en',	'default',	'',	NULL,	NULL,	NULL,	NULL,	NULL,	NULL,	2,	16),
(40,	'en',	'default',	'',	NULL,	NULL,	NULL,	NULL,	NULL,	NULL,	2,	17),
(41,	'en',	'default',	'',	NULL,	NULL,	NULL,	NULL,	NULL,	NULL,	2,	18),
(42,	NULL,	NULL,	NULL,	NULL,	NULL,	10.0000,	NULL,	NULL,	NULL,	2,	11),
(43,	NULL,	'default',	NULL,	NULL,	NULL,	10.0000,	NULL,	NULL,	NULL,	2,	12),
(44,	NULL,	NULL,	NULL,	NULL,	NULL,	9.0000,	NULL,	NULL,	NULL,	2,	13),
(45,	NULL,	'default',	NULL,	NULL,	NULL,	NULL,	NULL,	NULL,	NULL,	2,	14),
(46,	NULL,	'default',	NULL,	NULL,	NULL,	NULL,	NULL,	NULL,	NULL,	2,	15),
(47,	NULL,	NULL,	'',	NULL,	NULL,	NULL,	NULL,	NULL,	NULL,	2,	19),
(48,	NULL,	NULL,	'',	NULL,	NULL,	NULL,	NULL,	NULL,	NULL,	2,	20),
(49,	NULL,	NULL,	'',	NULL,	NULL,	NULL,	NULL,	NULL,	NULL,	2,	21),
(50,	NULL,	NULL,	'21',	NULL,	NULL,	NULL,	NULL,	NULL,	NULL,	2,	22),
(51,	'en',	'default',	'<p>Lorem Ipsum is simply dummy text of the printing and typesetting industry. Lorem Ipsum has been the industry\'s standard dummy text ever since the 1500s, when an unknown printer took a galley of type and scrambled it to make a type specimen book</p>',	NULL,	NULL,	NULL,	NULL,	NULL,	NULL,	3,	9),
(52,	'en',	'default',	'<p>Lorem Ipsum is simply dummy text of the printing and typesetting industry. Lorem Ipsum has been the industry\'s standard dummy text ever since the 1500s, when an unknown printer took a galley of type and scrambled it to make a type specimen book</p>',	NULL,	NULL,	NULL,	NULL,	NULL,	NULL,	3,	10),
(53,	NULL,	NULL,	'2122',	NULL,	NULL,	NULL,	NULL,	NULL,	NULL,	3,	1),
(54,	'en',	'default',	'Vitamin Sea',	NULL,	NULL,	NULL,	NULL,	NULL,	NULL,	3,	2),
(55,	NULL,	NULL,	'vitamin-sea2',	NULL,	NULL,	NULL,	NULL,	NULL,	NULL,	3,	3),
(56,	NULL,	'default',	NULL,	NULL,	0,	NULL,	NULL,	NULL,	NULL,	3,	4),
(57,	NULL,	NULL,	NULL,	0,	NULL,	NULL,	NULL,	NULL,	NULL,	3,	5),
(58,	NULL,	NULL,	NULL,	1,	NULL,	NULL,	NULL,	NULL,	NULL,	3,	6),
(59,	NULL,	NULL,	NULL,	1,	NULL,	NULL,	NULL,	NULL,	NULL,	3,	7),
(60,	NULL,	NULL,	NULL,	1,	NULL,	NULL,	NULL,	NULL,	NULL,	3,	8),
(61,	NULL,	NULL,	NULL,	NULL,	1,	NULL,	NULL,	NULL,	NULL,	3,	23),
(62,	NULL,	NULL,	NULL,	NULL,	6,	NULL,	NULL,	NULL,	NULL,	3,	24),
(63,	NULL,	NULL,	NULL,	1,	NULL,	NULL,	NULL,	NULL,	NULL,	3,	26),
(64,	'en',	'default',	'',	NULL,	NULL,	NULL,	NULL,	NULL,	NULL,	3,	16),
(65,	'en',	'default',	'',	NULL,	NULL,	NULL,	NULL,	NULL,	NULL,	3,	17),
(66,	'en',	'default',	'',	NULL,	NULL,	NULL,	NULL,	NULL,	NULL,	3,	18),
(67,	NULL,	NULL,	NULL,	NULL,	NULL,	21.0000,	NULL,	NULL,	NULL,	3,	11),
(68,	NULL,	'default',	NULL,	NULL,	NULL,	21.0000,	NULL,	NULL,	NULL,	3,	12),
(69,	NULL,	NULL,	NULL,	NULL,	NULL,	11.0000,	NULL,	NULL,	NULL,	3,	13),
(70,	NULL,	'default',	NULL,	NULL,	NULL,	NULL,	NULL,	NULL,	NULL,	3,	14),
(71,	NULL,	'default',	NULL,	NULL,	NULL,	NULL,	NULL,	NULL,	NULL,	3,	15),
(72,	NULL,	NULL,	'',	NULL,	NULL,	NULL,	NULL,	NULL,	NULL,	3,	19),
(73,	NULL,	NULL,	'',	NULL,	NULL,	NULL,	NULL,	NULL,	NULL,	3,	20),
(74,	NULL,	NULL,	'',	NULL,	NULL,	NULL,	NULL,	NULL,	NULL,	3,	21),
(75,	NULL,	NULL,	'21',	NULL,	NULL,	NULL,	NULL,	NULL,	NULL,	3,	22),
(76,	'en',	'default',	'<p>Lorem Ipsum is simply dummy text of the printing and typesetting industry. Lorem Ipsum has been the industry\'s standard dummy text ever since the 1500s, when an unknown printer took a galley of type and scrambled it to make a type specimen book</p>',	NULL,	NULL,	NULL,	NULL,	NULL,	NULL,	4,	9),
(77,	'en',	'default',	'<p>Lorem Ipsum is simply dummy text of the printing and typesetting industry. Lorem Ipsum has been the industry\'s standard dummy text ever since the 1500s, when an unknown printer took a galley of type and scrambled it to make a type specimen book</p>',	NULL,	NULL,	NULL,	NULL,	NULL,	NULL,	4,	10),
(78,	NULL,	NULL,	'21312',	NULL,	NULL,	NULL,	NULL,	NULL,	NULL,	4,	1),
(79,	'en',	'default',	'Vitamin Sea',	NULL,	NULL,	NULL,	NULL,	NULL,	NULL,	4,	2),
(80,	NULL,	NULL,	'vitamin-sea',	NULL,	NULL,	NULL,	NULL,	NULL,	NULL,	4,	3),
(81,	NULL,	'default',	NULL,	NULL,	0,	NULL,	NULL,	NULL,	NULL,	4,	4),
(82,	NULL,	NULL,	NULL,	0,	NULL,	NULL,	NULL,	NULL,	NULL,	4,	5),
(83,	NULL,	NULL,	NULL,	1,	NULL,	NULL,	NULL,	NULL,	NULL,	4,	6),
(84,	NULL,	NULL,	NULL,	1,	NULL,	NULL,	NULL,	NULL,	NULL,	4,	7),
(85,	NULL,	NULL,	NULL,	1,	NULL,	NULL,	NULL,	NULL,	NULL,	4,	8),
(86,	NULL,	NULL,	NULL,	NULL,	1,	NULL,	NULL,	NULL,	NULL,	4,	23),
(87,	NULL,	NULL,	NULL,	NULL,	6,	NULL,	NULL,	NULL,	NULL,	4,	24),
(88,	NULL,	NULL,	NULL,	1,	NULL,	NULL,	NULL,	NULL,	NULL,	4,	26),
(89,	'en',	'default',	'',	NULL,	NULL,	NULL,	NULL,	NULL,	NULL,	4,	16),
(90,	'en',	'default',	'',	NULL,	NULL,	NULL,	NULL,	NULL,	NULL,	4,	17),
(91,	'en',	'default',	'',	NULL,	NULL,	NULL,	NULL,	NULL,	NULL,	4,	18),
(92,	NULL,	NULL,	NULL,	NULL,	NULL,	12.0000,	NULL,	NULL,	NULL,	4,	11),
(93,	NULL,	'default',	NULL,	NULL,	NULL,	21.0000,	NULL,	NULL,	NULL,	4,	12),
(94,	NULL,	NULL,	NULL,	NULL,	NULL,	11.0000,	NULL,	NULL,	NULL,	4,	13),
(95,	NULL,	'default',	NULL,	NULL,	NULL,	NULL,	NULL,	NULL,	NULL,	4,	14),
(96,	NULL,	'default',	NULL,	NULL,	NULL,	NULL,	NULL,	NULL,	NULL,	4,	15),
(97,	NULL,	NULL,	'',	NULL,	NULL,	NULL,	NULL,	NULL,	NULL,	4,	19),
(98,	NULL,	NULL,	'',	NULL,	NULL,	NULL,	NULL,	NULL,	NULL,	4,	20),
(99,	NULL,	NULL,	'',	NULL,	NULL,	NULL,	NULL,	NULL,	NULL,	4,	21),
(100,	NULL,	NULL,	'21',	NULL,	NULL,	NULL,	NULL,	NULL,	NULL,	4,	22),
(101,	'en',	'default',	'<p>Lorem Ipsum is simply dummy text of the printing and typesetting industry. Lorem Ipsum has been the industry\'s standard dummy text ever since the 1500s, when an unknown printer took a galley of type and scrambled it to make a type specimen book.</p>',	NULL,	NULL,	NULL,	NULL,	NULL,	NULL,	6,	9),
(102,	'en',	'default',	'<p>Lorem Ipsum is simply dummy text of the printing and typesetting industry. Lorem Ipsum has been the industry\'s standard dummy text ever since the 1500s, when an unknown printer took a galley of type and scrambled it to make a type specimen book.</p>',	NULL,	NULL,	NULL,	NULL,	NULL,	NULL,	6,	10),
(103,	NULL,	NULL,	'rowprok12',	NULL,	NULL,	NULL,	NULL,	NULL,	NULL,	6,	1),
(104,	'en',	'default',	'Raw Pork Ribs',	NULL,	NULL,	NULL,	NULL,	NULL,	NULL,	6,	2),
(105,	NULL,	NULL,	'raw-pork-ribs',	NULL,	NULL,	NULL,	NULL,	NULL,	NULL,	6,	3),
(106,	NULL,	'default',	NULL,	NULL,	0,	NULL,	NULL,	NULL,	NULL,	6,	4),
(107,	NULL,	NULL,	NULL,	1,	NULL,	NULL,	NULL,	NULL,	NULL,	6,	5),
(108,	NULL,	NULL,	NULL,	0,	NULL,	NULL,	NULL,	NULL,	NULL,	6,	6),
(109,	NULL,	NULL,	NULL,	1,	NULL,	NULL,	NULL,	NULL,	NULL,	6,	7),
(110,	NULL,	NULL,	NULL,	1,	NULL,	NULL,	NULL,	NULL,	NULL,	6,	8),
(111,	NULL,	NULL,	NULL,	NULL,	1,	NULL,	NULL,	NULL,	NULL,	6,	23),
(112,	NULL,	NULL,	NULL,	NULL,	6,	NULL,	NULL,	NULL,	NULL,	6,	24),
(113,	NULL,	NULL,	NULL,	0,	NULL,	NULL,	NULL,	NULL,	NULL,	6,	26),
(114,	'en',	'default',	'',	NULL,	NULL,	NULL,	NULL,	NULL,	NULL,	6,	16),
(115,	'en',	'default',	'',	NULL,	NULL,	NULL,	NULL,	NULL,	NULL,	6,	17),
(116,	'en',	'default',	'',	NULL,	NULL,	NULL,	NULL,	NULL,	NULL,	6,	18),
(117,	NULL,	NULL,	NULL,	NULL,	NULL,	21.0000,	NULL,	NULL,	NULL,	6,	11),
(118,	NULL,	'default',	NULL,	NULL,	NULL,	21.0000,	NULL,	NULL,	NULL,	6,	12),
(119,	NULL,	NULL,	NULL,	NULL,	NULL,	20.0000,	NULL,	NULL,	NULL,	6,	13),
(120,	NULL,	'default',	NULL,	NULL,	NULL,	NULL,	NULL,	NULL,	NULL,	6,	14),
(121,	NULL,	'default',	NULL,	NULL,	NULL,	NULL,	NULL,	NULL,	NULL,	6,	15),
(122,	NULL,	NULL,	'',	NULL,	NULL,	NULL,	NULL,	NULL,	NULL,	6,	19),
(123,	NULL,	NULL,	'',	NULL,	NULL,	NULL,	NULL,	NULL,	NULL,	6,	20),
(124,	NULL,	NULL,	'',	NULL,	NULL,	NULL,	NULL,	NULL,	NULL,	6,	21),
(125,	NULL,	NULL,	'21',	NULL,	NULL,	NULL,	NULL,	NULL,	NULL,	6,	22),
(126,	'en',	'default',	'<p style=\"text-align: justify;\"><span style=\"font-family: \'Open Sans\', Arial, sans-serif;\">Lorem Ipsum is simply dummy text of the printing and typesetting industry. Lorem Ipsum has been the industry\'s standard dummy text ever since the 1500s, when an unknown printer took a galley of type and scrambled it to make a type specimen book</span></p>',	NULL,	NULL,	NULL,	NULL,	NULL,	NULL,	7,	9),
(127,	'en',	'default',	'<p>Lorem Ipsum is simply dummy text of the printing and typesetting industry. Lorem Ipsum has been the industry\'s standard dummy text ever since the 1500s, when an unknown printer took a galley of type and scrambled it to make a type specimen book</p>',	NULL,	NULL,	NULL,	NULL,	NULL,	NULL,	7,	10),
(128,	NULL,	NULL,	'wildsamon1',	NULL,	NULL,	NULL,	NULL,	NULL,	NULL,	7,	1),
(129,	'en',	'default',	'Wildsamon',	NULL,	NULL,	NULL,	NULL,	NULL,	NULL,	7,	2),
(130,	NULL,	NULL,	'wildsamon',	NULL,	NULL,	NULL,	NULL,	NULL,	NULL,	7,	3),
(131,	NULL,	'default',	NULL,	NULL,	0,	NULL,	NULL,	NULL,	NULL,	7,	4),
(132,	NULL,	NULL,	NULL,	1,	NULL,	NULL,	NULL,	NULL,	NULL,	7,	5),
(133,	NULL,	NULL,	NULL,	0,	NULL,	NULL,	NULL,	NULL,	NULL,	7,	6),
(134,	NULL,	NULL,	NULL,	1,	NULL,	NULL,	NULL,	NULL,	NULL,	7,	7),
(135,	NULL,	NULL,	NULL,	1,	NULL,	NULL,	NULL,	NULL,	NULL,	7,	8),
(136,	NULL,	NULL,	NULL,	NULL,	1,	NULL,	NULL,	NULL,	NULL,	7,	23),
(137,	NULL,	NULL,	NULL,	NULL,	6,	NULL,	NULL,	NULL,	NULL,	7,	24),
(138,	NULL,	NULL,	NULL,	0,	NULL,	NULL,	NULL,	NULL,	NULL,	7,	26),
(139,	'en',	'default',	'',	NULL,	NULL,	NULL,	NULL,	NULL,	NULL,	7,	16),
(140,	'en',	'default',	'',	NULL,	NULL,	NULL,	NULL,	NULL,	NULL,	7,	17),
(141,	'en',	'default',	'',	NULL,	NULL,	NULL,	NULL,	NULL,	NULL,	7,	18),
(142,	NULL,	NULL,	NULL,	NULL,	NULL,	21.0000,	NULL,	NULL,	NULL,	7,	11),
(143,	NULL,	'default',	NULL,	NULL,	NULL,	21.0000,	NULL,	NULL,	NULL,	7,	12),
(144,	NULL,	NULL,	NULL,	NULL,	NULL,	20.0000,	NULL,	NULL,	NULL,	7,	13),
(145,	NULL,	'default',	NULL,	NULL,	NULL,	NULL,	NULL,	NULL,	NULL,	7,	14),
(146,	NULL,	'default',	NULL,	NULL,	NULL,	NULL,	NULL,	NULL,	NULL,	7,	15),
(147,	NULL,	NULL,	'',	NULL,	NULL,	NULL,	NULL,	NULL,	NULL,	7,	19),
(148,	NULL,	NULL,	'',	NULL,	NULL,	NULL,	NULL,	NULL,	NULL,	7,	20),
(149,	NULL,	NULL,	'',	NULL,	NULL,	NULL,	NULL,	NULL,	NULL,	7,	21),
(150,	NULL,	NULL,	'12',	NULL,	NULL,	NULL,	NULL,	NULL,	NULL,	7,	22),
(151,	'en',	'default',	'<p>Lorem Ipsum is simply dummy text of the printing and typesetting industry. Lorem Ipsum has been the industry\'s standard dummy text ever since the 1500s, when an unknown printer took a galley of type and scrambled it to make a type specimen book</p>',	NULL,	NULL,	NULL,	NULL,	NULL,	NULL,	8,	9),
(152,	'en',	'default',	'<p>Lorem Ipsum is simply dummy text of the printing and typesetting industry. Lorem Ipsum has been the industry\'s standard dummy text ever since the 1500s, when an unknown printer took a galley of type and scrambled it to make a type specimen book</p>',	NULL,	NULL,	NULL,	NULL,	NULL,	NULL,	8,	10),
(153,	NULL,	NULL,	'rowpok',	NULL,	NULL,	NULL,	NULL,	NULL,	NULL,	8,	1),
(154,	'en',	'default',	'Raw ',	NULL,	NULL,	NULL,	NULL,	NULL,	NULL,	8,	2),
(155,	NULL,	NULL,	'raw-pork-ribs1',	NULL,	NULL,	NULL,	NULL,	NULL,	NULL,	8,	3),
(156,	NULL,	'default',	NULL,	NULL,	0,	NULL,	NULL,	NULL,	NULL,	8,	4),
(157,	NULL,	NULL,	NULL,	1,	NULL,	NULL,	NULL,	NULL,	NULL,	8,	5),
(158,	NULL,	NULL,	NULL,	0,	NULL,	NULL,	NULL,	NULL,	NULL,	8,	6),
(159,	NULL,	NULL,	NULL,	1,	NULL,	NULL,	NULL,	NULL,	NULL,	8,	7),
(160,	NULL,	NULL,	NULL,	1,	NULL,	NULL,	NULL,	NULL,	NULL,	8,	8),
(161,	NULL,	NULL,	NULL,	NULL,	1,	NULL,	NULL,	NULL,	NULL,	8,	23),
(162,	NULL,	NULL,	NULL,	NULL,	6,	NULL,	NULL,	NULL,	NULL,	8,	24),
(163,	NULL,	NULL,	NULL,	0,	NULL,	NULL,	NULL,	NULL,	NULL,	8,	26),
(164,	'en',	'default',	'',	NULL,	NULL,	NULL,	NULL,	NULL,	NULL,	8,	16),
(165,	'en',	'default',	'',	NULL,	NULL,	NULL,	NULL,	NULL,	NULL,	8,	17),
(166,	'en',	'default',	'',	NULL,	NULL,	NULL,	NULL,	NULL,	NULL,	8,	18),
(167,	NULL,	NULL,	NULL,	NULL,	NULL,	21.0000,	NULL,	NULL,	NULL,	8,	11),
(168,	NULL,	'default',	NULL,	NULL,	NULL,	10.0000,	NULL,	NULL,	NULL,	8,	12),
(169,	NULL,	NULL,	NULL,	NULL,	NULL,	9.0000,	NULL,	NULL,	NULL,	8,	13),
(170,	NULL,	'default',	NULL,	NULL,	NULL,	NULL,	NULL,	NULL,	NULL,	8,	14),
(171,	NULL,	'default',	NULL,	NULL,	NULL,	NULL,	NULL,	NULL,	NULL,	8,	15),
(172,	NULL,	NULL,	'',	NULL,	NULL,	NULL,	NULL,	NULL,	NULL,	8,	19),
(173,	NULL,	NULL,	'',	NULL,	NULL,	NULL,	NULL,	NULL,	NULL,	8,	20),
(174,	NULL,	NULL,	'',	NULL,	NULL,	NULL,	NULL,	NULL,	NULL,	8,	21),
(175,	NULL,	NULL,	'1',	NULL,	NULL,	NULL,	NULL,	NULL,	NULL,	8,	22),
(176,	'en',	'default',	'<p>Lorem Ipsum is simply dummy text of the printing and typesetting industry. Lorem Ipsum has been the industry\'s standard dummy text ever since the 1500s, when an unknown printer took a galley of type and scrambled it to make a type specimen book</p>',	NULL,	NULL,	NULL,	NULL,	NULL,	NULL,	9,	9),
(177,	'en',	'default',	'<p>Lorem Ipsum is simply dummy text of the printing and typesetting industry. Lorem Ipsum has been the industry\'s standard dummy text ever since the 1500s, when an unknown printer took a galley of type and scrambled it to make a type specimen book</p>',	NULL,	NULL,	NULL,	NULL,	NULL,	NULL,	9,	10),
(178,	NULL,	NULL,	'wildsamon2',	NULL,	NULL,	NULL,	NULL,	NULL,	NULL,	9,	1),
(179,	'en',	'default',	'Wild Salmon',	NULL,	NULL,	NULL,	NULL,	NULL,	NULL,	9,	2),
(180,	NULL,	NULL,	'wild-salmon2',	NULL,	NULL,	NULL,	NULL,	NULL,	NULL,	9,	3),
(181,	NULL,	'default',	NULL,	NULL,	0,	NULL,	NULL,	NULL,	NULL,	9,	4),
(182,	NULL,	NULL,	NULL,	1,	NULL,	NULL,	NULL,	NULL,	NULL,	9,	5),
(183,	NULL,	NULL,	NULL,	0,	NULL,	NULL,	NULL,	NULL,	NULL,	9,	6),
(184,	NULL,	NULL,	NULL,	1,	NULL,	NULL,	NULL,	NULL,	NULL,	9,	7),
(185,	NULL,	NULL,	NULL,	1,	NULL,	NULL,	NULL,	NULL,	NULL,	9,	8),
(186,	NULL,	NULL,	NULL,	NULL,	1,	NULL,	NULL,	NULL,	NULL,	9,	23),
(187,	NULL,	NULL,	NULL,	NULL,	6,	NULL,	NULL,	NULL,	NULL,	9,	24),
(188,	NULL,	NULL,	NULL,	0,	NULL,	NULL,	NULL,	NULL,	NULL,	9,	26),
(189,	'en',	'default',	'',	NULL,	NULL,	NULL,	NULL,	NULL,	NULL,	9,	16),
(190,	'en',	'default',	'',	NULL,	NULL,	NULL,	NULL,	NULL,	NULL,	9,	17),
(191,	'en',	'default',	'',	NULL,	NULL,	NULL,	NULL,	NULL,	NULL,	9,	18),
(192,	NULL,	NULL,	NULL,	NULL,	NULL,	21.0000,	NULL,	NULL,	NULL,	9,	11),
(193,	NULL,	'default',	NULL,	NULL,	NULL,	21.0000,	NULL,	NULL,	NULL,	9,	12),
(194,	NULL,	NULL,	NULL,	NULL,	NULL,	11.0000,	NULL,	NULL,	NULL,	9,	13),
(195,	NULL,	'default',	NULL,	NULL,	NULL,	NULL,	NULL,	NULL,	NULL,	9,	14),
(196,	NULL,	'default',	NULL,	NULL,	NULL,	NULL,	NULL,	NULL,	NULL,	9,	15),
(197,	NULL,	NULL,	'',	NULL,	NULL,	NULL,	NULL,	NULL,	NULL,	9,	19),
(198,	NULL,	NULL,	'',	NULL,	NULL,	NULL,	NULL,	NULL,	NULL,	9,	20),
(199,	NULL,	NULL,	'',	NULL,	NULL,	NULL,	NULL,	NULL,	NULL,	9,	21),
(200,	NULL,	NULL,	'1',	NULL,	NULL,	NULL,	NULL,	NULL,	NULL,	9,	22),
(201,	'en',	'default',	'<p>Lorem Ipsum is simply dummy text of the printing and typesetting industry. Lorem Ipsum has been the industry\'s standard dummy text ever since the 1500s, when an unknown printer took a galley of type and scrambled it to make a type specimen book</p>',	NULL,	NULL,	NULL,	NULL,	NULL,	NULL,	10,	9),
(202,	'en',	'default',	'<p>Lorem Ipsum is simply dummy text of the printing and typesetting industry. Lorem Ipsum has been the industry\'s standard dummy text ever since the 1500s, when an unknown printer took a galley of type and scrambled it to make a type specimen book</p>',	NULL,	NULL,	NULL,	NULL,	NULL,	NULL,	10,	10),
(203,	NULL,	NULL,	'rawpork-33',	NULL,	NULL,	NULL,	NULL,	NULL,	NULL,	10,	1),
(204,	'en',	'default',	'Raw Pork Ribs',	NULL,	NULL,	NULL,	NULL,	NULL,	NULL,	10,	2),
(205,	NULL,	NULL,	'raw-pork-ribs6',	NULL,	NULL,	NULL,	NULL,	NULL,	NULL,	10,	3),
(206,	NULL,	'default',	NULL,	NULL,	0,	NULL,	NULL,	NULL,	NULL,	10,	4),
(207,	NULL,	NULL,	NULL,	1,	NULL,	NULL,	NULL,	NULL,	NULL,	10,	5),
(208,	NULL,	NULL,	NULL,	0,	NULL,	NULL,	NULL,	NULL,	NULL,	10,	6),
(209,	NULL,	NULL,	NULL,	1,	NULL,	NULL,	NULL,	NULL,	NULL,	10,	7),
(210,	NULL,	NULL,	NULL,	1,	NULL,	NULL,	NULL,	NULL,	NULL,	10,	8),
(211,	NULL,	NULL,	NULL,	NULL,	1,	NULL,	NULL,	NULL,	NULL,	10,	23),
(212,	NULL,	NULL,	NULL,	NULL,	6,	NULL,	NULL,	NULL,	NULL,	10,	24),
(213,	NULL,	NULL,	NULL,	0,	NULL,	NULL,	NULL,	NULL,	NULL,	10,	26),
(214,	'en',	'default',	'',	NULL,	NULL,	NULL,	NULL,	NULL,	NULL,	10,	16),
(215,	'en',	'default',	'',	NULL,	NULL,	NULL,	NULL,	NULL,	NULL,	10,	17),
(216,	'en',	'default',	'',	NULL,	NULL,	NULL,	NULL,	NULL,	NULL,	10,	18),
(217,	NULL,	NULL,	NULL,	NULL,	NULL,	21.0000,	NULL,	NULL,	NULL,	10,	11),
(218,	NULL,	'default',	NULL,	NULL,	NULL,	21.0000,	NULL,	NULL,	NULL,	10,	12),
(219,	NULL,	NULL,	NULL,	NULL,	NULL,	11.0000,	NULL,	NULL,	NULL,	10,	13),
(220,	NULL,	'default',	NULL,	NULL,	NULL,	NULL,	NULL,	NULL,	NULL,	10,	14),
(221,	NULL,	'default',	NULL,	NULL,	NULL,	NULL,	NULL,	NULL,	NULL,	10,	15),
(222,	NULL,	NULL,	'',	NULL,	NULL,	NULL,	NULL,	NULL,	NULL,	10,	19),
(223,	NULL,	NULL,	'',	NULL,	NULL,	NULL,	NULL,	NULL,	NULL,	10,	20),
(224,	NULL,	NULL,	'',	NULL,	NULL,	NULL,	NULL,	NULL,	NULL,	10,	21),
(225,	NULL,	NULL,	'2',	NULL,	NULL,	NULL,	NULL,	NULL,	NULL,	10,	22),
(226,	'en',	'default',	'<p>Fresh Cuttlefish</p>',	NULL,	NULL,	NULL,	NULL,	NULL,	NULL,	11,	9),
(227,	'en',	'default',	'<p>&nbsp;</p>\r\n<p>Widely prized as a food in East Asia and Europe, there are several species of Cuttlefish. Cuttlefish is particularly popular in Spain, Italy and Portugal, although perhaps under utilised in the UK despite being available around our coasts.</p>\r\n<p>Their flavour is sweet and delicate. Great value seafood and easy to cook.</p>\r\n<p>&nbsp;</p>\r\n<p>&nbsp;</p>',	NULL,	NULL,	NULL,	NULL,	NULL,	NULL,	11,	10),
(228,	NULL,	NULL,	'wildsamon6',	NULL,	NULL,	NULL,	NULL,	NULL,	NULL,	11,	1),
(229,	'en',	'default',	'Cuttlefish',	NULL,	NULL,	NULL,	NULL,	NULL,	NULL,	11,	2),
(230,	NULL,	NULL,	'cuttlefish',	NULL,	NULL,	NULL,	NULL,	NULL,	NULL,	11,	3),
(231,	NULL,	'default',	NULL,	NULL,	0,	NULL,	NULL,	NULL,	NULL,	11,	4),
(232,	NULL,	NULL,	NULL,	1,	NULL,	NULL,	NULL,	NULL,	NULL,	11,	5),
(233,	NULL,	NULL,	NULL,	0,	NULL,	NULL,	NULL,	NULL,	NULL,	11,	6),
(234,	NULL,	NULL,	NULL,	1,	NULL,	NULL,	NULL,	NULL,	NULL,	11,	7),
(235,	NULL,	NULL,	NULL,	1,	NULL,	NULL,	NULL,	NULL,	NULL,	11,	8),
(236,	NULL,	NULL,	NULL,	NULL,	1,	NULL,	NULL,	NULL,	NULL,	11,	23),
(237,	NULL,	NULL,	NULL,	NULL,	6,	NULL,	NULL,	NULL,	NULL,	11,	24),
(238,	NULL,	NULL,	NULL,	0,	NULL,	NULL,	NULL,	NULL,	NULL,	11,	26),
(239,	'en',	'default',	'',	NULL,	NULL,	NULL,	NULL,	NULL,	NULL,	11,	16),
(240,	'en',	'default',	'',	NULL,	NULL,	NULL,	NULL,	NULL,	NULL,	11,	17),
(241,	'en',	'default',	'',	NULL,	NULL,	NULL,	NULL,	NULL,	NULL,	11,	18),
(242,	NULL,	NULL,	NULL,	NULL,	NULL,	21.0000,	NULL,	NULL,	NULL,	11,	11),
(243,	NULL,	'default',	NULL,	NULL,	NULL,	11.0000,	NULL,	NULL,	NULL,	11,	12),
(244,	NULL,	NULL,	NULL,	NULL,	NULL,	11.0000,	NULL,	NULL,	NULL,	11,	13),
(245,	NULL,	'default',	NULL,	NULL,	NULL,	NULL,	NULL,	'2020-04-20',	NULL,	11,	14),
(246,	NULL,	'default',	NULL,	NULL,	NULL,	NULL,	NULL,	'2021-10-01',	NULL,	11,	15),
(247,	NULL,	NULL,	'',	NULL,	NULL,	NULL,	NULL,	NULL,	NULL,	11,	19),
(248,	NULL,	NULL,	'',	NULL,	NULL,	NULL,	NULL,	NULL,	NULL,	11,	20),
(249,	NULL,	NULL,	'',	NULL,	NULL,	NULL,	NULL,	NULL,	NULL,	11,	21),
(250,	NULL,	NULL,	'21',	NULL,	NULL,	NULL,	NULL,	NULL,	NULL,	11,	22),
(338,	'en',	'default',	'<h2>Fresh Cod Cheek</h2>',	NULL,	NULL,	NULL,	NULL,	NULL,	NULL,	18,	9),
(339,	'en',	'default',	'<p>Cod cheeks are the cheeks taken from the head of a cod. A favourite among chefs, they are bite sized and slightly firmer than a cod fillet.</p>\r\n<p>These require minimal preparation and are an ideal &ldquo;light bite&rdquo; as a starter dish, or part of another dish.</p>\r\n<p>&nbsp;</p>',	NULL,	NULL,	NULL,	NULL,	NULL,	NULL,	18,	10),
(340,	NULL,	NULL,	'simple123',	NULL,	NULL,	NULL,	NULL,	NULL,	NULL,	18,	1),
(341,	'en',	'default',	'Cod Cheek',	NULL,	NULL,	NULL,	NULL,	NULL,	NULL,	18,	2),
(342,	NULL,	NULL,	'cod-cheek',	NULL,	NULL,	NULL,	NULL,	NULL,	NULL,	18,	3),
(343,	NULL,	'default',	NULL,	NULL,	0,	NULL,	NULL,	NULL,	NULL,	18,	4),
(344,	NULL,	NULL,	NULL,	0,	NULL,	NULL,	NULL,	NULL,	NULL,	18,	5),
(345,	NULL,	NULL,	NULL,	0,	NULL,	NULL,	NULL,	NULL,	NULL,	18,	6),
(346,	NULL,	NULL,	NULL,	1,	NULL,	NULL,	NULL,	NULL,	NULL,	18,	7),
(347,	NULL,	NULL,	NULL,	1,	NULL,	NULL,	NULL,	NULL,	NULL,	18,	8),
(348,	NULL,	NULL,	NULL,	NULL,	1,	NULL,	NULL,	NULL,	NULL,	18,	23),
(349,	NULL,	NULL,	NULL,	NULL,	6,	NULL,	NULL,	NULL,	NULL,	18,	24),
(350,	NULL,	NULL,	NULL,	0,	NULL,	NULL,	NULL,	NULL,	NULL,	18,	26),
(351,	'en',	'default',	'',	NULL,	NULL,	NULL,	NULL,	NULL,	NULL,	18,	16),
(352,	'en',	'default',	'',	NULL,	NULL,	NULL,	NULL,	NULL,	NULL,	18,	17),
(353,	'en',	'default',	'',	NULL,	NULL,	NULL,	NULL,	NULL,	NULL,	18,	18),
(354,	NULL,	NULL,	NULL,	NULL,	NULL,	8.0000,	NULL,	NULL,	NULL,	18,	11),
(355,	NULL,	'default',	NULL,	NULL,	NULL,	8.0000,	NULL,	NULL,	NULL,	18,	12),
(356,	NULL,	NULL,	NULL,	NULL,	NULL,	NULL,	NULL,	NULL,	NULL,	18,	13),
(357,	NULL,	'default',	NULL,	NULL,	NULL,	NULL,	NULL,	NULL,	NULL,	18,	14),
(358,	NULL,	'default',	NULL,	NULL,	NULL,	NULL,	NULL,	NULL,	NULL,	18,	15),
(359,	NULL,	NULL,	'',	NULL,	NULL,	NULL,	NULL,	NULL,	NULL,	18,	19),
(360,	NULL,	NULL,	'',	NULL,	NULL,	NULL,	NULL,	NULL,	NULL,	18,	20),
(361,	NULL,	NULL,	'',	NULL,	NULL,	NULL,	NULL,	NULL,	NULL,	18,	21),
(362,	NULL,	NULL,	'21',	NULL,	NULL,	NULL,	NULL,	NULL,	NULL,	18,	22),
(388,	'en',	'default',	'<p style=\"text-align: justify;\"><span style=\"display: inline !important; float: none; background-color: #ffffff; color: #000000; font-family: Verdana,Arial,Helvetica,sans-serif; font-size: 14px; font-style: normal; font-variant: normal; font-weight: 400; letter-spacing: normal; line-height: 1.2em; orphans: 2; text-align: justify; text-decoration: none; text-indent: 0px; text-transform: none; -webkit-text-stroke-width: 0px; white-space: normal; word-spacing: 0px;\">Wholesale chocolate sauce</span></p>',	NULL,	NULL,	NULL,	NULL,	NULL,	NULL,	21,	9),
(389,	'en',	'default',	'<p style=\"text-align: justify;\"><span style=\"display: inline !important; float: none; background-color: #ffffff; color: #000000; font-family: Verdana,Arial,Helvetica,sans-serif; font-size: 14px; font-style: normal; font-variant: normal; font-weight: 400; letter-spacing: normal; line-height: 1.2em; orphans: 2; text-align: justify; text-decoration: none; text-indent: 0px; text-transform: none; -webkit-text-stroke-width: 0px; white-space: normal; word-spacing: 0px;\">Wholesale chocolate sauce</span><span style=\"display: inline !important; float: none; background-color: #ffffff; color: #000000; font-family: Verdana,Arial,Helvetica,sans-serif; font-size: 14px; font-style: normal; font-variant: normal; font-weight: 400; letter-spacing: normal; line-height: 1.2em; orphans: 2; text-align: justify; text-decoration: none; text-indent: 0px; text-transform: none; -webkit-text-stroke-width: 0px; white-space: normal; word-spacing: 0px;\"><br /></span></p>',	NULL,	NULL,	NULL,	NULL,	NULL,	NULL,	21,	10),
(390,	NULL,	NULL,	'01abc',	NULL,	NULL,	NULL,	NULL,	NULL,	NULL,	21,	1),
(391,	'en',	'default',	'Organic Chocolate Sauce',	NULL,	NULL,	NULL,	NULL,	NULL,	NULL,	21,	2),
(392,	NULL,	NULL,	'organic-chocolate-sauce',	NULL,	NULL,	NULL,	NULL,	NULL,	NULL,	21,	3),
(393,	NULL,	'default',	NULL,	NULL,	0,	NULL,	NULL,	NULL,	NULL,	21,	4),
(394,	NULL,	NULL,	NULL,	1,	NULL,	NULL,	NULL,	NULL,	NULL,	21,	5),
(395,	NULL,	NULL,	NULL,	0,	NULL,	NULL,	NULL,	NULL,	NULL,	21,	6),
(396,	NULL,	NULL,	NULL,	1,	NULL,	NULL,	NULL,	NULL,	NULL,	21,	7),
(397,	NULL,	NULL,	NULL,	1,	NULL,	NULL,	NULL,	NULL,	NULL,	21,	8),
(398,	NULL,	NULL,	NULL,	NULL,	1,	NULL,	NULL,	NULL,	NULL,	21,	23),
(399,	NULL,	NULL,	NULL,	NULL,	6,	NULL,	NULL,	NULL,	NULL,	21,	24),
(400,	NULL,	NULL,	NULL,	0,	NULL,	NULL,	NULL,	NULL,	NULL,	21,	26),
(401,	'en',	'default',	'Chocolate Sauce',	NULL,	NULL,	NULL,	NULL,	NULL,	NULL,	21,	16),
(402,	'en',	'default',	'',	NULL,	NULL,	NULL,	NULL,	NULL,	NULL,	21,	17),
(403,	'en',	'default',	'',	NULL,	NULL,	NULL,	NULL,	NULL,	NULL,	21,	18),
(404,	NULL,	NULL,	NULL,	NULL,	NULL,	8.0000,	NULL,	NULL,	NULL,	21,	11),
(405,	NULL,	'default',	NULL,	NULL,	NULL,	NULL,	NULL,	NULL,	NULL,	21,	12),
(406,	NULL,	NULL,	NULL,	NULL,	NULL,	NULL,	NULL,	NULL,	NULL,	21,	13),
(407,	NULL,	'default',	NULL,	NULL,	NULL,	NULL,	NULL,	NULL,	NULL,	21,	14),
(408,	NULL,	'default',	NULL,	NULL,	NULL,	NULL,	NULL,	NULL,	NULL,	21,	15),
(409,	NULL,	NULL,	'',	NULL,	NULL,	NULL,	NULL,	NULL,	NULL,	21,	19),
(410,	NULL,	NULL,	'',	NULL,	NULL,	NULL,	NULL,	NULL,	NULL,	21,	20),
(411,	NULL,	NULL,	'',	NULL,	NULL,	NULL,	NULL,	NULL,	NULL,	21,	21),
(412,	NULL,	NULL,	'50',	NULL,	NULL,	NULL,	NULL,	NULL,	NULL,	21,	22),
(413,	'en',	'default',	'<p>Fresh Coley</p>',	NULL,	NULL,	NULL,	NULL,	NULL,	NULL,	23,	9),
(414,	'en',	'default',	'<p>&nbsp;</p>\r\n<p>An alternative to Cod and Haddock, also known as Saithe. A long tapered body, with a slight blue tint, coley range from 500g to 6kg but are usually only available as fillets.</p>\r\n<p>Coley can be a good buy, but needs to be as fresh as possible. The flesh is often a dull off-white colour but lightens during cooking and it has a fine flavour.</p>\r\n<p>&nbsp;</p>',	NULL,	NULL,	NULL,	NULL,	NULL,	NULL,	23,	10),
(415,	NULL,	NULL,	'product1234',	NULL,	NULL,	NULL,	NULL,	NULL,	NULL,	23,	1),
(416,	'en',	'default',	'Coley',	NULL,	NULL,	NULL,	NULL,	NULL,	NULL,	23,	2),
(417,	NULL,	NULL,	'coley',	NULL,	NULL,	NULL,	NULL,	NULL,	NULL,	23,	3),
(418,	NULL,	'default',	NULL,	NULL,	0,	NULL,	NULL,	NULL,	NULL,	23,	4),
(419,	NULL,	NULL,	NULL,	0,	NULL,	NULL,	NULL,	NULL,	NULL,	23,	5),
(420,	NULL,	NULL,	NULL,	0,	NULL,	NULL,	NULL,	NULL,	NULL,	23,	6),
(421,	NULL,	NULL,	NULL,	1,	NULL,	NULL,	NULL,	NULL,	NULL,	23,	7),
(422,	NULL,	NULL,	NULL,	1,	NULL,	NULL,	NULL,	NULL,	NULL,	23,	8),
(423,	NULL,	NULL,	NULL,	NULL,	1,	NULL,	NULL,	NULL,	NULL,	23,	23),
(424,	NULL,	NULL,	NULL,	NULL,	6,	NULL,	NULL,	NULL,	NULL,	23,	24),
(425,	NULL,	NULL,	NULL,	0,	NULL,	NULL,	NULL,	NULL,	NULL,	23,	26),
(426,	'en',	'default',	'',	NULL,	NULL,	NULL,	NULL,	NULL,	NULL,	23,	16),
(427,	'en',	'default',	'',	NULL,	NULL,	NULL,	NULL,	NULL,	NULL,	23,	17),
(428,	'en',	'default',	'',	NULL,	NULL,	NULL,	NULL,	NULL,	NULL,	23,	18),
(429,	NULL,	NULL,	NULL,	NULL,	NULL,	15.0000,	NULL,	NULL,	NULL,	23,	11),
(430,	NULL,	'default',	NULL,	NULL,	NULL,	10.0000,	NULL,	NULL,	NULL,	23,	12),
(431,	NULL,	NULL,	NULL,	NULL,	NULL,	9.0000,	NULL,	NULL,	NULL,	23,	13),
(432,	NULL,	'default',	NULL,	NULL,	NULL,	NULL,	NULL,	NULL,	NULL,	23,	14),
(433,	NULL,	'default',	NULL,	NULL,	NULL,	NULL,	NULL,	NULL,	NULL,	23,	15),
(434,	NULL,	NULL,	'',	NULL,	NULL,	NULL,	NULL,	NULL,	NULL,	23,	19),
(435,	NULL,	NULL,	'',	NULL,	NULL,	NULL,	NULL,	NULL,	NULL,	23,	20),
(436,	NULL,	NULL,	'',	NULL,	NULL,	NULL,	NULL,	NULL,	NULL,	23,	21),
(437,	NULL,	NULL,	'12',	NULL,	NULL,	NULL,	NULL,	NULL,	NULL,	23,	22),
(463,	'en',	'default',	'<p>erdf234</p>',	NULL,	NULL,	NULL,	NULL,	NULL,	NULL,	61,	9),
(464,	'en',	'default',	'<p>324sdg</p>',	NULL,	NULL,	NULL,	NULL,	NULL,	NULL,	61,	10),
(465,	NULL,	NULL,	'erty12',	NULL,	NULL,	NULL,	NULL,	NULL,	NULL,	61,	1),
(466,	'en',	'default',	'testedward',	NULL,	NULL,	NULL,	NULL,	NULL,	NULL,	61,	2),
(467,	NULL,	NULL,	'testedward',	NULL,	NULL,	NULL,	NULL,	NULL,	NULL,	61,	3),
(468,	NULL,	'default',	NULL,	NULL,	0,	NULL,	NULL,	NULL,	NULL,	61,	4),
(469,	NULL,	NULL,	NULL,	1,	NULL,	NULL,	NULL,	NULL,	NULL,	61,	5),
(470,	NULL,	NULL,	NULL,	1,	NULL,	NULL,	NULL,	NULL,	NULL,	61,	6),
(471,	NULL,	NULL,	NULL,	1,	NULL,	NULL,	NULL,	NULL,	NULL,	61,	7),
(472,	NULL,	NULL,	NULL,	1,	NULL,	NULL,	NULL,	NULL,	NULL,	61,	8),
(473,	NULL,	NULL,	NULL,	NULL,	1,	NULL,	NULL,	NULL,	NULL,	61,	23),
(474,	NULL,	NULL,	NULL,	NULL,	6,	NULL,	NULL,	NULL,	NULL,	61,	24),
(475,	NULL,	NULL,	NULL,	1,	NULL,	NULL,	NULL,	NULL,	NULL,	61,	26),
(476,	'en',	'default',	'',	NULL,	NULL,	NULL,	NULL,	NULL,	NULL,	61,	16),
(477,	'en',	'default',	'',	NULL,	NULL,	NULL,	NULL,	NULL,	NULL,	61,	17),
(478,	'en',	'default',	'',	NULL,	NULL,	NULL,	NULL,	NULL,	NULL,	61,	18),
(479,	NULL,	NULL,	NULL,	NULL,	NULL,	123.0000,	NULL,	NULL,	NULL,	61,	11),
(480,	NULL,	'default',	NULL,	NULL,	NULL,	NULL,	NULL,	NULL,	NULL,	61,	12),
(481,	NULL,	NULL,	NULL,	NULL,	NULL,	NULL,	NULL,	NULL,	NULL,	61,	13),
(482,	NULL,	'default',	NULL,	NULL,	NULL,	NULL,	NULL,	NULL,	NULL,	61,	14),
(483,	NULL,	'default',	NULL,	NULL,	NULL,	NULL,	NULL,	NULL,	NULL,	61,	15),
(484,	NULL,	NULL,	'',	NULL,	NULL,	NULL,	NULL,	NULL,	NULL,	61,	19),
(485,	NULL,	NULL,	'',	NULL,	NULL,	NULL,	NULL,	NULL,	NULL,	61,	20),
(486,	NULL,	NULL,	'',	NULL,	NULL,	NULL,	NULL,	NULL,	NULL,	61,	21),
(487,	NULL,	NULL,	'21',	NULL,	NULL,	NULL,	NULL,	NULL,	NULL,	61,	22),
(513,	'en',	'default',	'<p>Freshly caught John Dory</p>',	NULL,	NULL,	NULL,	NULL,	NULL,	NULL,	63,	9),
(514,	'en',	'default',	'<p></p>\r\n<p>Along with its unusual name, John Dory are also an unusual looking fish. They are easily recognised by their flat bodies, their olive green colour and spines that rise from the dorsal fin. They have the mark of St Peter on the sides of their bodies and are easily recognised by that.&nbsp;In season all year round.</p>\r\n<p>Where does it live: Found all around the world including Africa, Australasia and European waters.</p>\r\n<p>What does it eat: John Dory hunt by sucking prey into their mouths which they make into a tube like structure. They will eat other fish and some Squid.</p>\r\n<p>Size: 32-50cm.</p>',	NULL,	NULL,	NULL,	NULL,	NULL,	NULL,	63,	10),
(515,	NULL,	NULL,	'123jdkf',	NULL,	NULL,	NULL,	NULL,	NULL,	NULL,	63,	1),
(516,	'en',	'default',	'John Dory',	NULL,	NULL,	NULL,	NULL,	NULL,	NULL,	63,	2),
(517,	NULL,	NULL,	'john-dory',	NULL,	NULL,	NULL,	NULL,	NULL,	NULL,	63,	3),
(518,	NULL,	'default',	NULL,	NULL,	0,	NULL,	NULL,	NULL,	NULL,	63,	4),
(519,	NULL,	NULL,	NULL,	1,	NULL,	NULL,	NULL,	NULL,	NULL,	63,	5),
(520,	NULL,	NULL,	NULL,	1,	NULL,	NULL,	NULL,	NULL,	NULL,	63,	6),
(521,	NULL,	NULL,	NULL,	1,	NULL,	NULL,	NULL,	NULL,	NULL,	63,	7),
(522,	NULL,	NULL,	NULL,	1,	NULL,	NULL,	NULL,	NULL,	NULL,	63,	8),
(523,	NULL,	NULL,	NULL,	NULL,	1,	NULL,	NULL,	NULL,	NULL,	63,	23),
(524,	NULL,	NULL,	NULL,	NULL,	6,	NULL,	NULL,	NULL,	NULL,	63,	24),
(525,	NULL,	NULL,	NULL,	0,	NULL,	NULL,	NULL,	NULL,	NULL,	63,	26),
(526,	'en',	'default',	'',	NULL,	NULL,	NULL,	NULL,	NULL,	NULL,	63,	16),
(527,	'en',	'default',	'',	NULL,	NULL,	NULL,	NULL,	NULL,	NULL,	63,	17),
(528,	'en',	'default',	'',	NULL,	NULL,	NULL,	NULL,	NULL,	NULL,	63,	18),
(529,	NULL,	NULL,	NULL,	NULL,	NULL,	12.0000,	NULL,	NULL,	NULL,	63,	11),
(530,	NULL,	'default',	NULL,	NULL,	NULL,	NULL,	NULL,	NULL,	NULL,	63,	12),
(531,	NULL,	NULL,	NULL,	NULL,	NULL,	NULL,	NULL,	NULL,	NULL,	63,	13),
(532,	NULL,	'default',	NULL,	NULL,	NULL,	NULL,	NULL,	NULL,	NULL,	63,	14),
(533,	NULL,	'default',	NULL,	NULL,	NULL,	NULL,	NULL,	NULL,	NULL,	63,	15),
(534,	NULL,	NULL,	'',	NULL,	NULL,	NULL,	NULL,	NULL,	NULL,	63,	19),
(535,	NULL,	NULL,	'',	NULL,	NULL,	NULL,	NULL,	NULL,	NULL,	63,	20),
(536,	NULL,	NULL,	'',	NULL,	NULL,	NULL,	NULL,	NULL,	NULL,	63,	21),
(537,	NULL,	NULL,	'10',	NULL,	NULL,	NULL,	NULL,	NULL,	NULL,	63,	22),
(538,	'en',	'default',	'<p>Fresh Dover Sole</p>',	NULL,	NULL,	NULL,	NULL,	NULL,	NULL,	64,	9),
(539,	'en',	'default',	'<p></p>\r\n<p>Description: A flat fish, the Dover Sole is a classic British species enjoyed for hundreds of years. They are mousy brown in colour with darker splotches. Scaly along the lateral line with a dark black mark on the pectoral fins. They have a unique pattern on their skin similar to the look of carbon fibre.</p>\r\n<p>Where does it live: Dover Sole live in deep waters but migrate near the shore to spawn.</p>\r\n<p>When is it in season: Dover Sole breed and spawn in the spring so the fish is in its best condition January to March &amp; the from July to January.</p>\r\n<p>What does it eat: Any small creatures found on the seabed. They will eat prawns, worms small shellfish and some crab.</p>\r\n<p>Size: Roughly 30-40cm.</p>',	NULL,	NULL,	NULL,	NULL,	NULL,	NULL,	64,	10),
(540,	NULL,	NULL,	'tst123',	NULL,	NULL,	NULL,	NULL,	NULL,	NULL,	64,	1),
(541,	'en',	'default',	'Dover Sole',	NULL,	NULL,	NULL,	NULL,	NULL,	NULL,	64,	2),
(542,	NULL,	NULL,	'dover-sole',	NULL,	NULL,	NULL,	NULL,	NULL,	NULL,	64,	3),
(543,	NULL,	'default',	NULL,	NULL,	0,	NULL,	NULL,	NULL,	NULL,	64,	4),
(544,	NULL,	NULL,	NULL,	1,	NULL,	NULL,	NULL,	NULL,	NULL,	64,	5),
(545,	NULL,	NULL,	NULL,	1,	NULL,	NULL,	NULL,	NULL,	NULL,	64,	6),
(546,	NULL,	NULL,	NULL,	1,	NULL,	NULL,	NULL,	NULL,	NULL,	64,	7),
(547,	NULL,	NULL,	NULL,	1,	NULL,	NULL,	NULL,	NULL,	NULL,	64,	8),
(548,	NULL,	NULL,	NULL,	NULL,	1,	NULL,	NULL,	NULL,	NULL,	64,	23),
(549,	NULL,	NULL,	NULL,	NULL,	6,	NULL,	NULL,	NULL,	NULL,	64,	24),
(550,	NULL,	NULL,	NULL,	1,	NULL,	NULL,	NULL,	NULL,	NULL,	64,	26),
(551,	'en',	'default',	'',	NULL,	NULL,	NULL,	NULL,	NULL,	NULL,	64,	16),
(552,	'en',	'default',	'',	NULL,	NULL,	NULL,	NULL,	NULL,	NULL,	64,	17),
(553,	'en',	'default',	'',	NULL,	NULL,	NULL,	NULL,	NULL,	NULL,	64,	18),
(554,	NULL,	NULL,	NULL,	NULL,	NULL,	11.0000,	NULL,	NULL,	NULL,	64,	11),
(555,	NULL,	'default',	NULL,	NULL,	NULL,	NULL,	NULL,	NULL,	NULL,	64,	12),
(556,	NULL,	NULL,	NULL,	NULL,	NULL,	NULL,	NULL,	NULL,	NULL,	64,	13),
(557,	NULL,	'default',	NULL,	NULL,	NULL,	NULL,	NULL,	NULL,	NULL,	64,	14),
(558,	NULL,	'default',	NULL,	NULL,	NULL,	NULL,	NULL,	NULL,	NULL,	64,	15),
(559,	NULL,	NULL,	'',	NULL,	NULL,	NULL,	NULL,	NULL,	NULL,	64,	19),
(560,	NULL,	NULL,	'',	NULL,	NULL,	NULL,	NULL,	NULL,	NULL,	64,	20),
(561,	NULL,	NULL,	'',	NULL,	NULL,	NULL,	NULL,	NULL,	NULL,	64,	21),
(562,	NULL,	NULL,	'10',	NULL,	NULL,	NULL,	NULL,	NULL,	NULL,	64,	22),
(563,	'en',	'default',	'<p>Cod&nbsp;</p>',	NULL,	NULL,	NULL,	NULL,	NULL,	NULL,	65,	9),
(564,	'en',	'default',	'<p>Cod</p>',	NULL,	NULL,	NULL,	NULL,	NULL,	NULL,	65,	10),
(565,	NULL,	NULL,	'test123',	NULL,	NULL,	NULL,	NULL,	NULL,	NULL,	65,	1),
(566,	'en',	'default',	'Cod',	NULL,	NULL,	NULL,	NULL,	NULL,	NULL,	65,	2),
(567,	NULL,	NULL,	'cod2',	NULL,	NULL,	NULL,	NULL,	NULL,	NULL,	65,	3),
(568,	NULL,	'default',	NULL,	NULL,	0,	NULL,	NULL,	NULL,	NULL,	65,	4),
(569,	NULL,	NULL,	NULL,	1,	NULL,	NULL,	NULL,	NULL,	NULL,	65,	5),
(570,	NULL,	NULL,	NULL,	1,	NULL,	NULL,	NULL,	NULL,	NULL,	65,	6),
(571,	NULL,	NULL,	NULL,	1,	NULL,	NULL,	NULL,	NULL,	NULL,	65,	7),
(572,	NULL,	NULL,	NULL,	1,	NULL,	NULL,	NULL,	NULL,	NULL,	65,	8),
(573,	NULL,	NULL,	NULL,	NULL,	1,	NULL,	NULL,	NULL,	NULL,	65,	23),
(574,	NULL,	NULL,	NULL,	NULL,	6,	NULL,	NULL,	NULL,	NULL,	65,	24),
(575,	NULL,	NULL,	NULL,	1,	NULL,	NULL,	NULL,	NULL,	NULL,	65,	26),
(576,	'en',	'default',	'',	NULL,	NULL,	NULL,	NULL,	NULL,	NULL,	65,	16),
(577,	'en',	'default',	'',	NULL,	NULL,	NULL,	NULL,	NULL,	NULL,	65,	17),
(578,	'en',	'default',	'',	NULL,	NULL,	NULL,	NULL,	NULL,	NULL,	65,	18),
(579,	NULL,	NULL,	NULL,	NULL,	NULL,	5.0000,	NULL,	NULL,	NULL,	65,	11),
(580,	NULL,	'default',	NULL,	NULL,	NULL,	NULL,	NULL,	NULL,	NULL,	65,	12),
(581,	NULL,	NULL,	NULL,	NULL,	NULL,	NULL,	NULL,	NULL,	NULL,	65,	13),
(582,	NULL,	'default',	NULL,	NULL,	NULL,	NULL,	NULL,	NULL,	NULL,	65,	14),
(583,	NULL,	'default',	NULL,	NULL,	NULL,	NULL,	NULL,	NULL,	NULL,	65,	15),
(584,	NULL,	NULL,	'',	NULL,	NULL,	NULL,	NULL,	NULL,	NULL,	65,	19),
(585,	NULL,	NULL,	'',	NULL,	NULL,	NULL,	NULL,	NULL,	NULL,	65,	20),
(586,	NULL,	NULL,	'',	NULL,	NULL,	NULL,	NULL,	NULL,	NULL,	65,	21),
(587,	NULL,	NULL,	'8',	NULL,	NULL,	NULL,	NULL,	NULL,	NULL,	65,	22),
(588,	'en',	'default',	'<p>test</p>',	NULL,	NULL,	NULL,	NULL,	NULL,	NULL,	66,	9),
(589,	'en',	'default',	'<p>test</p>',	NULL,	NULL,	NULL,	NULL,	NULL,	NULL,	66,	10),
(590,	NULL,	NULL,	'cod001',	NULL,	NULL,	NULL,	NULL,	NULL,	NULL,	66,	1),
(591,	'en',	'default',	'Cod',	NULL,	NULL,	NULL,	NULL,	NULL,	NULL,	66,	2),
(592,	NULL,	NULL,	'sandys01',	NULL,	NULL,	NULL,	NULL,	NULL,	NULL,	66,	3),
(593,	NULL,	'default',	NULL,	NULL,	0,	NULL,	NULL,	NULL,	NULL,	66,	4),
(594,	NULL,	NULL,	NULL,	0,	NULL,	NULL,	NULL,	NULL,	NULL,	66,	5),
(595,	NULL,	NULL,	NULL,	0,	NULL,	NULL,	NULL,	NULL,	NULL,	66,	6),
(596,	NULL,	NULL,	NULL,	1,	NULL,	NULL,	NULL,	NULL,	NULL,	66,	7),
(597,	NULL,	NULL,	NULL,	1,	NULL,	NULL,	NULL,	NULL,	NULL,	66,	8),
(598,	NULL,	NULL,	NULL,	1,	NULL,	NULL,	NULL,	NULL,	NULL,	66,	26),
(599,	'en',	'default',	'',	NULL,	NULL,	NULL,	NULL,	NULL,	NULL,	66,	16),
(600,	'en',	'default',	'',	NULL,	NULL,	NULL,	NULL,	NULL,	NULL,	66,	17),
(601,	'en',	'default',	'',	NULL,	NULL,	NULL,	NULL,	NULL,	NULL,	66,	18),
(602,	NULL,	NULL,	NULL,	NULL,	NULL,	6.0000,	NULL,	NULL,	NULL,	66,	11),
(603,	NULL,	'default',	NULL,	NULL,	NULL,	NULL,	NULL,	NULL,	NULL,	66,	12),
(604,	NULL,	NULL,	NULL,	NULL,	NULL,	NULL,	NULL,	NULL,	NULL,	66,	13),
(605,	NULL,	'default',	NULL,	NULL,	NULL,	NULL,	NULL,	NULL,	NULL,	66,	14),
(606,	NULL,	'default',	NULL,	NULL,	NULL,	NULL,	NULL,	NULL,	NULL,	66,	15),
(607,	NULL,	NULL,	'10',	NULL,	NULL,	NULL,	NULL,	NULL,	NULL,	66,	22),
(608,	'en',	'default',	'<p>vegatabels</p>',	NULL,	NULL,	NULL,	NULL,	NULL,	NULL,	68,	9),
(609,	'en',	'default',	'<p>test</p>',	NULL,	NULL,	NULL,	NULL,	NULL,	NULL,	68,	10),
(610,	NULL,	NULL,	'newshop',	NULL,	NULL,	NULL,	NULL,	NULL,	NULL,	68,	1),
(611,	'en',	'default',	'Vegatbalesss',	NULL,	NULL,	NULL,	NULL,	NULL,	NULL,	68,	2),
(612,	NULL,	NULL,	'vegatbalesss',	NULL,	NULL,	NULL,	NULL,	NULL,	NULL,	68,	3),
(613,	NULL,	'default',	NULL,	NULL,	0,	NULL,	NULL,	NULL,	NULL,	68,	4),
(614,	NULL,	NULL,	NULL,	0,	NULL,	NULL,	NULL,	NULL,	NULL,	68,	5),
(615,	NULL,	NULL,	NULL,	0,	NULL,	NULL,	NULL,	NULL,	NULL,	68,	6),
(616,	NULL,	NULL,	NULL,	1,	NULL,	NULL,	NULL,	NULL,	NULL,	68,	7),
(617,	NULL,	NULL,	NULL,	1,	NULL,	NULL,	NULL,	NULL,	NULL,	68,	8),
(618,	NULL,	NULL,	NULL,	NULL,	1,	NULL,	NULL,	NULL,	NULL,	68,	23),
(619,	NULL,	NULL,	NULL,	NULL,	6,	NULL,	NULL,	NULL,	NULL,	68,	24),
(620,	NULL,	NULL,	NULL,	0,	NULL,	NULL,	NULL,	NULL,	NULL,	68,	26),
(621,	'en',	'default',	'',	NULL,	NULL,	NULL,	NULL,	NULL,	NULL,	68,	16),
(622,	'en',	'default',	'',	NULL,	NULL,	NULL,	NULL,	NULL,	NULL,	68,	17),
(623,	'en',	'default',	'',	NULL,	NULL,	NULL,	NULL,	NULL,	NULL,	68,	18),
(624,	NULL,	NULL,	NULL,	NULL,	NULL,	5.0000,	NULL,	NULL,	NULL,	68,	11),
(625,	NULL,	'default',	NULL,	NULL,	NULL,	2.0000,	NULL,	NULL,	NULL,	68,	12),
(626,	NULL,	NULL,	NULL,	NULL,	NULL,	3.0000,	NULL,	NULL,	NULL,	68,	13),
(627,	NULL,	'default',	NULL,	NULL,	NULL,	NULL,	NULL,	NULL,	NULL,	68,	14),
(628,	NULL,	'default',	NULL,	NULL,	NULL,	NULL,	NULL,	NULL,	NULL,	68,	15),
(629,	NULL,	NULL,	'',	NULL,	NULL,	NULL,	NULL,	NULL,	NULL,	68,	19),
(630,	NULL,	NULL,	'',	NULL,	NULL,	NULL,	NULL,	NULL,	NULL,	68,	20),
(631,	NULL,	NULL,	'',	NULL,	NULL,	NULL,	NULL,	NULL,	NULL,	68,	21),
(632,	NULL,	NULL,	'11',	NULL,	NULL,	NULL,	NULL,	NULL,	NULL,	68,	22),
(633,	'en',	'default',	'<p>aerse</p>',	NULL,	NULL,	NULL,	NULL,	NULL,	NULL,	69,	9),
(634,	'en',	'default',	'<p>SDFDS</p>',	NULL,	NULL,	NULL,	NULL,	NULL,	NULL,	69,	10),
(635,	NULL,	NULL,	'123dfz',	NULL,	NULL,	NULL,	NULL,	NULL,	NULL,	69,	1),
(636,	'en',	'default',	'test',	NULL,	NULL,	NULL,	NULL,	NULL,	NULL,	69,	2),
(637,	NULL,	NULL,	'test',	NULL,	NULL,	NULL,	NULL,	NULL,	NULL,	69,	3),
(638,	NULL,	'default',	NULL,	NULL,	0,	NULL,	NULL,	NULL,	NULL,	69,	4),
(639,	NULL,	NULL,	NULL,	1,	NULL,	NULL,	NULL,	NULL,	NULL,	69,	5),
(640,	NULL,	NULL,	NULL,	1,	NULL,	NULL,	NULL,	NULL,	NULL,	69,	6),
(641,	NULL,	NULL,	NULL,	1,	NULL,	NULL,	NULL,	NULL,	NULL,	69,	7),
(642,	NULL,	NULL,	NULL,	1,	NULL,	NULL,	NULL,	NULL,	NULL,	69,	8),
(643,	NULL,	NULL,	NULL,	1,	NULL,	NULL,	NULL,	NULL,	NULL,	69,	26),
(644,	'en',	'default',	'',	NULL,	NULL,	NULL,	NULL,	NULL,	NULL,	69,	16),
(645,	'en',	'default',	'',	NULL,	NULL,	NULL,	NULL,	NULL,	NULL,	69,	17),
(646,	'en',	'default',	'',	NULL,	NULL,	NULL,	NULL,	NULL,	NULL,	69,	18),
(647,	NULL,	NULL,	NULL,	NULL,	NULL,	343.0000,	NULL,	NULL,	NULL,	69,	11),
(648,	NULL,	'default',	NULL,	NULL,	NULL,	NULL,	NULL,	NULL,	NULL,	69,	12),
(649,	NULL,	NULL,	NULL,	NULL,	NULL,	NULL,	NULL,	NULL,	NULL,	69,	13),
(650,	NULL,	'default',	NULL,	NULL,	NULL,	NULL,	NULL,	NULL,	NULL,	69,	14),
(651,	NULL,	'default',	NULL,	NULL,	NULL,	NULL,	NULL,	NULL,	NULL,	69,	15),
(652,	NULL,	NULL,	'23',	NULL,	NULL,	NULL,	NULL,	NULL,	NULL,	69,	22),
(653,	'en',	'default',	'<p>Test</p>',	NULL,	NULL,	NULL,	NULL,	NULL,	NULL,	70,	9),
(654,	'en',	'default',	'<p>Test</p>',	NULL,	NULL,	NULL,	NULL,	NULL,	NULL,	70,	10),
(655,	NULL,	NULL,	'newproduct',	NULL,	NULL,	NULL,	NULL,	NULL,	NULL,	70,	1),
(656,	'en',	'default',	'Vegtable check',	NULL,	NULL,	NULL,	NULL,	NULL,	NULL,	70,	2),
(657,	NULL,	NULL,	'vegtable-check',	NULL,	NULL,	NULL,	NULL,	NULL,	NULL,	70,	3),
(658,	NULL,	'default',	NULL,	NULL,	0,	NULL,	NULL,	NULL,	NULL,	70,	4),
(659,	NULL,	NULL,	NULL,	0,	NULL,	NULL,	NULL,	NULL,	NULL,	70,	5),
(660,	NULL,	NULL,	NULL,	0,	NULL,	NULL,	NULL,	NULL,	NULL,	70,	6),
(661,	NULL,	NULL,	NULL,	1,	NULL,	NULL,	NULL,	NULL,	NULL,	70,	7),
(662,	NULL,	NULL,	NULL,	1,	NULL,	NULL,	NULL,	NULL,	NULL,	70,	8),
(663,	NULL,	NULL,	NULL,	0,	NULL,	NULL,	NULL,	NULL,	NULL,	70,	26),
(664,	'en',	'default',	'',	NULL,	NULL,	NULL,	NULL,	NULL,	NULL,	70,	16),
(665,	'en',	'default',	'',	NULL,	NULL,	NULL,	NULL,	NULL,	NULL,	70,	17),
(666,	'en',	'default',	'',	NULL,	NULL,	NULL,	NULL,	NULL,	NULL,	70,	18),
(667,	NULL,	NULL,	NULL,	NULL,	NULL,	12.0000,	NULL,	NULL,	NULL,	70,	11),
(668,	NULL,	'default',	NULL,	NULL,	NULL,	10.0000,	NULL,	NULL,	NULL,	70,	12),
(669,	NULL,	NULL,	NULL,	NULL,	NULL,	11.0000,	NULL,	NULL,	NULL,	70,	13),
(670,	NULL,	'default',	NULL,	NULL,	NULL,	NULL,	NULL,	NULL,	NULL,	70,	14),
(671,	NULL,	'default',	NULL,	NULL,	NULL,	NULL,	NULL,	NULL,	NULL,	70,	15),
(672,	NULL,	NULL,	'11',	NULL,	NULL,	NULL,	NULL,	NULL,	NULL,	70,	22),
(673,	'en',	'default',	'<p>test</p>',	NULL,	NULL,	NULL,	NULL,	NULL,	NULL,	73,	9),
(674,	'en',	'default',	'<p>test</p>',	NULL,	NULL,	NULL,	NULL,	NULL,	NULL,	73,	10),
(675,	NULL,	NULL,	'test1231432',	NULL,	NULL,	NULL,	NULL,	NULL,	NULL,	73,	1),
(676,	'en',	'default',	'Product2',	NULL,	NULL,	NULL,	NULL,	NULL,	NULL,	73,	2),
(677,	NULL,	NULL,	'product2',	NULL,	NULL,	NULL,	NULL,	NULL,	NULL,	73,	3),
(678,	NULL,	'default',	NULL,	NULL,	0,	NULL,	NULL,	NULL,	NULL,	73,	4),
(679,	NULL,	NULL,	NULL,	0,	NULL,	NULL,	NULL,	NULL,	NULL,	73,	5),
(680,	NULL,	NULL,	NULL,	0,	NULL,	NULL,	NULL,	NULL,	NULL,	73,	6),
(681,	NULL,	NULL,	NULL,	1,	NULL,	NULL,	NULL,	NULL,	NULL,	73,	7),
(682,	NULL,	NULL,	NULL,	1,	NULL,	NULL,	NULL,	NULL,	NULL,	73,	8),
(683,	NULL,	NULL,	NULL,	NULL,	1,	NULL,	NULL,	NULL,	NULL,	73,	23),
(684,	NULL,	NULL,	NULL,	NULL,	6,	NULL,	NULL,	NULL,	NULL,	73,	24),
(685,	NULL,	NULL,	NULL,	1,	NULL,	NULL,	NULL,	NULL,	NULL,	73,	26),
(686,	'en',	'default',	'',	NULL,	NULL,	NULL,	NULL,	NULL,	NULL,	73,	16),
(687,	'en',	'default',	'',	NULL,	NULL,	NULL,	NULL,	NULL,	NULL,	73,	17),
(688,	'en',	'default',	'',	NULL,	NULL,	NULL,	NULL,	NULL,	NULL,	73,	18),
(689,	NULL,	NULL,	NULL,	NULL,	NULL,	10.0000,	NULL,	NULL,	NULL,	73,	11),
(690,	NULL,	'default',	NULL,	NULL,	NULL,	6.0000,	NULL,	NULL,	NULL,	73,	12),
(691,	NULL,	NULL,	NULL,	NULL,	NULL,	9.0000,	NULL,	NULL,	NULL,	73,	13),
(692,	NULL,	'default',	NULL,	NULL,	NULL,	NULL,	NULL,	NULL,	NULL,	73,	14),
(693,	NULL,	'default',	NULL,	NULL,	NULL,	NULL,	NULL,	NULL,	NULL,	73,	15),
(694,	NULL,	NULL,	'',	NULL,	NULL,	NULL,	NULL,	NULL,	NULL,	73,	19),
(695,	NULL,	NULL,	'',	NULL,	NULL,	NULL,	NULL,	NULL,	NULL,	73,	20),
(696,	NULL,	NULL,	'',	NULL,	NULL,	NULL,	NULL,	NULL,	NULL,	73,	21),
(697,	NULL,	NULL,	'12',	NULL,	NULL,	NULL,	NULL,	NULL,	NULL,	73,	22),
(698,	'en',	'default',	'<p>tes</p>',	NULL,	NULL,	NULL,	NULL,	NULL,	NULL,	74,	9),
(699,	'en',	'default',	'<p>test</p>',	NULL,	NULL,	NULL,	NULL,	NULL,	NULL,	74,	10),
(700,	NULL,	NULL,	'product3',	NULL,	NULL,	NULL,	NULL,	NULL,	NULL,	74,	1),
(701,	'en',	'default',	'Product3',	NULL,	NULL,	NULL,	NULL,	NULL,	NULL,	74,	2),
(702,	NULL,	NULL,	'product3',	NULL,	NULL,	NULL,	NULL,	NULL,	NULL,	74,	3),
(703,	NULL,	'default',	NULL,	NULL,	0,	NULL,	NULL,	NULL,	NULL,	74,	4),
(704,	NULL,	NULL,	NULL,	0,	NULL,	NULL,	NULL,	NULL,	NULL,	74,	5),
(705,	NULL,	NULL,	NULL,	0,	NULL,	NULL,	NULL,	NULL,	NULL,	74,	6),
(706,	NULL,	NULL,	NULL,	1,	NULL,	NULL,	NULL,	NULL,	NULL,	74,	7),
(707,	NULL,	NULL,	NULL,	1,	NULL,	NULL,	NULL,	NULL,	NULL,	74,	8),
(708,	NULL,	NULL,	NULL,	NULL,	1,	NULL,	NULL,	NULL,	NULL,	74,	23),
(709,	NULL,	NULL,	NULL,	NULL,	6,	NULL,	NULL,	NULL,	NULL,	74,	24),
(710,	NULL,	NULL,	NULL,	0,	NULL,	NULL,	NULL,	NULL,	NULL,	74,	26),
(711,	'en',	'default',	'',	NULL,	NULL,	NULL,	NULL,	NULL,	NULL,	74,	16),
(712,	'en',	'default',	'',	NULL,	NULL,	NULL,	NULL,	NULL,	NULL,	74,	17),
(713,	'en',	'default',	'',	NULL,	NULL,	NULL,	NULL,	NULL,	NULL,	74,	18),
(714,	NULL,	NULL,	NULL,	NULL,	NULL,	10.0000,	NULL,	NULL,	NULL,	74,	11),
(715,	NULL,	'default',	NULL,	NULL,	NULL,	6.0000,	NULL,	NULL,	NULL,	74,	12),
(716,	NULL,	NULL,	NULL,	NULL,	NULL,	9.0000,	NULL,	NULL,	NULL,	74,	13),
(717,	NULL,	'default',	NULL,	NULL,	NULL,	NULL,	NULL,	NULL,	NULL,	74,	14),
(718,	NULL,	'default',	NULL,	NULL,	NULL,	NULL,	NULL,	NULL,	NULL,	74,	15),
(719,	NULL,	NULL,	'',	NULL,	NULL,	NULL,	NULL,	NULL,	NULL,	74,	19),
(720,	NULL,	NULL,	'',	NULL,	NULL,	NULL,	NULL,	NULL,	NULL,	74,	20),
(721,	NULL,	NULL,	'',	NULL,	NULL,	NULL,	NULL,	NULL,	NULL,	74,	21),
(722,	NULL,	NULL,	'10',	NULL,	NULL,	NULL,	NULL,	NULL,	NULL,	74,	22),
(723,	'en',	'default',	'<p>test</p>',	NULL,	NULL,	NULL,	NULL,	NULL,	NULL,	82,	9),
(724,	'en',	'default',	'<p>test</p>',	NULL,	NULL,	NULL,	NULL,	NULL,	NULL,	82,	10),
(725,	NULL,	NULL,	'reads',	NULL,	NULL,	NULL,	NULL,	NULL,	NULL,	82,	1),
(726,	'en',	'default',	'My Product',	NULL,	NULL,	NULL,	NULL,	NULL,	NULL,	82,	2),
(727,	NULL,	NULL,	'my-product',	NULL,	NULL,	NULL,	NULL,	NULL,	NULL,	82,	3),
(728,	NULL,	'default',	NULL,	NULL,	0,	NULL,	NULL,	NULL,	NULL,	82,	4),
(729,	NULL,	NULL,	NULL,	0,	NULL,	NULL,	NULL,	NULL,	NULL,	82,	5),
(730,	NULL,	NULL,	NULL,	0,	NULL,	NULL,	NULL,	NULL,	NULL,	82,	6),
(731,	NULL,	NULL,	NULL,	0,	NULL,	NULL,	NULL,	NULL,	NULL,	82,	7),
(732,	NULL,	NULL,	NULL,	1,	NULL,	NULL,	NULL,	NULL,	NULL,	82,	8),
(733,	NULL,	NULL,	NULL,	NULL,	1,	NULL,	NULL,	NULL,	NULL,	82,	23),
(734,	NULL,	NULL,	NULL,	NULL,	6,	NULL,	NULL,	NULL,	NULL,	82,	24),
(735,	NULL,	NULL,	NULL,	1,	NULL,	NULL,	NULL,	NULL,	NULL,	82,	26),
(736,	'en',	'default',	'',	NULL,	NULL,	NULL,	NULL,	NULL,	NULL,	82,	16),
(737,	'en',	'default',	'',	NULL,	NULL,	NULL,	NULL,	NULL,	NULL,	82,	17),
(738,	'en',	'default',	'',	NULL,	NULL,	NULL,	NULL,	NULL,	NULL,	82,	18),
(739,	NULL,	NULL,	NULL,	NULL,	NULL,	20.0000,	NULL,	NULL,	NULL,	82,	11),
(740,	NULL,	'default',	NULL,	NULL,	NULL,	5.0000,	NULL,	NULL,	NULL,	82,	12),
(741,	NULL,	NULL,	NULL,	NULL,	NULL,	10.0000,	NULL,	NULL,	NULL,	82,	13),
(742,	NULL,	'default',	NULL,	NULL,	NULL,	NULL,	NULL,	NULL,	NULL,	82,	14),
(743,	NULL,	'default',	NULL,	NULL,	NULL,	NULL,	NULL,	NULL,	NULL,	82,	15),
(744,	NULL,	NULL,	'',	NULL,	NULL,	NULL,	NULL,	NULL,	NULL,	82,	19),
(745,	NULL,	NULL,	'',	NULL,	NULL,	NULL,	NULL,	NULL,	NULL,	82,	20),
(746,	NULL,	NULL,	'',	NULL,	NULL,	NULL,	NULL,	NULL,	NULL,	82,	21),
(747,	NULL,	NULL,	'10',	NULL,	NULL,	NULL,	NULL,	NULL,	NULL,	82,	22);

DROP TABLE IF EXISTS `product_bundle_options`;
CREATE TABLE `product_bundle_options` (
  `id` int(10) unsigned NOT NULL AUTO_INCREMENT,
  `type` varchar(191) COLLATE utf8mb4_unicode_ci NOT NULL,
  `is_required` tinyint(1) NOT NULL DEFAULT '1',
  `sort_order` int(11) NOT NULL DEFAULT '0',
  `product_id` int(10) unsigned NOT NULL,
  PRIMARY KEY (`id`),
  KEY `product_bundle_options_product_id_foreign` (`product_id`),
  CONSTRAINT `product_bundle_options_product_id_foreign` FOREIGN KEY (`product_id`) REFERENCES `products` (`id`) ON DELETE CASCADE
) ENGINE=InnoDB DEFAULT CHARSET=utf8mb4 COLLATE=utf8mb4_unicode_ci ROW_FORMAT=DYNAMIC;


DROP TABLE IF EXISTS `product_bundle_option_products`;
CREATE TABLE `product_bundle_option_products` (
  `id` int(10) unsigned NOT NULL AUTO_INCREMENT,
  `qty` int(11) NOT NULL DEFAULT '0',
  `is_user_defined` tinyint(1) NOT NULL DEFAULT '1',
  `is_default` tinyint(1) NOT NULL DEFAULT '0',
  `sort_order` int(11) NOT NULL DEFAULT '0',
  `product_bundle_option_id` int(10) unsigned NOT NULL,
  `product_id` int(10) unsigned NOT NULL,
  PRIMARY KEY (`id`),
  KEY `product_bundle_option_products_product_bundle_option_id_foreign` (`product_bundle_option_id`),
  KEY `product_bundle_option_products_product_id_foreign` (`product_id`),
  CONSTRAINT `product_bundle_option_products_product_bundle_option_id_foreign` FOREIGN KEY (`product_bundle_option_id`) REFERENCES `product_bundle_options` (`id`) ON DELETE CASCADE,
  CONSTRAINT `product_bundle_option_products_product_id_foreign` FOREIGN KEY (`product_id`) REFERENCES `products` (`id`) ON DELETE CASCADE
) ENGINE=InnoDB DEFAULT CHARSET=utf8mb4 COLLATE=utf8mb4_unicode_ci ROW_FORMAT=DYNAMIC;


DROP TABLE IF EXISTS `product_bundle_option_translations`;
CREATE TABLE `product_bundle_option_translations` (
  `id` int(10) unsigned NOT NULL AUTO_INCREMENT,
  `locale` varchar(191) COLLATE utf8mb4_unicode_ci NOT NULL,
  `label` text COLLATE utf8mb4_unicode_ci,
  `product_bundle_option_id` int(10) unsigned NOT NULL,
  PRIMARY KEY (`id`),
  UNIQUE KEY `product_bundle_option_translations_option_id_locale_unique` (`product_bundle_option_id`,`locale`),
  CONSTRAINT `product_bundle_option_translations_option_id_foreign` FOREIGN KEY (`product_bundle_option_id`) REFERENCES `product_bundle_options` (`id`) ON DELETE CASCADE
) ENGINE=InnoDB DEFAULT CHARSET=utf8mb4 COLLATE=utf8mb4_unicode_ci ROW_FORMAT=DYNAMIC;


DROP TABLE IF EXISTS `product_categories`;
CREATE TABLE `product_categories` (
  `product_id` int(10) unsigned NOT NULL,
  `category_id` int(10) unsigned NOT NULL,
  KEY `product_categories_product_id_foreign` (`product_id`),
  KEY `product_categories_category_id_foreign` (`category_id`),
  CONSTRAINT `product_categories_category_id_foreign` FOREIGN KEY (`category_id`) REFERENCES `categories` (`id`) ON DELETE CASCADE,
  CONSTRAINT `product_categories_product_id_foreign` FOREIGN KEY (`product_id`) REFERENCES `products` (`id`) ON DELETE CASCADE
) ENGINE=InnoDB DEFAULT CHARSET=utf8mb4 COLLATE=utf8mb4_unicode_ci ROW_FORMAT=DYNAMIC;

INSERT INTO `product_categories` (`product_id`, `category_id`) VALUES
(1,	2),
(2,	8),
(6,	6),
(7,	6),
(8,	6),
(10,	6),
(21,	10),
(18,	3),
(23,	3),
(11,	3),
(61,	10),
(63,	3),
(64,	3),
(65,	15),
(66,	15),
(68,	8),
(69,	15),
(70,	8),
(73,	10),
(74,	10),
(82,	10);

DROP TABLE IF EXISTS `product_cross_sells`;
CREATE TABLE `product_cross_sells` (
  `parent_id` int(10) unsigned NOT NULL,
  `child_id` int(10) unsigned NOT NULL,
  KEY `product_cross_sells_parent_id_foreign` (`parent_id`),
  KEY `product_cross_sells_child_id_foreign` (`child_id`),
  CONSTRAINT `product_cross_sells_child_id_foreign` FOREIGN KEY (`child_id`) REFERENCES `products` (`id`) ON DELETE CASCADE,
  CONSTRAINT `product_cross_sells_parent_id_foreign` FOREIGN KEY (`parent_id`) REFERENCES `products` (`id`) ON DELETE CASCADE
) ENGINE=InnoDB DEFAULT CHARSET=utf8mb4 COLLATE=utf8mb4_unicode_ci ROW_FORMAT=DYNAMIC;


DROP TABLE IF EXISTS `product_downloadable_links`;
CREATE TABLE `product_downloadable_links` (
  `id` int(10) unsigned NOT NULL AUTO_INCREMENT,
  `url` varchar(191) COLLATE utf8mb4_unicode_ci DEFAULT NULL,
  `file` varchar(191) COLLATE utf8mb4_unicode_ci DEFAULT NULL,
  `file_name` varchar(191) COLLATE utf8mb4_unicode_ci DEFAULT NULL,
  `type` varchar(191) COLLATE utf8mb4_unicode_ci NOT NULL,
  `price` decimal(12,4) NOT NULL DEFAULT '0.0000',
  `sample_url` varchar(191) COLLATE utf8mb4_unicode_ci DEFAULT NULL,
  `sample_file` varchar(191) COLLATE utf8mb4_unicode_ci DEFAULT NULL,
  `sample_file_name` varchar(191) COLLATE utf8mb4_unicode_ci DEFAULT NULL,
  `sample_type` varchar(191) COLLATE utf8mb4_unicode_ci DEFAULT NULL,
  `downloads` int(11) NOT NULL DEFAULT '0',
  `sort_order` int(11) DEFAULT NULL,
  `product_id` int(10) unsigned NOT NULL,
  `created_at` timestamp NULL DEFAULT NULL,
  `updated_at` timestamp NULL DEFAULT NULL,
  PRIMARY KEY (`id`),
  KEY `product_downloadable_links_product_id_foreign` (`product_id`),
  CONSTRAINT `product_downloadable_links_product_id_foreign` FOREIGN KEY (`product_id`) REFERENCES `products` (`id`) ON DELETE CASCADE
) ENGINE=InnoDB DEFAULT CHARSET=utf8mb4 COLLATE=utf8mb4_unicode_ci ROW_FORMAT=DYNAMIC;


DROP TABLE IF EXISTS `product_downloadable_link_translations`;
CREATE TABLE `product_downloadable_link_translations` (
  `id` int(10) unsigned NOT NULL AUTO_INCREMENT,
  `locale` varchar(191) COLLATE utf8mb4_unicode_ci NOT NULL,
  `title` text COLLATE utf8mb4_unicode_ci,
  `product_downloadable_link_id` int(10) unsigned NOT NULL,
  PRIMARY KEY (`id`),
  KEY `link_translations_link_id_foreign` (`product_downloadable_link_id`),
  CONSTRAINT `link_translations_link_id_foreign` FOREIGN KEY (`product_downloadable_link_id`) REFERENCES `product_downloadable_links` (`id`) ON DELETE CASCADE
) ENGINE=InnoDB DEFAULT CHARSET=utf8mb4 COLLATE=utf8mb4_unicode_ci ROW_FORMAT=DYNAMIC;


DROP TABLE IF EXISTS `product_downloadable_samples`;
CREATE TABLE `product_downloadable_samples` (
  `id` int(10) unsigned NOT NULL AUTO_INCREMENT,
  `url` varchar(191) COLLATE utf8mb4_unicode_ci DEFAULT NULL,
  `file` varchar(191) COLLATE utf8mb4_unicode_ci DEFAULT NULL,
  `file_name` varchar(191) COLLATE utf8mb4_unicode_ci DEFAULT NULL,
  `type` varchar(191) COLLATE utf8mb4_unicode_ci NOT NULL,
  `sort_order` int(11) DEFAULT NULL,
  `product_id` int(10) unsigned NOT NULL,
  `created_at` timestamp NULL DEFAULT NULL,
  `updated_at` timestamp NULL DEFAULT NULL,
  PRIMARY KEY (`id`),
  KEY `product_downloadable_samples_product_id_foreign` (`product_id`),
  CONSTRAINT `product_downloadable_samples_product_id_foreign` FOREIGN KEY (`product_id`) REFERENCES `products` (`id`) ON DELETE CASCADE
) ENGINE=InnoDB DEFAULT CHARSET=utf8mb4 COLLATE=utf8mb4_unicode_ci ROW_FORMAT=DYNAMIC;


DROP TABLE IF EXISTS `product_downloadable_sample_translations`;
CREATE TABLE `product_downloadable_sample_translations` (
  `id` int(10) unsigned NOT NULL AUTO_INCREMENT,
  `locale` varchar(191) COLLATE utf8mb4_unicode_ci NOT NULL,
  `title` text COLLATE utf8mb4_unicode_ci,
  `product_downloadable_sample_id` int(10) unsigned NOT NULL,
  PRIMARY KEY (`id`),
  KEY `sample_translations_sample_id_foreign` (`product_downloadable_sample_id`),
  CONSTRAINT `sample_translations_sample_id_foreign` FOREIGN KEY (`product_downloadable_sample_id`) REFERENCES `product_downloadable_samples` (`id`) ON DELETE CASCADE
) ENGINE=InnoDB DEFAULT CHARSET=utf8mb4 COLLATE=utf8mb4_unicode_ci ROW_FORMAT=DYNAMIC;


DROP TABLE IF EXISTS `product_flat`;
CREATE TABLE `product_flat` (
  `id` int(10) unsigned NOT NULL AUTO_INCREMENT,
  `sku` varchar(191) COLLATE utf8mb4_unicode_ci NOT NULL,
  `name` varchar(191) COLLATE utf8mb4_unicode_ci DEFAULT NULL,
  `description` text COLLATE utf8mb4_unicode_ci,
  `url_key` varchar(191) COLLATE utf8mb4_unicode_ci DEFAULT NULL,
  `new` tinyint(1) DEFAULT NULL,
  `featured` tinyint(1) DEFAULT NULL,
  `status` tinyint(1) DEFAULT NULL,
  `thumbnail` varchar(191) COLLATE utf8mb4_unicode_ci DEFAULT NULL,
  `price` decimal(12,4) DEFAULT NULL,
  `cost` decimal(12,4) DEFAULT NULL,
  `special_price` decimal(12,4) DEFAULT NULL,
  `special_price_from` date DEFAULT NULL,
  `special_price_to` date DEFAULT NULL,
  `weight` decimal(12,4) DEFAULT NULL,
  `color` int(11) DEFAULT NULL,
  `color_label` varchar(191) COLLATE utf8mb4_unicode_ci DEFAULT NULL,
  `size` int(11) DEFAULT NULL,
  `size_label` varchar(191) COLLATE utf8mb4_unicode_ci DEFAULT NULL,
  `created_at` datetime DEFAULT NULL,
  `locale` varchar(191) COLLATE utf8mb4_unicode_ci DEFAULT NULL,
  `channel` varchar(191) COLLATE utf8mb4_unicode_ci DEFAULT NULL,
  `product_id` int(10) unsigned NOT NULL,
  `updated_at` datetime DEFAULT NULL,
  `parent_id` int(10) unsigned DEFAULT NULL,
  `visible_individually` tinyint(1) DEFAULT NULL,
  `min_price` decimal(12,4) DEFAULT NULL,
  `max_price` decimal(12,4) DEFAULT NULL,
  `short_description` text COLLATE utf8mb4_unicode_ci,
  `meta_title` text COLLATE utf8mb4_unicode_ci,
  `meta_keywords` text COLLATE utf8mb4_unicode_ci,
  `meta_description` text COLLATE utf8mb4_unicode_ci,
  `width` decimal(12,4) DEFAULT NULL,
  `height` decimal(12,4) DEFAULT NULL,
  `depth` decimal(12,4) DEFAULT NULL,
  PRIMARY KEY (`id`),
  UNIQUE KEY `product_flat_unique_index` (`product_id`,`channel`,`locale`),
  KEY `product_flat_parent_id_foreign` (`parent_id`),
  CONSTRAINT `product_flat_parent_id_foreign` FOREIGN KEY (`parent_id`) REFERENCES `product_flat` (`id`) ON DELETE CASCADE,
  CONSTRAINT `product_flat_product_id_foreign` FOREIGN KEY (`product_id`) REFERENCES `products` (`id`) ON DELETE CASCADE
) ENGINE=InnoDB DEFAULT CHARSET=utf8mb4 COLLATE=utf8mb4_unicode_ci ROW_FORMAT=DYNAMIC;

INSERT INTO `product_flat` (`id`, `sku`, `name`, `description`, `url_key`, `new`, `featured`, `status`, `thumbnail`, `price`, `cost`, `special_price`, `special_price_from`, `special_price_to`, `weight`, `color`, `color_label`, `size`, `size_label`, `created_at`, `locale`, `channel`, `product_id`, `updated_at`, `parent_id`, `visible_individually`, `min_price`, `max_price`, `short_description`, `meta_title`, `meta_keywords`, `meta_description`, `width`, `height`, `depth`) VALUES
(1,	'123',	'Just Shrimps',	'<p>Lorem Ipsum is simply dummy text of the printing and typesetting industry. Lorem Ipsum has been the industry\'s standard dummy text ever since the 1500s, when an unknown printer took a galley of type and scrambled it to make a type specimen book</p>',	'just-shrimps',	0,	1,	1,	NULL,	10.0000,	10.0000,	9.0000,	NULL,	NULL,	10.0000,	1,	'Red',	6,	'S',	'2020-03-19 09:24:54',	'en',	'default',	1,	'2020-03-19 09:24:54',	NULL,	1,	9.0000,	9.0000,	'<p>Lorem Ipsum is simply dummy text of the printing and typesetting industry. Lorem Ipsum has been the industry\'s standard dummy text ever since the 1500s, when an unknown printer took a galley of type and scrambled it to make a type specimen book</p>',	'',	'',	'',	0.0000,	0.0000,	0.0000),
(2,	'212',	'The Vegetable Shop',	'<p>Lorem Ipsum is simply dummy text of the printing and typesetting industry. Lorem Ipsum has been the industry\'s standard dummy text ever since the 1500s, when an unknown printer took a galley of type and scrambled it to make a type specimen book</p>',	'the-vegetable-shop1',	0,	1,	1,	NULL,	10.0000,	10.0000,	9.0000,	NULL,	NULL,	21.0000,	1,	'Red',	6,	'S',	'2020-03-19 10:24:12',	'en',	'default',	2,	'2020-03-19 10:24:12',	NULL,	1,	9.0000,	9.0000,	'<p>Lorem Ipsum is simply dummy text of the printing and typesetting industry. Lorem Ipsum has been the industry\'s standard dummy text ever since the 1500s, when an unknown printer took a galley of type and scrambled it to make a type specimen book</p>',	'',	'',	'',	0.0000,	0.0000,	0.0000),
(3,	'2122',	'Vitamin Sea',	'<p>Lorem Ipsum is simply dummy text of the printing and typesetting industry. Lorem Ipsum has been the industry\'s standard dummy text ever since the 1500s, when an unknown printer took a galley of type and scrambled it to make a type specimen book</p>',	'vitamin-sea2',	0,	1,	1,	NULL,	21.0000,	21.0000,	11.0000,	NULL,	NULL,	21.0000,	1,	'Red',	6,	'S',	'2020-03-19 10:26:58',	'en',	'default',	3,	'2020-03-19 10:26:58',	NULL,	1,	11.0000,	11.0000,	'<p>Lorem Ipsum is simply dummy text of the printing and typesetting industry. Lorem Ipsum has been the industry\'s standard dummy text ever since the 1500s, when an unknown printer took a galley of type and scrambled it to make a type specimen book</p>',	'',	'',	'',	0.0000,	0.0000,	0.0000),
(4,	'21312',	'Vitamin Sea',	'<p>Lorem Ipsum is simply dummy text of the printing and typesetting industry. Lorem Ipsum has been the industry\'s standard dummy text ever since the 1500s, when an unknown printer took a galley of type and scrambled it to make a type specimen book</p>',	'vitamin-sea',	0,	1,	1,	NULL,	12.0000,	21.0000,	11.0000,	NULL,	NULL,	21.0000,	1,	'Red',	6,	'S',	'2020-03-19 10:29:17',	'en',	'default',	4,	'2020-03-19 10:29:17',	NULL,	1,	11.0000,	11.0000,	'<p>Lorem Ipsum is simply dummy text of the printing and typesetting industry. Lorem Ipsum has been the industry\'s standard dummy text ever since the 1500s, when an unknown printer took a galley of type and scrambled it to make a type specimen book</p>',	'',	'',	'',	0.0000,	0.0000,	0.0000),
(5,	'',	NULL,	NULL,	NULL,	NULL,	NULL,	NULL,	NULL,	NULL,	NULL,	NULL,	NULL,	NULL,	NULL,	NULL,	NULL,	NULL,	NULL,	'2020-03-26 17:31:03',	'en',	'default',	5,	'2020-03-26 17:31:03',	NULL,	NULL,	NULL,	NULL,	NULL,	NULL,	NULL,	NULL,	NULL,	NULL,	NULL),
(6,	'rowprok12',	'Raw Pork Ribs',	'<p>Lorem Ipsum is simply dummy text of the printing and typesetting industry. Lorem Ipsum has been the industry\'s standard dummy text ever since the 1500s, when an unknown printer took a galley of type and scrambled it to make a type specimen book.</p>',	'raw-pork-ribs',	1,	0,	1,	NULL,	21.0000,	21.0000,	20.0000,	NULL,	NULL,	21.0000,	1,	'Red',	6,	'S',	'2020-03-26 17:52:07',	'en',	'default',	6,	'2020-03-26 17:52:07',	NULL,	1,	20.0000,	20.0000,	'<p>Lorem Ipsum is simply dummy text of the printing and typesetting industry. Lorem Ipsum has been the industry\'s standard dummy text ever since the 1500s, when an unknown printer took a galley of type and scrambled it to make a type specimen book.</p>',	'',	'',	'',	0.0000,	0.0000,	0.0000),
(7,	'wildsamon1',	'Wildsamon',	'<p>Lorem Ipsum is simply dummy text of the printing and typesetting industry. Lorem Ipsum has been the industry\'s standard dummy text ever since the 1500s, when an unknown printer took a galley of type and scrambled it to make a type specimen book</p>',	'wildsamon',	1,	0,	1,	NULL,	21.0000,	21.0000,	20.0000,	NULL,	NULL,	12.0000,	1,	'Red',	6,	'S',	'2020-03-26 17:58:17',	'en',	'default',	7,	'2020-03-26 17:58:17',	NULL,	1,	20.0000,	20.0000,	'<p style=\"text-align: justify;\"><span style=\"font-family: \'Open Sans\', Arial, sans-serif;\">Lorem Ipsum is simply dummy text of the printing and typesetting industry. Lorem Ipsum has been the industry\'s standard dummy text ever since the 1500s, when an unknown printer took a galley of type and scrambled it to make a type specimen book</span></p>',	'',	'',	'',	0.0000,	0.0000,	0.0000),
(8,	'rowpok',	'Raw ',	'<p>Lorem Ipsum is simply dummy text of the printing and typesetting industry. Lorem Ipsum has been the industry\'s standard dummy text ever since the 1500s, when an unknown printer took a galley of type and scrambled it to make a type specimen book</p>',	'raw-pork-ribs1',	1,	0,	1,	NULL,	21.0000,	10.0000,	9.0000,	NULL,	NULL,	1.0000,	1,	'Red',	6,	'S',	'2020-03-26 18:01:06',	'en',	'default',	8,	'2020-03-26 18:01:06',	NULL,	1,	9.0000,	9.0000,	'<p>Lorem Ipsum is simply dummy text of the printing and typesetting industry. Lorem Ipsum has been the industry\'s standard dummy text ever since the 1500s, when an unknown printer took a galley of type and scrambled it to make a type specimen book</p>',	'',	'',	'',	0.0000,	0.0000,	0.0000),
(9,	'wildsamon2',	'Wild Salmon',	'<p>Lorem Ipsum is simply dummy text of the printing and typesetting industry. Lorem Ipsum has been the industry\'s standard dummy text ever since the 1500s, when an unknown printer took a galley of type and scrambled it to make a type specimen book</p>',	'wild-salmon2',	1,	0,	1,	NULL,	21.0000,	21.0000,	11.0000,	NULL,	NULL,	1.0000,	1,	'Red',	6,	'S',	'2020-03-26 18:02:13',	'en',	'default',	9,	'2020-03-26 18:02:13',	NULL,	1,	11.0000,	11.0000,	'<p>Lorem Ipsum is simply dummy text of the printing and typesetting industry. Lorem Ipsum has been the industry\'s standard dummy text ever since the 1500s, when an unknown printer took a galley of type and scrambled it to make a type specimen book</p>',	'',	'',	'',	0.0000,	0.0000,	0.0000),
(10,	'rawpork-33',	'Raw Pork Ribs',	'<p>Lorem Ipsum is simply dummy text of the printing and typesetting industry. Lorem Ipsum has been the industry\'s standard dummy text ever since the 1500s, when an unknown printer took a galley of type and scrambled it to make a type specimen book</p>',	'raw-pork-ribs6',	1,	0,	1,	NULL,	21.0000,	21.0000,	11.0000,	NULL,	NULL,	2.0000,	1,	'Red',	6,	'S',	'2020-03-26 18:04:35',	'en',	'default',	10,	'2020-03-26 18:04:35',	NULL,	1,	11.0000,	11.0000,	'<p>Lorem Ipsum is simply dummy text of the printing and typesetting industry. Lorem Ipsum has been the industry\'s standard dummy text ever since the 1500s, when an unknown printer took a galley of type and scrambled it to make a type specimen book</p>',	'',	'',	'',	0.0000,	0.0000,	0.0000),
(11,	'wildsamon6',	'Cuttlefish',	'<p>&nbsp;</p>\r\n<p>Widely prized as a food in East Asia and Europe, there are several species of Cuttlefish. Cuttlefish is particularly popular in Spain, Italy and Portugal, although perhaps under utilised in the UK despite being available around our coasts.</p>\r\n<p>Their flavour is sweet and delicate. Great value seafood and easy to cook.</p>\r\n<p>&nbsp;</p>\r\n<p>&nbsp;</p>',	'cuttlefish',	1,	0,	1,	NULL,	21.0000,	11.0000,	11.0000,	'2020-04-20',	'2021-10-01',	21.0000,	1,	'Red',	6,	'S',	'2020-03-26 18:13:45',	'en',	'default',	11,	'2020-03-26 18:13:45',	NULL,	1,	11.0000,	11.0000,	'<p>Fresh Cuttlefish</p>',	'',	'',	'',	0.0000,	0.0000,	0.0000),
(12,	'',	NULL,	NULL,	NULL,	NULL,	NULL,	NULL,	NULL,	NULL,	NULL,	NULL,	NULL,	NULL,	NULL,	NULL,	NULL,	NULL,	NULL,	'2020-03-26 18:16:36',	'en',	'default',	12,	'2020-03-26 18:16:36',	NULL,	NULL,	NULL,	NULL,	NULL,	NULL,	NULL,	NULL,	NULL,	NULL,	NULL),
(13,	'',	NULL,	NULL,	NULL,	NULL,	NULL,	NULL,	NULL,	NULL,	NULL,	NULL,	NULL,	NULL,	NULL,	NULL,	NULL,	NULL,	NULL,	'2020-03-27 14:54:38',	'en',	'default',	13,	'2020-03-27 14:54:38',	NULL,	NULL,	NULL,	NULL,	NULL,	NULL,	NULL,	NULL,	NULL,	NULL,	NULL),
(14,	'',	NULL,	NULL,	NULL,	NULL,	NULL,	NULL,	NULL,	NULL,	NULL,	NULL,	NULL,	NULL,	NULL,	NULL,	NULL,	NULL,	NULL,	'2020-03-30 18:26:34',	'en',	'default',	14,	'2020-03-30 18:26:34',	NULL,	NULL,	NULL,	NULL,	NULL,	NULL,	NULL,	NULL,	NULL,	NULL,	NULL),
(18,	'simple123',	'Cod Cheek',	'<p>Cod cheeks are the cheeks taken from the head of a cod. A favourite among chefs, they are bite sized and slightly firmer than a cod fillet.</p>\r\n<p>These require minimal preparation and are an ideal &ldquo;light bite&rdquo; as a starter dish, or part of another dish.</p>\r\n<p>&nbsp;</p>',	'cod-cheek',	0,	0,	1,	NULL,	8.0000,	8.0000,	NULL,	NULL,	NULL,	21.0000,	1,	'Red',	6,	'S',	'2020-03-31 04:08:03',	'en',	'default',	18,	'2020-03-31 04:08:03',	NULL,	1,	8.0000,	8.0000,	'<h2>Fresh Cod Cheek</h2>',	'',	'',	'',	0.0000,	0.0000,	0.0000),
(20,	'',	NULL,	NULL,	NULL,	NULL,	NULL,	NULL,	NULL,	NULL,	NULL,	NULL,	NULL,	NULL,	NULL,	NULL,	NULL,	NULL,	NULL,	'2020-04-03 15:36:11',	'en',	'default',	20,	'2020-04-03 15:36:11',	NULL,	NULL,	NULL,	NULL,	NULL,	NULL,	NULL,	NULL,	NULL,	NULL,	NULL),
(21,	'01abc',	'Organic Chocolate Sauce',	'<p style=\"text-align: justify;\"><span style=\"display: inline !important; float: none; background-color: #ffffff; color: #000000; font-family: Verdana,Arial,Helvetica,sans-serif; font-size: 14px; font-style: normal; font-variant: normal; font-weight: 400; letter-spacing: normal; line-height: 1.2em; orphans: 2; text-align: justify; text-decoration: none; text-indent: 0px; text-transform: none; -webkit-text-stroke-width: 0px; white-space: normal; word-spacing: 0px;\">Wholesale chocolate sauce</span><span style=\"display: inline !important; float: none; background-color: #ffffff; color: #000000; font-family: Verdana,Arial,Helvetica,sans-serif; font-size: 14px; font-style: normal; font-variant: normal; font-weight: 400; letter-spacing: normal; line-height: 1.2em; orphans: 2; text-align: justify; text-decoration: none; text-indent: 0px; text-transform: none; -webkit-text-stroke-width: 0px; white-space: normal; word-spacing: 0px;\"><br /></span></p>',	'organic-chocolate-sauce',	1,	0,	1,	NULL,	8.0000,	NULL,	NULL,	NULL,	NULL,	50.0000,	1,	'Red',	6,	'S',	'2020-04-03 17:56:45',	'en',	'default',	21,	'2020-04-03 21:30:29',	NULL,	1,	8.0000,	8.0000,	'<p style=\"text-align: justify;\"><span style=\"display: inline !important; float: none; background-color: #ffffff; color: #000000; font-family: Verdana,Arial,Helvetica,sans-serif; font-size: 14px; font-style: normal; font-variant: normal; font-weight: 400; letter-spacing: normal; line-height: 1.2em; orphans: 2; text-align: justify; text-decoration: none; text-indent: 0px; text-transform: none; -webkit-text-stroke-width: 0px; white-space: normal; word-spacing: 0px;\">Wholesale chocolate sauce</span></p>',	'Chocolate Sauce',	'',	'',	0.0000,	0.0000,	0.0000),
(22,	'',	NULL,	NULL,	NULL,	NULL,	NULL,	NULL,	NULL,	NULL,	NULL,	NULL,	NULL,	NULL,	NULL,	NULL,	NULL,	NULL,	NULL,	'2020-04-07 17:33:13',	'en',	'default',	22,	'2020-04-07 17:33:13',	NULL,	NULL,	NULL,	NULL,	NULL,	NULL,	NULL,	NULL,	NULL,	NULL,	NULL),
(23,	'product1234',	'Coley',	'<p>&nbsp;</p>\r\n<p>An alternative to Cod and Haddock, also known as Saithe. A long tapered body, with a slight blue tint, coley range from 500g to 6kg but are usually only available as fillets.</p>\r\n<p>Coley can be a good buy, but needs to be as fresh as possible. The flesh is often a dull off-white colour but lightens during cooking and it has a fine flavour.</p>\r\n<p>&nbsp;</p>',	'coley',	0,	0,	1,	NULL,	15.0000,	10.0000,	9.0000,	NULL,	NULL,	12.0000,	1,	'Red',	6,	'S',	'2020-04-07 18:23:18',	'en',	'default',	23,	'2020-04-07 18:23:18',	NULL,	1,	9.0000,	9.0000,	'<p>Fresh Coley</p>',	'',	'',	'',	0.0000,	0.0000,	0.0000),
(24,	'',	NULL,	NULL,	NULL,	NULL,	NULL,	NULL,	NULL,	NULL,	NULL,	NULL,	NULL,	NULL,	NULL,	NULL,	NULL,	NULL,	NULL,	'2020-04-10 13:09:01',	'en',	'default',	24,	'2020-04-10 13:09:01',	NULL,	NULL,	NULL,	NULL,	NULL,	NULL,	NULL,	NULL,	NULL,	NULL,	NULL),
(61,	'erty12',	'testedward',	'<p>324sdg</p>',	'testedward',	1,	1,	1,	NULL,	123.0000,	NULL,	NULL,	NULL,	NULL,	21.0000,	1,	'Red',	6,	'S',	'2020-04-12 20:47:10',	'en',	'default',	61,	'2020-04-12 20:47:10',	NULL,	1,	123.0000,	123.0000,	'<p>erdf234</p>',	'',	'',	'',	0.0000,	0.0000,	0.0000),
(63,	'123jdkf',	'John Dory',	'<p></p>\r\n<p>Along with its unusual name, John Dory are also an unusual looking fish. They are easily recognised by their flat bodies, their olive green colour and spines that rise from the dorsal fin. They have the mark of St Peter on the sides of their bodies and are easily recognised by that.&nbsp;In season all year round.</p>\r\n<p>Where does it live: Found all around the world including Africa, Australasia and European waters.</p>\r\n<p>What does it eat: John Dory hunt by sucking prey into their mouths which they make into a tube like structure. They will eat other fish and some Squid.</p>\r\n<p>Size: 32-50cm.</p>',	'john-dory',	1,	1,	1,	NULL,	12.0000,	NULL,	NULL,	NULL,	NULL,	10.0000,	1,	'Red',	6,	'S',	'2020-04-12 22:15:00',	'en',	'default',	63,	'2020-04-12 22:15:00',	NULL,	1,	12.0000,	12.0000,	'<p>Freshly caught John Dory</p>',	'',	'',	'',	0.0000,	0.0000,	0.0000),
(64,	'tst123',	'Dover Sole',	'<p></p>\r\n<p>Description: A flat fish, the Dover Sole is a classic British species enjoyed for hundreds of years. They are mousy brown in colour with darker splotches. Scaly along the lateral line with a dark black mark on the pectoral fins. They have a unique pattern on their skin similar to the look of carbon fibre.</p>\r\n<p>Where does it live: Dover Sole live in deep waters but migrate near the shore to spawn.</p>\r\n<p>When is it in season: Dover Sole breed and spawn in the spring so the fish is in its best condition January to March &amp; the from July to January.</p>\r\n<p>What does it eat: Any small creatures found on the seabed. They will eat prawns, worms small shellfish and some crab.</p>\r\n<p>Size: Roughly 30-40cm.</p>',	'dover-sole',	1,	1,	1,	NULL,	11.0000,	NULL,	NULL,	NULL,	NULL,	10.0000,	1,	'Red',	6,	'S',	'2020-04-13 03:17:20',	'en',	'default',	64,	'2020-04-13 03:17:20',	NULL,	1,	11.0000,	11.0000,	'<p>Fresh Dover Sole</p>',	'',	'',	'',	0.0000,	0.0000,	0.0000),
(65,	'test123',	'Cod',	'<p>Cod</p>',	'cod2',	1,	1,	1,	NULL,	5.0000,	NULL,	NULL,	NULL,	NULL,	8.0000,	1,	'Red',	6,	'S',	'2020-04-13 03:47:43',	'en',	'default',	65,	'2020-04-13 03:47:43',	NULL,	1,	5.0000,	5.0000,	'<p>Cod&nbsp;</p>',	'',	'',	'',	0.0000,	0.0000,	0.0000),
(66,	'cod001',	'Cod',	'<p>test</p>',	'sandys01',	0,	0,	1,	NULL,	6.0000,	NULL,	NULL,	NULL,	NULL,	10.0000,	NULL,	NULL,	NULL,	NULL,	'2020-04-13 18:01:55',	'en',	'default',	66,	'2020-04-13 18:01:55',	NULL,	1,	6.0000,	6.0000,	'<p>test</p>',	'',	'',	'',	NULL,	NULL,	NULL),
(67,	'',	NULL,	NULL,	NULL,	NULL,	NULL,	NULL,	NULL,	NULL,	NULL,	NULL,	NULL,	NULL,	NULL,	NULL,	NULL,	NULL,	NULL,	'2020-04-17 12:20:35',	'en',	'default',	67,	'2020-04-17 12:20:35',	NULL,	NULL,	NULL,	NULL,	NULL,	NULL,	NULL,	NULL,	NULL,	NULL,	NULL),
(68,	'newshop',	'Vegatbalesss',	'<p>test</p>',	'vegatbalesss',	0,	0,	1,	NULL,	5.0000,	2.0000,	3.0000,	NULL,	NULL,	11.0000,	1,	'Red',	6,	'S',	'2020-04-25 13:05:17',	'en',	'default',	68,	'2020-04-25 13:05:17',	NULL,	1,	3.0000,	3.0000,	'<p>vegatabels</p>',	'',	'',	'',	0.0000,	0.0000,	0.0000),
(69,	'123dfz',	'test',	'<p>SDFDS</p>',	'test',	1,	1,	1,	NULL,	343.0000,	NULL,	NULL,	NULL,	NULL,	23.0000,	NULL,	NULL,	NULL,	NULL,	'2020-04-28 16:57:00',	'en',	'default',	69,	'2020-04-28 16:57:00',	NULL,	1,	343.0000,	343.0000,	'<p>aerse</p>',	'',	'',	'',	NULL,	NULL,	NULL),
(70,	'newproduct',	'Vegtable check',	'<p>Test</p>',	'vegtable-check',	0,	0,	1,	NULL,	12.0000,	10.0000,	11.0000,	NULL,	NULL,	11.0000,	NULL,	NULL,	NULL,	NULL,	'2020-05-03 11:56:06',	'en',	'default',	70,	'2020-05-03 11:56:06',	NULL,	1,	11.0000,	11.0000,	'<p>Test</p>',	'',	'',	'',	NULL,	NULL,	NULL),
(71,	'',	NULL,	NULL,	NULL,	NULL,	NULL,	NULL,	NULL,	NULL,	NULL,	NULL,	NULL,	NULL,	NULL,	NULL,	NULL,	NULL,	NULL,	'2020-05-03 13:30:27',	'en',	'default',	71,	'2020-05-03 13:30:27',	NULL,	NULL,	NULL,	NULL,	NULL,	NULL,	NULL,	NULL,	NULL,	NULL,	NULL),
(72,	'',	NULL,	NULL,	NULL,	NULL,	NULL,	NULL,	NULL,	NULL,	NULL,	NULL,	NULL,	NULL,	NULL,	NULL,	NULL,	NULL,	NULL,	'2020-05-03 13:35:40',	'en',	'default',	72,	'2020-05-03 13:35:40',	NULL,	NULL,	NULL,	NULL,	NULL,	NULL,	NULL,	NULL,	NULL,	NULL,	NULL),
(73,	'test1231432',	'Product2',	'<p>test</p>',	'product2',	0,	0,	1,	NULL,	10.0000,	6.0000,	9.0000,	NULL,	NULL,	12.0000,	1,	'Red',	6,	'S',	'2020-05-03 14:23:39',	'en',	'default',	73,	'2020-05-11 11:13:55',	NULL,	1,	9.0000,	9.0000,	'<p>test</p>',	'',	'',	'',	0.0000,	0.0000,	0.0000),
(74,	'product3',	'Product3',	'<p>test</p>',	'product3',	0,	0,	1,	NULL,	10.0000,	6.0000,	9.0000,	NULL,	NULL,	10.0000,	1,	'Red',	6,	'S',	'2020-05-03 15:06:43',	'en',	'default',	74,	'2020-05-11 11:15:27',	NULL,	1,	9.0000,	9.0000,	'<p>tes</p>',	'',	'',	'',	0.0000,	0.0000,	0.0000),
(75,	'',	NULL,	NULL,	NULL,	NULL,	NULL,	NULL,	NULL,	NULL,	NULL,	NULL,	NULL,	NULL,	NULL,	NULL,	NULL,	NULL,	NULL,	'2020-05-04 13:47:06',	'en',	'default',	75,	'2020-05-04 13:47:06',	NULL,	NULL,	NULL,	NULL,	NULL,	NULL,	NULL,	NULL,	NULL,	NULL,	NULL),
(76,	'',	NULL,	NULL,	NULL,	NULL,	NULL,	NULL,	NULL,	NULL,	NULL,	NULL,	NULL,	NULL,	NULL,	NULL,	NULL,	NULL,	NULL,	'2020-05-05 10:41:27',	'en',	'default',	76,	'2020-05-05 10:41:27',	NULL,	NULL,	NULL,	NULL,	NULL,	NULL,	NULL,	NULL,	NULL,	NULL,	NULL),
(77,	'',	NULL,	NULL,	NULL,	NULL,	NULL,	NULL,	NULL,	NULL,	NULL,	NULL,	NULL,	NULL,	NULL,	NULL,	NULL,	NULL,	NULL,	'2020-05-05 15:25:59',	'en',	'default',	77,	'2020-05-05 15:25:59',	NULL,	NULL,	NULL,	NULL,	NULL,	NULL,	NULL,	NULL,	NULL,	NULL,	NULL),
(78,	'',	NULL,	NULL,	NULL,	NULL,	NULL,	NULL,	NULL,	NULL,	NULL,	NULL,	NULL,	NULL,	NULL,	NULL,	NULL,	NULL,	NULL,	'2020-05-06 13:41:11',	'en',	'default',	78,	'2020-05-06 13:41:11',	NULL,	NULL,	NULL,	NULL,	NULL,	NULL,	NULL,	NULL,	NULL,	NULL,	NULL),
(79,	'',	NULL,	NULL,	NULL,	NULL,	NULL,	NULL,	NULL,	NULL,	NULL,	NULL,	NULL,	NULL,	NULL,	NULL,	NULL,	NULL,	NULL,	'2020-05-07 19:44:05',	'en',	'default',	79,	'2020-05-07 19:44:05',	NULL,	NULL,	NULL,	NULL,	NULL,	NULL,	NULL,	NULL,	NULL,	NULL,	NULL),
(80,	'',	NULL,	NULL,	NULL,	NULL,	NULL,	NULL,	NULL,	NULL,	NULL,	NULL,	NULL,	NULL,	NULL,	NULL,	NULL,	NULL,	NULL,	'2020-05-08 14:12:34',	'en',	'default',	80,	'2020-05-08 14:12:34',	NULL,	NULL,	NULL,	NULL,	NULL,	NULL,	NULL,	NULL,	NULL,	NULL,	NULL),
(81,	'',	NULL,	NULL,	NULL,	NULL,	NULL,	NULL,	NULL,	NULL,	NULL,	NULL,	NULL,	NULL,	NULL,	NULL,	NULL,	NULL,	NULL,	'2020-05-11 12:32:47',	'en',	'default',	81,	'2020-05-11 12:32:47',	NULL,	NULL,	NULL,	NULL,	NULL,	NULL,	NULL,	NULL,	NULL,	NULL,	NULL),
(82,	'reads',	'My Product',	'<p>test</p>',	'my-product',	0,	0,	1,	NULL,	20.0000,	5.0000,	10.0000,	NULL,	NULL,	10.0000,	1,	'Red',	6,	'S',	'2020-05-11 17:24:22',	'en',	'default',	82,	'2020-05-11 17:24:22',	NULL,	0,	10.0000,	10.0000,	'<p>test</p>',	'',	'',	'',	0.0000,	0.0000,	0.0000);

DROP TABLE IF EXISTS `product_grouped_products`;
CREATE TABLE `product_grouped_products` (
  `id` int(10) unsigned NOT NULL AUTO_INCREMENT,
  `qty` int(11) NOT NULL DEFAULT '0',
  `sort_order` int(11) NOT NULL DEFAULT '0',
  `product_id` int(10) unsigned NOT NULL,
  `associated_product_id` int(10) unsigned NOT NULL,
  PRIMARY KEY (`id`),
  KEY `product_grouped_products_product_id_foreign` (`product_id`),
  KEY `product_grouped_products_associated_product_id_foreign` (`associated_product_id`),
  CONSTRAINT `product_grouped_products_associated_product_id_foreign` FOREIGN KEY (`associated_product_id`) REFERENCES `products` (`id`) ON DELETE CASCADE,
  CONSTRAINT `product_grouped_products_product_id_foreign` FOREIGN KEY (`product_id`) REFERENCES `products` (`id`) ON DELETE CASCADE
) ENGINE=InnoDB DEFAULT CHARSET=utf8mb4 COLLATE=utf8mb4_unicode_ci ROW_FORMAT=DYNAMIC;


DROP TABLE IF EXISTS `product_images`;
CREATE TABLE `product_images` (
  `id` int(10) unsigned NOT NULL AUTO_INCREMENT,
  `type` varchar(191) COLLATE utf8mb4_unicode_ci DEFAULT NULL,
  `path` varchar(191) COLLATE utf8mb4_unicode_ci NOT NULL,
  `product_id` int(10) unsigned NOT NULL,
  PRIMARY KEY (`id`),
  KEY `product_images_product_id_foreign` (`product_id`),
  CONSTRAINT `product_images_product_id_foreign` FOREIGN KEY (`product_id`) REFERENCES `products` (`id`) ON DELETE CASCADE
) ENGINE=InnoDB DEFAULT CHARSET=utf8mb4 COLLATE=utf8mb4_unicode_ci ROW_FORMAT=DYNAMIC;

INSERT INTO `product_images` (`id`, `type`, `path`, `product_id`) VALUES
(1,	NULL,	'product/1/t1rBCtbHWgS9kSoyo8SJs7gOreIbAD5yEzRm6rr9.png',	1),
(2,	NULL,	'product/2/0rhsJUMwBz0ZF1UUksN2fWEX4EjaXoM4iK3dzMWR.png',	2),
(3,	NULL,	'product/3/NRxu7dweRiQQaldfzxd6rb6rPHPaIikO5ald77Zi.png',	3),
(4,	NULL,	'product/4/1CaRUit1OXtwviiy6mHMxX1zEd6bkKF3fY5nHQ2R.png',	4),
(5,	NULL,	'product/6/4bxHVMjJnPkcFoAqfwfmDBn6V0rw7fsfv8pnHxsz.png',	6),
(6,	NULL,	'product/7/dPxHSXPELG7k5whGP7ZDGZWhkkJUGYV0sjM1dT8S.png',	7),
(7,	NULL,	'product/8/129jzHisQOCNc1hb8QoTIkFzpMe6xCZBhjusChQU.png',	8),
(8,	NULL,	'product/9/XMF7l3qPJ6s4Kwt31uuL3z3Q3U9MU1PFFidAFqrY.png',	9),
(9,	NULL,	'product/10/45T7TNDLF7h6fu8jti1LdhndrYehtjiHwXj1DDDx.png',	10),
(17,	NULL,	'product/21/VPfiqXq1zPYt09lmtuQcSHAho65iXhhwrsp6D3qr.jpeg',	21),
(21,	NULL,	'product/18/KyJ21qVGYzBg9UxlTUAbvEfbCdPlmsd4g1en2hWJ.jpeg',	18),
(22,	NULL,	'product/23/LkOFdO47FVyxYiZQ2ZqCq08obusiIYpV8OsRYNVB.jpeg',	23),
(23,	NULL,	'product/11/NVvrkgQ948PlUnB6JKFEfnPxgAzHxB1ZnvXeF2of.jpeg',	11),
(24,	NULL,	'product/61/ERBjR146gfg9VUAbifEAQM7TP2X7MmVX7guBN74w.jpeg',	61),
(25,	NULL,	'product/63/tIZqXGgX6p0Mp1scYIgPshAbOa9MFyylpEyL9YPE.jpeg',	63),
(26,	NULL,	'product/64/CWyD7C8pUggPWgNgZn5bB8QVbSCdC5oRcbtqbLTO.jpeg',	64),
(27,	NULL,	'product/65/M1RkjoQ9Dj1Ejm4plMVX2OGf4Mk2zCsuLd9xfgEZ.jpeg',	65),
(28,	NULL,	'product/68/E9uZXvNwqk9wjFK4jjaFg7KRrALffYbbhK1SjCQ3.png',	68),
(29,	NULL,	'product/70/57ZOdRXLrA0Un3SxNlu8JRvWxYGsdBgUK6y8RIgq.png',	70),
(30,	NULL,	'product/1/DSvkXeb3vND8LlpRJWHfLkQoDz1DjPy1TDRGwAge.png',	1),
(31,	NULL,	'product/1/5pbXMfmCwA5uUrnMOUHUJvld31DJM3Hw2dcFNcXj.png',	1),
(32,	NULL,	'product/1/QxDiZCVEvtOGMalWmhlkokRMqGi78foiMABOTtxt.png',	1),
(33,	NULL,	'product/1/JERvjj9djH8jCcB6nChckHXUo7SDBzJT2PrdgeNz.png',	1);

DROP TABLE IF EXISTS `product_inventories`;
CREATE TABLE `product_inventories` (
  `id` int(10) unsigned NOT NULL AUTO_INCREMENT,
  `qty` int(11) NOT NULL DEFAULT '0',
  `product_id` int(10) unsigned NOT NULL,
  `inventory_source_id` int(10) unsigned NOT NULL,
  `vendor_id` int(11) NOT NULL DEFAULT '0',
  PRIMARY KEY (`id`),
  UNIQUE KEY `product_source_vendor_index_unique` (`product_id`,`inventory_source_id`,`vendor_id`),
  KEY `product_inventories_inventory_source_id_foreign` (`inventory_source_id`),
  CONSTRAINT `product_inventories_inventory_source_id_foreign` FOREIGN KEY (`inventory_source_id`) REFERENCES `inventory_sources` (`id`) ON DELETE CASCADE,
  CONSTRAINT `product_inventories_product_id_foreign` FOREIGN KEY (`product_id`) REFERENCES `products` (`id`) ON DELETE CASCADE
) ENGINE=InnoDB DEFAULT CHARSET=utf8mb4 COLLATE=utf8mb4_unicode_ci ROW_FORMAT=DYNAMIC;

INSERT INTO `product_inventories` (`id`, `qty`, `product_id`, `inventory_source_id`, `vendor_id`) VALUES
(1,	9,	1,	1,	0),
(2,	0,	2,	1,	0),
(3,	0,	3,	1,	0),
(4,	0,	4,	1,	0),
(5,	21,	6,	1,	0),
(6,	21,	7,	1,	0),
(7,	21,	8,	1,	0),
(8,	0,	9,	1,	0),
(9,	21,	10,	1,	0),
(10,	21,	11,	1,	0),
(16,	19,	18,	1,	0),
(22,	0,	23,	1,	0),
(23,	100,	61,	1,	16),
(26,	10,	23,	1,	18),
(27,	9,	63,	1,	18),
(28,	0,	64,	1,	18),
(29,	2,	65,	1,	19),
(30,	2,	65,	1,	0),
(33,	12,	68,	1,	27),
(34,	10,	69,	1,	16),
(35,	10,	70,	1,	27),
(36,	100,	61,	1,	0),
(37,	10,	73,	1,	27),
(38,	10,	74,	1,	27),
(39,	10,	82,	1,	27);

DROP TABLE IF EXISTS `product_ordered_inventories`;
CREATE TABLE `product_ordered_inventories` (
  `id` int(10) unsigned NOT NULL AUTO_INCREMENT,
  `qty` int(11) NOT NULL DEFAULT '0',
  `product_id` int(10) unsigned NOT NULL,
  `channel_id` int(10) unsigned NOT NULL,
  PRIMARY KEY (`id`),
  UNIQUE KEY `product_ordered_inventories_product_id_channel_id_unique` (`product_id`,`channel_id`),
  KEY `product_ordered_inventories_channel_id_foreign` (`channel_id`),
  CONSTRAINT `product_ordered_inventories_channel_id_foreign` FOREIGN KEY (`channel_id`) REFERENCES `channels` (`id`) ON DELETE CASCADE,
  CONSTRAINT `product_ordered_inventories_product_id_foreign` FOREIGN KEY (`product_id`) REFERENCES `products` (`id`) ON DELETE CASCADE
) ENGINE=InnoDB DEFAULT CHARSET=utf8mb4 COLLATE=utf8mb4_unicode_ci ROW_FORMAT=DYNAMIC;

INSERT INTO `product_ordered_inventories` (`id`, `qty`, `product_id`, `channel_id`) VALUES
(1,	9,	1,	1),
(2,	1,	18,	1),
(4,	2,	7,	1),
(5,	3,	8,	1),
(6,	4,	6,	1),
(7,	1,	10,	1),
(8,	9,	11,	1),
(9,	2,	21,	1),
(11,	0,	63,	1);

DROP TABLE IF EXISTS `product_relations`;
CREATE TABLE `product_relations` (
  `parent_id` int(10) unsigned NOT NULL,
  `child_id` int(10) unsigned NOT NULL,
  KEY `product_relations_parent_id_foreign` (`parent_id`),
  KEY `product_relations_child_id_foreign` (`child_id`),
  CONSTRAINT `product_relations_child_id_foreign` FOREIGN KEY (`child_id`) REFERENCES `products` (`id`) ON DELETE CASCADE,
  CONSTRAINT `product_relations_parent_id_foreign` FOREIGN KEY (`parent_id`) REFERENCES `products` (`id`) ON DELETE CASCADE
) ENGINE=InnoDB DEFAULT CHARSET=utf8mb4 COLLATE=utf8mb4_unicode_ci ROW_FORMAT=DYNAMIC;


DROP TABLE IF EXISTS `product_reviews`;
CREATE TABLE `product_reviews` (
  `id` int(10) unsigned NOT NULL AUTO_INCREMENT,
  `title` varchar(191) COLLATE utf8mb4_unicode_ci NOT NULL,
  `rating` int(11) NOT NULL,
  `comment` text COLLATE utf8mb4_unicode_ci,
  `status` varchar(191) COLLATE utf8mb4_unicode_ci NOT NULL,
  `created_at` timestamp NULL DEFAULT NULL,
  `updated_at` timestamp NULL DEFAULT NULL,
  `product_id` int(10) unsigned NOT NULL,
  `customer_id` int(11) DEFAULT NULL,
  `name` varchar(191) COLLATE utf8mb4_unicode_ci NOT NULL DEFAULT '',
  PRIMARY KEY (`id`),
  KEY `product_reviews_product_id_foreign` (`product_id`),
  KEY `product_reviews_customer_id_foreign` (`customer_id`),
  CONSTRAINT `product_reviews_product_id_foreign` FOREIGN KEY (`product_id`) REFERENCES `products` (`id`) ON DELETE CASCADE
) ENGINE=InnoDB DEFAULT CHARSET=utf8mb4 COLLATE=utf8mb4_unicode_ci ROW_FORMAT=DYNAMIC;

INSERT INTO `product_reviews` (`id`, `title`, `rating`, `comment`, `status`, `created_at`, `updated_at`, `product_id`, `customer_id`, `name`) VALUES
(1,	'Good',	5,	'Good Product',	'approved',	'2020-03-23 16:11:23',	'2020-03-23 16:12:21',	2,	1,	'sahil kaushal'),
(2,	'Awesome sauce',	5,	'Awesome sauce can be used in many recipes',	'pending',	'2020-04-05 16:32:43',	'2020-04-05 16:32:43',	21,	20,	'John Alexander'),
(4,	'fsdc',	2,	'zxvz',	'pending',	'2020-05-04 02:52:32',	'2020-05-04 02:52:32',	63,	12,	'SAHIL KAUSHAL');

DROP TABLE IF EXISTS `product_super_attributes`;
CREATE TABLE `product_super_attributes` (
  `product_id` int(10) unsigned NOT NULL,
  `attribute_id` int(10) unsigned NOT NULL,
  KEY `product_super_attributes_product_id_foreign` (`product_id`),
  KEY `product_super_attributes_attribute_id_foreign` (`attribute_id`),
  CONSTRAINT `product_super_attributes_attribute_id_foreign` FOREIGN KEY (`attribute_id`) REFERENCES `attributes` (`id`),
  CONSTRAINT `product_super_attributes_product_id_foreign` FOREIGN KEY (`product_id`) REFERENCES `products` (`id`) ON DELETE CASCADE
) ENGINE=InnoDB DEFAULT CHARSET=utf8mb4 COLLATE=utf8mb4_unicode_ci ROW_FORMAT=DYNAMIC;


DROP TABLE IF EXISTS `product_up_sells`;
CREATE TABLE `product_up_sells` (
  `parent_id` int(10) unsigned NOT NULL,
  `child_id` int(10) unsigned NOT NULL,
  KEY `product_up_sells_parent_id_foreign` (`parent_id`),
  KEY `product_up_sells_child_id_foreign` (`child_id`),
  CONSTRAINT `product_up_sells_child_id_foreign` FOREIGN KEY (`child_id`) REFERENCES `products` (`id`) ON DELETE CASCADE,
  CONSTRAINT `product_up_sells_parent_id_foreign` FOREIGN KEY (`parent_id`) REFERENCES `products` (`id`) ON DELETE CASCADE
) ENGINE=InnoDB DEFAULT CHARSET=utf8mb4 COLLATE=utf8mb4_unicode_ci ROW_FORMAT=DYNAMIC;


DROP TABLE IF EXISTS `refunds`;
CREATE TABLE `refunds` (
  `id` int(10) unsigned NOT NULL AUTO_INCREMENT,
  `increment_id` varchar(191) COLLATE utf8mb4_unicode_ci DEFAULT NULL,
  `state` varchar(191) COLLATE utf8mb4_unicode_ci DEFAULT NULL,
  `email_sent` tinyint(1) NOT NULL DEFAULT '0',
  `total_qty` int(11) DEFAULT NULL,
  `base_currency_code` varchar(191) COLLATE utf8mb4_unicode_ci DEFAULT NULL,
  `channel_currency_code` varchar(191) COLLATE utf8mb4_unicode_ci DEFAULT NULL,
  `order_currency_code` varchar(191) COLLATE utf8mb4_unicode_ci DEFAULT NULL,
  `adjustment_refund` decimal(12,4) DEFAULT '0.0000',
  `base_adjustment_refund` decimal(12,4) DEFAULT '0.0000',
  `adjustment_fee` decimal(12,4) DEFAULT '0.0000',
  `base_adjustment_fee` decimal(12,4) DEFAULT '0.0000',
  `sub_total` decimal(12,4) DEFAULT '0.0000',
  `base_sub_total` decimal(12,4) DEFAULT '0.0000',
  `grand_total` decimal(12,4) DEFAULT '0.0000',
  `base_grand_total` decimal(12,4) DEFAULT '0.0000',
  `shipping_amount` decimal(12,4) DEFAULT '0.0000',
  `base_shipping_amount` decimal(12,4) DEFAULT '0.0000',
  `tax_amount` decimal(12,4) DEFAULT '0.0000',
  `base_tax_amount` decimal(12,4) DEFAULT '0.0000',
  `discount_percent` decimal(12,4) DEFAULT '0.0000',
  `discount_amount` decimal(12,4) DEFAULT '0.0000',
  `base_discount_amount` decimal(12,4) DEFAULT '0.0000',
  `order_id` int(10) unsigned DEFAULT NULL,
  `created_at` timestamp NULL DEFAULT NULL,
  `updated_at` timestamp NULL DEFAULT NULL,
  PRIMARY KEY (`id`),
  KEY `refunds_order_id_foreign` (`order_id`),
  CONSTRAINT `refunds_order_id_foreign` FOREIGN KEY (`order_id`) REFERENCES `orders` (`id`) ON DELETE CASCADE
) ENGINE=InnoDB DEFAULT CHARSET=utf8mb4 COLLATE=utf8mb4_unicode_ci ROW_FORMAT=DYNAMIC;


DROP TABLE IF EXISTS `refund_items`;
CREATE TABLE `refund_items` (
  `id` int(10) unsigned NOT NULL AUTO_INCREMENT,
  `name` varchar(191) COLLATE utf8mb4_unicode_ci DEFAULT NULL,
  `description` varchar(191) COLLATE utf8mb4_unicode_ci DEFAULT NULL,
  `sku` varchar(191) COLLATE utf8mb4_unicode_ci DEFAULT NULL,
  `qty` int(11) DEFAULT NULL,
  `price` decimal(12,4) NOT NULL DEFAULT '0.0000',
  `base_price` decimal(12,4) NOT NULL DEFAULT '0.0000',
  `total` decimal(12,4) NOT NULL DEFAULT '0.0000',
  `base_total` decimal(12,4) NOT NULL DEFAULT '0.0000',
  `tax_amount` decimal(12,4) DEFAULT '0.0000',
  `base_tax_amount` decimal(12,4) DEFAULT '0.0000',
  `discount_percent` decimal(12,4) DEFAULT '0.0000',
  `discount_amount` decimal(12,4) DEFAULT '0.0000',
  `base_discount_amount` decimal(12,4) DEFAULT '0.0000',
  `product_id` int(10) unsigned DEFAULT NULL,
  `product_type` varchar(191) COLLATE utf8mb4_unicode_ci DEFAULT NULL,
  `order_item_id` int(10) unsigned DEFAULT NULL,
  `refund_id` int(10) unsigned DEFAULT NULL,
  `parent_id` int(10) unsigned DEFAULT NULL,
  `additional` json DEFAULT NULL,
  `created_at` timestamp NULL DEFAULT NULL,
  `updated_at` timestamp NULL DEFAULT NULL,
  PRIMARY KEY (`id`),
  KEY `refund_items_order_item_id_foreign` (`order_item_id`),
  KEY `refund_items_refund_id_foreign` (`refund_id`),
  KEY `refund_items_parent_id_foreign` (`parent_id`),
  CONSTRAINT `refund_items_order_item_id_foreign` FOREIGN KEY (`order_item_id`) REFERENCES `order_items` (`id`) ON DELETE CASCADE,
  CONSTRAINT `refund_items_parent_id_foreign` FOREIGN KEY (`parent_id`) REFERENCES `refund_items` (`id`) ON DELETE CASCADE,
  CONSTRAINT `refund_items_refund_id_foreign` FOREIGN KEY (`refund_id`) REFERENCES `refunds` (`id`) ON DELETE CASCADE
) ENGINE=InnoDB DEFAULT CHARSET=utf8mb4 COLLATE=utf8mb4_unicode_ci ROW_FORMAT=DYNAMIC;


DROP TABLE IF EXISTS `roles`;
CREATE TABLE `roles` (
  `id` int(10) unsigned NOT NULL AUTO_INCREMENT,
  `name` varchar(191) COLLATE utf8mb4_unicode_ci NOT NULL,
  `description` varchar(191) COLLATE utf8mb4_unicode_ci DEFAULT NULL,
  `permission_type` varchar(191) COLLATE utf8mb4_unicode_ci NOT NULL,
  `permissions` json DEFAULT NULL,
  `created_at` timestamp NULL DEFAULT NULL,
  `updated_at` timestamp NULL DEFAULT NULL,
  PRIMARY KEY (`id`)
) ENGINE=InnoDB DEFAULT CHARSET=utf8mb4 COLLATE=utf8mb4_unicode_ci ROW_FORMAT=DYNAMIC;

INSERT INTO `roles` (`id`, `name`, `description`, `permission_type`, `permissions`, `created_at`, `updated_at`) VALUES
(1,	'Administrator',	'Administrator rolem',	'all',	NULL,	NULL,	NULL);

DROP TABLE IF EXISTS `shipments`;
CREATE TABLE `shipments` (
  `id` int(10) unsigned NOT NULL AUTO_INCREMENT,
  `status` varchar(191) COLLATE utf8mb4_unicode_ci DEFAULT NULL,
  `total_qty` int(11) DEFAULT NULL,
  `total_weight` int(11) DEFAULT NULL,
  `carrier_code` varchar(191) COLLATE utf8mb4_unicode_ci DEFAULT NULL,
  `carrier_title` varchar(191) COLLATE utf8mb4_unicode_ci DEFAULT NULL,
  `track_number` text COLLATE utf8mb4_unicode_ci,
  `email_sent` tinyint(1) NOT NULL DEFAULT '0',
  `customer_id` int(10) unsigned DEFAULT NULL,
  `customer_type` varchar(191) COLLATE utf8mb4_unicode_ci DEFAULT NULL,
  `order_id` int(10) unsigned NOT NULL,
  `order_address_id` int(10) unsigned DEFAULT NULL,
  `created_at` timestamp NULL DEFAULT NULL,
  `updated_at` timestamp NULL DEFAULT NULL,
  `inventory_source_id` int(10) unsigned DEFAULT NULL,
  `inventory_source_name` varchar(191) COLLATE utf8mb4_unicode_ci DEFAULT NULL,
  PRIMARY KEY (`id`),
  KEY `shipments_order_id_foreign` (`order_id`),
  KEY `shipments_order_address_id_foreign` (`order_address_id`),
  KEY `shipments_inventory_source_id_foreign` (`inventory_source_id`),
  CONSTRAINT `shipments_inventory_source_id_foreign` FOREIGN KEY (`inventory_source_id`) REFERENCES `inventory_sources` (`id`) ON DELETE SET NULL,
  CONSTRAINT `shipments_order_address_id_foreign` FOREIGN KEY (`order_address_id`) REFERENCES `order_address` (`id`) ON DELETE SET NULL,
  CONSTRAINT `shipments_order_id_foreign` FOREIGN KEY (`order_id`) REFERENCES `orders` (`id`) ON DELETE CASCADE
) ENGINE=InnoDB DEFAULT CHARSET=utf8mb4 COLLATE=utf8mb4_unicode_ci ROW_FORMAT=DYNAMIC;

INSERT INTO `shipments` (`id`, `status`, `total_qty`, `total_weight`, `carrier_code`, `carrier_title`, `track_number`, `email_sent`, `customer_id`, `customer_type`, `order_id`, `order_address_id`, `created_at`, `updated_at`, `inventory_source_id`, `inventory_source_name`) VALUES
(1,	NULL,	1,	NULL,	NULL,	'Demo Ship',	'1231321',	0,	1,	'Webkul\\Customer\\Models\\Customer',	1,	1,	'2020-03-23 16:00:37',	'2020-03-23 16:00:37',	1,	'Default'),
(2,	NULL,	1,	NULL,	NULL,	'testcariier',	'423423423',	0,	13,	'Webkul\\Customer\\Models\\Customer',	2,	3,	'2020-03-31 06:27:23',	'2020-03-31 06:27:23',	1,	'Default'),
(3,	NULL,	2,	NULL,	NULL,	'Self',	'01',	0,	25,	'Webkul\\Customer\\Models\\Customer',	18,	35,	'2020-04-13 03:04:23',	'2020-04-13 03:04:23',	1,	'Default');

DROP TABLE IF EXISTS `shipment_items`;
CREATE TABLE `shipment_items` (
  `id` int(10) unsigned NOT NULL AUTO_INCREMENT,
  `name` varchar(191) COLLATE utf8mb4_unicode_ci DEFAULT NULL,
  `description` varchar(191) COLLATE utf8mb4_unicode_ci DEFAULT NULL,
  `sku` varchar(191) COLLATE utf8mb4_unicode_ci DEFAULT NULL,
  `qty` int(11) DEFAULT NULL,
  `weight` int(11) DEFAULT NULL,
  `price` decimal(12,4) DEFAULT '0.0000',
  `base_price` decimal(12,4) DEFAULT '0.0000',
  `total` decimal(12,4) DEFAULT '0.0000',
  `base_total` decimal(12,4) DEFAULT '0.0000',
  `product_id` int(10) unsigned DEFAULT NULL,
  `product_type` varchar(191) COLLATE utf8mb4_unicode_ci DEFAULT NULL,
  `order_item_id` int(10) unsigned DEFAULT NULL,
  `shipment_id` int(10) unsigned NOT NULL,
  `additional` json DEFAULT NULL,
  `created_at` timestamp NULL DEFAULT NULL,
  `updated_at` timestamp NULL DEFAULT NULL,
  PRIMARY KEY (`id`),
  KEY `shipment_items_shipment_id_foreign` (`shipment_id`),
  CONSTRAINT `shipment_items_shipment_id_foreign` FOREIGN KEY (`shipment_id`) REFERENCES `shipments` (`id`) ON DELETE CASCADE
) ENGINE=InnoDB DEFAULT CHARSET=utf8mb4 COLLATE=utf8mb4_unicode_ci ROW_FORMAT=DYNAMIC;

INSERT INTO `shipment_items` (`id`, `name`, `description`, `sku`, `qty`, `weight`, `price`, `base_price`, `total`, `base_total`, `product_id`, `product_type`, `order_item_id`, `shipment_id`, `additional`, `created_at`, `updated_at`) VALUES
(1,	'Fish',	NULL,	'123',	1,	10,	9.0000,	9.0000,	9.0000,	9.0000,	1,	'Webkul\\Product\\Models\\Product',	1,	1,	'{\"_token\": \"GXKZN5Ou6qMQLLJa3iWoqxFHxWGdG3XHaMUkFQtt\", \"quantity\": \"1\", \"product_id\": \"1\"}',	'2020-03-23 16:00:37',	'2020-03-23 16:00:37'),
(2,	'vegetables',	NULL,	'simple123',	1,	21,	21.0000,	21.0000,	21.0000,	21.0000,	18,	'Webkul\\Product\\Models\\Product',	2,	2,	'{\"_token\": \"zGd4Afzl9OaXUQfgjpJ2P6f7BD3udMkMwKUbUl3B\", \"quantity\": \"1\", \"is_buy_now\": \"0\", \"product_id\": \"18\"}',	'2020-03-31 06:27:23',	'2020-03-31 06:27:23'),
(3,	'Cod Cheek',	NULL,	'simple123',	1,	21,	8.0000,	8.0000,	8.0000,	8.0000,	18,	'Webkul\\Product\\Models\\Product',	26,	3,	'{\"_token\": \"LXy9aIS9279SZyWBJzFRRkETBb0NQhc18lYuddq4\", \"quantity\": \"1\", \"is_buy_now\": \"0\", \"product_id\": \"18\"}',	'2020-04-13 03:04:23',	'2020-04-13 03:04:23'),
(4,	'John Dory',	NULL,	'123jdkf',	1,	10,	12.0000,	12.0000,	12.0000,	12.0000,	63,	'Webkul\\Product\\Models\\Product',	27,	3,	'{\"_token\": \"LXy9aIS9279SZyWBJzFRRkETBb0NQhc18lYuddq4\", \"quantity\": \"1\", \"is_buy_now\": \"0\", \"product_id\": \"63\"}',	'2020-04-13 03:04:23',	'2020-04-13 03:04:23');

DROP TABLE IF EXISTS `sliders`;
CREATE TABLE `sliders` (
  `id` int(10) unsigned NOT NULL AUTO_INCREMENT,
  `title` varchar(191) COLLATE utf8mb4_unicode_ci NOT NULL,
  `path` varchar(191) COLLATE utf8mb4_unicode_ci NOT NULL,
  `content` text COLLATE utf8mb4_unicode_ci,
  `channel_id` int(10) unsigned NOT NULL,
  `created_at` timestamp NULL DEFAULT NULL,
  `updated_at` timestamp NULL DEFAULT NULL,
  `slider_path` text COLLATE utf8mb4_unicode_ci,
  PRIMARY KEY (`id`),
  KEY `sliders_channel_id_foreign` (`channel_id`),
  CONSTRAINT `sliders_channel_id_foreign` FOREIGN KEY (`channel_id`) REFERENCES `channels` (`id`) ON DELETE CASCADE
) ENGINE=InnoDB DEFAULT CHARSET=utf8mb4 COLLATE=utf8mb4_unicode_ci ROW_FORMAT=DYNAMIC;

INSERT INTO `sliders` (`id`, `title`, `path`, `content`, `channel_id`, `created_at`, `updated_at`, `slider_path`) VALUES
(3,	'Homepage Slider 1',	'slider_images/Default/425i1eT5VqwGo6BCb7ZCVF0J1R8qyHqDZATmSjUA.jpeg',	'<div class=\"fn_slider-content\">\r\n<div class=\"fn_slider-content-row\">\r\n<div class=\"fn_slider-content-left\">&nbsp;Buy freshest ingredients at the best price</div>\r\n</div>\r\n</div>',	1,	'2020-03-22 17:56:38',	'2020-04-12 23:07:33',	''),
(5,	'3',	'slider_images/Default/ln5ahIM95CliEFHN7YeHMLMfyyi20mESP30r9FCU.png',	'<div class=\"fn_slider-content\">\r\n<div class=\"fn_slider-content-row\">\r\n<div class=\"fn_slider-content-left\">Beef chuck at flat</div>\r\n<div class=\"fn_slider-content-right\">40% Off</div>\r\n<div class=\"fn_slider-content-right\">test</div>\r\n</div>\r\n</div>',	1,	'2020-04-03 16:48:17',	'2020-05-12 13:05:37',	'1');

DROP TABLE IF EXISTS `subscribers_list`;
CREATE TABLE `subscribers_list` (
  `id` int(10) unsigned NOT NULL AUTO_INCREMENT,
  `email` varchar(191) COLLATE utf8mb4_unicode_ci NOT NULL,
  `is_subscribed` tinyint(1) NOT NULL DEFAULT '0',
  `token` varchar(191) COLLATE utf8mb4_unicode_ci DEFAULT NULL,
  `channel_id` int(10) unsigned NOT NULL,
  `created_at` timestamp NULL DEFAULT NULL,
  `updated_at` timestamp NULL DEFAULT NULL,
  PRIMARY KEY (`id`),
  KEY `subscribers_list_channel_id_foreign` (`channel_id`),
  CONSTRAINT `subscribers_list_channel_id_foreign` FOREIGN KEY (`channel_id`) REFERENCES `channels` (`id`) ON DELETE CASCADE
) ENGINE=InnoDB DEFAULT CHARSET=utf8mb4 COLLATE=utf8mb4_unicode_ci ROW_FORMAT=DYNAMIC;


DROP TABLE IF EXISTS `tax_categories`;
CREATE TABLE `tax_categories` (
  `id` int(10) unsigned NOT NULL AUTO_INCREMENT,
  `channel_id` int(10) unsigned NOT NULL,
  `code` varchar(191) COLLATE utf8mb4_unicode_ci NOT NULL,
  `name` varchar(191) COLLATE utf8mb4_unicode_ci NOT NULL,
  `description` longtext COLLATE utf8mb4_unicode_ci NOT NULL,
  `created_at` timestamp NULL DEFAULT NULL,
  `updated_at` timestamp NULL DEFAULT NULL,
  PRIMARY KEY (`id`),
  UNIQUE KEY `tax_categories_code_unique` (`code`),
  UNIQUE KEY `tax_categories_name_unique` (`name`),
  KEY `tax_categories_channel_id_foreign` (`channel_id`),
  CONSTRAINT `tax_categories_channel_id_foreign` FOREIGN KEY (`channel_id`) REFERENCES `channels` (`id`) ON DELETE CASCADE
) ENGINE=InnoDB DEFAULT CHARSET=utf8mb4 COLLATE=utf8mb4_unicode_ci ROW_FORMAT=DYNAMIC;


DROP TABLE IF EXISTS `tax_categories_tax_rates`;
CREATE TABLE `tax_categories_tax_rates` (
  `id` int(10) unsigned NOT NULL AUTO_INCREMENT,
  `tax_category_id` int(10) unsigned NOT NULL,
  `tax_rate_id` int(10) unsigned NOT NULL,
  `created_at` timestamp NULL DEFAULT NULL,
  `updated_at` timestamp NULL DEFAULT NULL,
  PRIMARY KEY (`id`),
  UNIQUE KEY `tax_map_index_unique` (`tax_category_id`,`tax_rate_id`),
  KEY `tax_categories_tax_rates_tax_rate_id_foreign` (`tax_rate_id`),
  CONSTRAINT `tax_categories_tax_rates_tax_category_id_foreign` FOREIGN KEY (`tax_category_id`) REFERENCES `tax_categories` (`id`) ON DELETE CASCADE,
  CONSTRAINT `tax_categories_tax_rates_tax_rate_id_foreign` FOREIGN KEY (`tax_rate_id`) REFERENCES `tax_rates` (`id`) ON DELETE CASCADE
) ENGINE=InnoDB DEFAULT CHARSET=utf8mb4 COLLATE=utf8mb4_unicode_ci ROW_FORMAT=DYNAMIC;


DROP TABLE IF EXISTS `tax_rates`;
CREATE TABLE `tax_rates` (
  `id` int(10) unsigned NOT NULL AUTO_INCREMENT,
  `identifier` varchar(191) COLLATE utf8mb4_unicode_ci NOT NULL,
  `is_zip` tinyint(1) NOT NULL DEFAULT '0',
  `zip_code` varchar(191) COLLATE utf8mb4_unicode_ci DEFAULT NULL,
  `zip_from` varchar(191) COLLATE utf8mb4_unicode_ci DEFAULT NULL,
  `zip_to` varchar(191) COLLATE utf8mb4_unicode_ci DEFAULT NULL,
  `state` varchar(191) COLLATE utf8mb4_unicode_ci NOT NULL,
  `country` varchar(191) COLLATE utf8mb4_unicode_ci NOT NULL,
  `tax_rate` decimal(12,4) NOT NULL,
  `created_at` timestamp NULL DEFAULT NULL,
  `updated_at` timestamp NULL DEFAULT NULL,
  PRIMARY KEY (`id`),
  UNIQUE KEY `tax_rates_identifier_unique` (`identifier`)
) ENGINE=InnoDB DEFAULT CHARSET=utf8mb4 COLLATE=utf8mb4_unicode_ci ROW_FORMAT=DYNAMIC;


DROP TABLE IF EXISTS `usermarksellers`;
CREATE TABLE `usermarksellers` (
  `id` bigint(20) unsigned NOT NULL AUTO_INCREMENT,
  `user_id` int(11) NOT NULL,
  `seller_id` int(11) NOT NULL,
  `created_at` timestamp NULL DEFAULT NULL,
  `updated_at` timestamp NULL DEFAULT NULL,
  PRIMARY KEY (`id`)
) ENGINE=InnoDB DEFAULT CHARSET=utf8mb4 COLLATE=utf8mb4_unicode_ci ROW_FORMAT=DYNAMIC;

INSERT INTO `usermarksellers` (`id`, `user_id`, `seller_id`, `created_at`, `updated_at`) VALUES
(1,	36,	27,	NULL,	NULL),
(2,	12,	27,	NULL,	NULL);

DROP TABLE IF EXISTS `users`;
CREATE TABLE `users` (
  `id` int(10) unsigned NOT NULL AUTO_INCREMENT,
  `name` varchar(191) COLLATE utf8mb4_unicode_ci NOT NULL,
  `email` varchar(191) COLLATE utf8mb4_unicode_ci NOT NULL,
  `password` varchar(191) COLLATE utf8mb4_unicode_ci NOT NULL,
  `remember_token` varchar(100) COLLATE utf8mb4_unicode_ci DEFAULT NULL,
  `created_at` timestamp NULL DEFAULT NULL,
  `updated_at` timestamp NULL DEFAULT NULL,
  PRIMARY KEY (`id`),
  UNIQUE KEY `users_email_unique` (`email`)
) ENGINE=InnoDB DEFAULT CHARSET=utf8mb4 COLLATE=utf8mb4_unicode_ci ROW_FORMAT=DYNAMIC;


DROP TABLE IF EXISTS `velocity_contents`;
CREATE TABLE `velocity_contents` (
  `id` int(10) unsigned NOT NULL AUTO_INCREMENT,
  `content_type` varchar(100) COLLATE utf8mb4_unicode_ci DEFAULT NULL,
  `position` int(10) unsigned DEFAULT NULL,
  `status` tinyint(1) NOT NULL DEFAULT '0',
  `created_at` timestamp NULL DEFAULT NULL,
  `updated_at` timestamp NULL DEFAULT NULL,
  PRIMARY KEY (`id`)
) ENGINE=InnoDB DEFAULT CHARSET=utf8mb4 COLLATE=utf8mb4_unicode_ci ROW_FORMAT=DYNAMIC;


DROP TABLE IF EXISTS `velocity_contents_translations`;
CREATE TABLE `velocity_contents_translations` (
  `id` int(10) unsigned NOT NULL AUTO_INCREMENT,
  `content_id` int(10) unsigned DEFAULT NULL,
  `title` varchar(100) COLLATE utf8mb4_unicode_ci DEFAULT NULL,
  `custom_title` varchar(100) COLLATE utf8mb4_unicode_ci DEFAULT NULL,
  `custom_heading` varchar(250) COLLATE utf8mb4_unicode_ci DEFAULT NULL,
  `page_link` varchar(500) COLLATE utf8mb4_unicode_ci DEFAULT NULL,
  `link_target` tinyint(1) NOT NULL DEFAULT '0',
  `catalog_type` varchar(100) COLLATE utf8mb4_unicode_ci DEFAULT NULL,
  `products` text COLLATE utf8mb4_unicode_ci,
  `description` text COLLATE utf8mb4_unicode_ci,
  `locale` varchar(191) COLLATE utf8mb4_unicode_ci DEFAULT NULL,
  `created_at` timestamp NULL DEFAULT NULL,
  `updated_at` timestamp NULL DEFAULT NULL,
  PRIMARY KEY (`id`),
  KEY `velocity_contents_translations_content_id_foreign` (`content_id`),
  CONSTRAINT `velocity_contents_translations_content_id_foreign` FOREIGN KEY (`content_id`) REFERENCES `velocity_contents` (`id`) ON DELETE CASCADE
) ENGINE=InnoDB DEFAULT CHARSET=utf8mb4 COLLATE=utf8mb4_unicode_ci ROW_FORMAT=DYNAMIC;


DROP TABLE IF EXISTS `velocity_meta_data`;
CREATE TABLE `velocity_meta_data` (
  `id` int(10) unsigned NOT NULL AUTO_INCREMENT,
  `home_page_content` text COLLATE utf8mb4_unicode_ci NOT NULL,
  `footer_left_content` text COLLATE utf8mb4_unicode_ci NOT NULL,
  `footer_middle_content` text COLLATE utf8mb4_unicode_ci NOT NULL,
  `slider` tinyint(1) NOT NULL DEFAULT '0',
  `advertisement` json DEFAULT NULL,
  `sidebar_category_count` int(11) NOT NULL DEFAULT '9',
  `featured_product_count` int(11) NOT NULL DEFAULT '10',
  `new_products_count` int(11) NOT NULL DEFAULT '10',
  `subscription_bar_content` text COLLATE utf8mb4_unicode_ci,
  `created_at` timestamp NULL DEFAULT NULL,
  `updated_at` timestamp NULL DEFAULT NULL,
  `product_view_images` json DEFAULT NULL,
  `product_policy` text COLLATE utf8mb4_unicode_ci,
  PRIMARY KEY (`id`)
) ENGINE=InnoDB DEFAULT CHARSET=utf8mb4 COLLATE=utf8mb4_unicode_ci ROW_FORMAT=DYNAMIC;

INSERT INTO `velocity_meta_data` (`id`, `home_page_content`, `footer_left_content`, `footer_middle_content`, `slider`, `advertisement`, `sidebar_category_count`, `featured_product_count`, `new_products_count`, `subscription_bar_content`, `created_at`, `updated_at`, `product_view_images`, `product_policy`) VALUES
(1,	'<p>@include(\'shop::home.advertisements.advertisement-four\')@include(\'shop::home.featured-products\') @include(\'shop::home.product-policy\') @include(\'shop::home.advertisements.advertisement-three\') @include(\'shop::home.new-products\') @include(\'shop::home.advertisements.advertisement-two\')</p>',	'<p>We love to craft softwares and solve the real world problems with the binaries. We are highly committed to our goals. We invest our resources to create world class easy to use softwares and applications for the enterprise business with the top notch, on the edge technology expertise.</p>',	'<div class=\"col-lg-6 col-md-12 col-sm-12 no-padding\">\r\n<ul type=\"none\">\r\n<li><a href=\"https://webkul.com/about-us/company-profile/\">About Us</a></li>\r\n<li><a href=\"https://webkul.com/about-us/company-profile/\">Customer Service</a></li>\r\n<li><a href=\"https://webkul.com/about-us/company-profile/\">What&rsquo;s New</a></li>\r\n<li><a href=\"https://webkul.com/about-us/company-profile/\">Contact Us </a></li>\r\n</ul>\r\n</div>\r\n<div class=\"col-lg-6 col-md-12 col-sm-12 no-padding\">\r\n<ul type=\"none\">\r\n<li><a href=\"https://webkul.com/about-us/company-profile/\"> Order and Returns </a></li>\r\n<li><a href=\"https://webkul.com/about-us/company-profile/\"> Payment Policy </a></li>\r\n<li><a href=\"https://webkul.com/about-us/company-profile/\"> Shipping Policy</a></li>\r\n<li><a href=\"https://webkul.com/about-us/company-profile/\"> Privacy and Cookies Policy </a></li>\r\n</ul>\r\n</div>',	1,	'{\"2\": {\"1\": \"velocity/images/mhSD0pqTp4p4AWErCJP6Es6A17HlOxCpSFSRSnD1.png\"}, \"3\": {\"1\": \"velocity/images/RvhYokwcyJ5ofVdfAuK72sLZgZ4SlbFLe9xl1iSN.png\"}, \"4\": {\"4\": \"velocity/images/fFP64NvLEWBzZyPNhilQZ1doMa6LMNG7UxKDDvnb.png\"}}',	9,	4,	6,	'<div class=\"social-icons col-lg-6\"><a href=\"https://webkul.com\" target=\"_blank\" class=\"unset\" rel=\"noopener noreferrer\"><i class=\"fs24 within-circle rango-facebook\" title=\"facebook\"></i> </a> <a href=\"https://webkul.com\" target=\"_blank\" class=\"unset\" rel=\"noopener noreferrer\"><i class=\"fs24 within-circle rango-twitter\" title=\"twitter\"></i> </a> <a href=\"https://webkul.com\" target=\"_blank\" class=\"unset\" rel=\"noopener noreferrer\"><i class=\"fs24 within-circle rango-linked-in\" title=\"linkedin\"></i> </a> <a href=\"https://webkul.com\" target=\"_blank\" class=\"unset\" rel=\"noopener noreferrer\"><i class=\"fs24 within-circle rango-pintrest\" title=\"Pinterest\"></i> </a> <a href=\"https://webkul.com\" target=\"_blank\" class=\"unset\" rel=\"noopener noreferrer\"><i class=\"fs24 within-circle rango-youtube\" title=\"Youtube\"></i> </a> <a href=\"https://webkul.com\" target=\"_blank\" class=\"unset\" rel=\"noopener noreferrer\"><i class=\"fs24 within-circle rango-instagram\" title=\"instagram\"></i></a></div>',	NULL,	'2020-03-26 17:30:06',	NULL,	'<div class=\"row col-12 remove-padding-margin\">\r\n<div class=\"col-lg-4 col-sm-12 product-policy-wrapper\">\r\n<div class=\"card\">\r\n<div class=\"policy\">\r\n<div class=\"left\"><i class=\"rango-van-ship fs40\"></i></div>\r\n<div class=\"right\"><span class=\"font-setting fs20\">Free Shipping on Order $20 or More</span></div>\r\n</div>\r\n</div>\r\n</div>\r\n<div class=\"col-lg-4 col-sm-12 product-policy-wrapper\">\r\n<div class=\"card\">\r\n<div class=\"policy\">\r\n<div class=\"left\"><i class=\"rango-exchnage fs40\"></i></div>\r\n<div class=\"right\"><span class=\"font-setting fs20\">Product Replace &amp; Return Available </span></div>\r\n</div>\r\n</div>\r\n</div>\r\n<div class=\"col-lg-4 col-sm-12 product-policy-wrapper\">\r\n<div class=\"card\">\r\n<div class=\"policy\">\r\n<div class=\"left\"><i class=\"rango-exchnage fs40\"></i></div>\r\n<div class=\"right\"><span class=\"font-setting fs20\">Product Exchange and EMI Available </span></div>\r\n</div>\r\n</div>\r\n</div>\r\n</div>');

DROP TABLE IF EXISTS `wishlist`;
CREATE TABLE `wishlist` (
  `id` int(10) unsigned NOT NULL AUTO_INCREMENT,
  `channel_id` int(10) unsigned NOT NULL,
  `product_id` int(10) unsigned NOT NULL,
  `customer_id` int(10) unsigned NOT NULL,
  `item_options` json DEFAULT NULL,
  `moved_to_cart` date DEFAULT NULL,
  `shared` tinyint(1) DEFAULT NULL,
  `time_of_moving` date DEFAULT NULL,
  `created_at` timestamp NULL DEFAULT NULL,
  `updated_at` timestamp NULL DEFAULT NULL,
  `additional` json DEFAULT NULL,
  PRIMARY KEY (`id`),
  KEY `wishlist_channel_id_foreign` (`channel_id`),
  KEY `wishlist_product_id_foreign` (`product_id`),
  KEY `wishlist_customer_id_foreign` (`customer_id`),
  CONSTRAINT `wishlist_channel_id_foreign` FOREIGN KEY (`channel_id`) REFERENCES `channels` (`id`) ON DELETE CASCADE,
  CONSTRAINT `wishlist_customer_id_foreign` FOREIGN KEY (`customer_id`) REFERENCES `customers` (`id`) ON DELETE CASCADE,
  CONSTRAINT `wishlist_product_id_foreign` FOREIGN KEY (`product_id`) REFERENCES `products` (`id`) ON DELETE CASCADE
) ENGINE=InnoDB DEFAULT CHARSET=utf8mb4 COLLATE=utf8mb4_unicode_ci ROW_FORMAT=DYNAMIC;

INSERT INTO `wishlist` (`id`, `channel_id`, `product_id`, `customer_id`, `item_options`, `moved_to_cart`, `shared`, `time_of_moving`, `created_at`, `updated_at`, `additional`) VALUES
(1,	1,	4,	1,	NULL,	NULL,	NULL,	NULL,	'2020-03-23 15:46:21',	'2020-03-23 15:46:21',	NULL),
(4,	1,	9,	15,	NULL,	NULL,	NULL,	NULL,	'2020-04-03 15:37:42',	'2020-04-03 15:37:42',	NULL),
(7,	1,	8,	23,	NULL,	NULL,	NULL,	NULL,	'2020-04-10 13:19:40',	'2020-04-10 13:19:40',	NULL),
(8,	1,	1,	24,	NULL,	NULL,	NULL,	NULL,	'2020-04-10 16:28:43',	'2020-04-10 16:28:43',	NULL),
(9,	1,	65,	24,	NULL,	NULL,	NULL,	NULL,	'2020-05-11 16:55:25',	'2020-05-11 16:55:25',	NULL);

-- 2020-05-12 15:26:08
